2025.10.07 23:43:30 INFO  Started: Metals version 1.6.2 in folders '/home/alex/IdeaProjects/ILang' for client VSCodium 1.99.12392.
Oct 08, 2025 12:33:55 AM org.eclipse.lsp4j.jsonrpc.services.GenericEndpoint notify
INFO: Unsupported notification method: $/setTrace
2025.10.08 00:37:41 INFO  no build target found for /home/alex/IdeaProjects/ILang/src/main/scala/parser/parsers/ParserState.scala. Using presentation compiler with project's scala-library version: 3.3.6
2025.10.08 00:37:43 INFO  no build target found for /home/alex/IdeaProjects/ILang/src/main/scala/parser/parsers/ParserState.scala. Using presentation compiler with project's scala-library version: 3.3.6
Oct 08, 2025 12:37:43 AM org.eclipse.lsp4j.jsonrpc.RemoteEndpoint handleCancellation
WARNING: Unmatched cancel notification for request id 8
Oct 08, 2025 12:37:43 AM org.eclipse.lsp4j.jsonrpc.RemoteEndpoint handleCancellation
WARNING: Unmatched cancel notification for request id 5
2025.10.08 00:37:43 INFO  no build target found for /home/alex/IdeaProjects/ILang/src/main/scala/parser/parsers/ParserState.scala. Using presentation compiler with project's scala-library version: 3.3.6
Oct 08, 2025 12:37:43 AM org.eclipse.lsp4j.jsonrpc.RemoteEndpoint handleCancellation
WARNING: Unmatched cancel notification for request id 7
2025.10.08 00:37:43 INFO  no build target found for /home/alex/IdeaProjects/ILang/src/main/scala/parser/parsers/Parser.scala. Using presentation compiler with project's scala-library version: 3.3.6
2025.10.08 00:37:43 INFO  no build target found for /home/alex/IdeaProjects/ILang/src/main/scala/parser/parsers/Parser.scala. Using presentation compiler with project's scala-library version: 3.3.6
2025.10.08 00:37:43 INFO  no build target found for /home/alex/IdeaProjects/ILang/src/main/scala/parser/parsers/Parser.scala. Using presentation compiler with project's scala-library version: 3.3.6
2025.10.08 00:46:06 INFO  no build target found for /home/alex/IdeaProjects/ILang/src/main/scala/parser/parsers/Parser.scala. Using presentation compiler with project's scala-library version: 3.3.6
2025.10.08 00:46:06 INFO  no build target found for /home/alex/IdeaProjects/ILang/src/main/scala/parser/parsers/ParserCombinators.scala. Using presentation compiler with project's scala-library version: 3.3.6
2025.10.08 00:46:06 WARN  Could not find semantic tokens for: file:///home/alex/IdeaProjects/ILang/src/main/scala/parser/parsers/ParserCombinators.scala
2025.10.08 00:46:06 INFO  no build target found for /home/alex/IdeaProjects/ILang/src/main/scala/parser/parsers/ParserCombinators.scala. Using presentation compiler with project's scala-library version: 3.3.6
2025.10.08 00:46:06 INFO  no build target found for /home/alex/IdeaProjects/ILang/src/main/scala/parser/parsers/ParserCombinators.scala. Using presentation compiler with project's scala-library version: 3.3.6
2025.10.08 00:46:06 INFO  no build target found for /home/alex/IdeaProjects/ILang/src/main/scala/parser/parsers/ParserCombinators.scala. Using presentation compiler with project's scala-library version: 3.3.6
2025.10.08 00:46:06 INFO  no build target found for /home/alex/IdeaProjects/ILang/src/main/scala/parser/parsers/ParserCombinators.scala. Using presentation compiler with project's scala-library version: 3.3.6
2025.10.08 00:46:06 INFO  no build target found for /home/alex/IdeaProjects/ILang/src/main/scala/parser/parsers/ParserCombinators.scala. Using presentation compiler with project's scala-library version: 3.3.6
2025.10.08 00:46:06 INFO  no build target found for /home/alex/IdeaProjects/ILang/src/main/scala/parser/parsers/ParserCombinators.scala. Using presentation compiler with project's scala-library version: 3.3.6
2025.10.08 00:46:07 INFO  no build target found for /home/alex/IdeaProjects/ILang/src/main/scala/parser/parsers/ParserCombinators.scala. Using presentation compiler with project's scala-library version: 3.3.6
2025.10.08 00:46:07 INFO  no build target found for /home/alex/IdeaProjects/ILang/src/main/scala/parser/parsers/ParserCombinators.scala. Using presentation compiler with project's scala-library version: 3.3.6
2025.10.08 00:46:07 INFO  no build target found for /home/alex/IdeaProjects/ILang/src/main/scala/parser/parsers/ParserCombinators.scala. Using presentation compiler with project's scala-library version: 3.3.6
2025.10.08 00:46:07 INFO  no build target found for /home/alex/IdeaProjects/ILang/src/main/scala/parser/parsers/ParserCombinators.scala. Using presentation compiler with project's scala-library version: 3.3.6
2025.10.08 00:46:08 INFO  no build target found for /home/alex/IdeaProjects/ILang/src/main/scala/parser/parsers/ParserCombinators.scala. Using presentation compiler with project's scala-library version: 3.3.6
2025.10.08 00:46:09 INFO  no build target found for /home/alex/IdeaProjects/ILang/src/main/scala/parser/parsers/ParserCombinators.scala. Using presentation compiler with project's scala-library version: 3.3.6
2025.10.08 00:46:09 INFO  no build target found for /home/alex/IdeaProjects/ILang/src/main/scala/parser/parsers/ParserCombinators.scala. Using presentation compiler with project's scala-library version: 3.3.6
2025.10.08 00:46:09 INFO  no build target found for /home/alex/IdeaProjects/ILang/src/main/scala/parser/parsers/ParserCombinators.scala. Using presentation compiler with project's scala-library version: 3.3.6
2025.10.08 00:46:09 INFO  no build target found for /home/alex/IdeaProjects/ILang/src/main/scala/parser/parsers/ParserCombinators.scala. Using presentation compiler with project's scala-library version: 3.3.6
2025.10.08 00:46:09 INFO  no build target found for /home/alex/IdeaProjects/ILang/src/main/scala/parser/parsers/ParserCombinators.scala. Using presentation compiler with project's scala-library version: 3.3.6
2025.10.08 00:46:08 INFO  no build target found for /home/alex/IdeaProjects/ILang/src/main/scala/parser/parsers/ParserCombinators.scala. Using presentation compiler with project's scala-library version: 3.3.6
2025.10.08 00:46:09 INFO  no build target found for /home/alex/IdeaProjects/ILang/src/main/scala/parser/parsers/ParserCombinators.scala. Using presentation compiler with project's scala-library version: 3.3.6
2025.10.08 00:46:09 INFO  no build target found for /home/alex/IdeaProjects/ILang/src/main/scala/parser/parsers/ParserCombinators.scala. Using presentation compiler with project's scala-library version: 3.3.6
2025.10.08 00:46:09 INFO  no build target found for /home/alex/IdeaProjects/ILang/src/main/scala/parser/parsers/ParserCombinators.scala. Using presentation compiler with project's scala-library version: 3.3.6
2025.10.08 00:46:10 INFO  no build target found for /home/alex/IdeaProjects/ILang/src/main/scala/parser/parsers/ParserCombinators.scala. Using presentation compiler with project's scala-library version: 3.3.6
2025.10.08 00:46:10 INFO  no build target found for /home/alex/IdeaProjects/ILang/src/main/scala/parser/parsers/ParserCombinators.scala. Using presentation compiler with project's scala-library version: 3.3.6
2025.10.08 00:46:10 INFO  no build target found for /home/alex/IdeaProjects/ILang/src/main/scala/parser/parsers/ParserCombinators.scala. Using presentation compiler with project's scala-library version: 3.3.6
2025.10.08 00:46:10 INFO  no build target found for /home/alex/IdeaProjects/ILang/src/main/scala/parser/parsers/ParserCombinators.scala. Using presentation compiler with project's scala-library version: 3.3.6
2025.10.08 00:46:10 INFO  no build target found for /home/alex/IdeaProjects/ILang/src/main/scala/parser/parsers/ParserCombinators.scala. Using presentation compiler with project's scala-library version: 3.3.6
2025.10.08 00:46:10 INFO  no build target found for /home/alex/IdeaProjects/ILang/src/main/scala/parser/parsers/ParserCombinators.scala. Using presentation compiler with project's scala-library version: 3.3.6
2025.10.08 00:46:10 INFO  no build target found for /home/alex/IdeaProjects/ILang/src/main/scala/parser/parsers/ParserCombinators.scala. Using presentation compiler with project's scala-library version: 3.3.6
2025.10.08 00:46:11 INFO  no build target found for /home/alex/IdeaProjects/ILang/src/main/scala/parser/parsers/ParserCombinators.scala. Using presentation compiler with project's scala-library version: 3.3.6
2025.10.08 00:46:11 INFO  no build target found for /home/alex/IdeaProjects/ILang/src/main/scala/parser/parsers/ParserCombinators.scala. Using presentation compiler with project's scala-library version: 3.3.6
2025.10.08 00:46:11 INFO  no build target found for /home/alex/IdeaProjects/ILang/src/main/scala/parser/parsers/ParserCombinators.scala. Using presentation compiler with project's scala-library version: 3.3.6
2025.10.08 00:46:11 INFO  no build target found for /home/alex/IdeaProjects/ILang/src/main/scala/parser/parsers/ParserCombinators.scala. Using presentation compiler with project's scala-library version: 3.3.6
2025.10.08 00:46:11 INFO  no build target found for /home/alex/IdeaProjects/ILang/src/main/scala/parser/parsers/ParserCombinators.scala. Using presentation compiler with project's scala-library version: 3.3.6
2025.10.08 00:46:11 INFO  no build target found for /home/alex/IdeaProjects/ILang/src/main/scala/parser/parsers/ParserCombinators.scala. Using presentation compiler with project's scala-library version: 3.3.6
2025.10.08 00:46:11 INFO  no build target found for /home/alex/IdeaProjects/ILang/src/main/scala/parser/parsers/ParserCombinators.scala. Using presentation compiler with project's scala-library version: 3.3.6
2025.10.08 00:46:11 INFO  no build target found for /home/alex/IdeaProjects/ILang/src/main/scala/parser/parsers/ParserCombinators.scala. Using presentation compiler with project's scala-library version: 3.3.6
2025.10.08 00:46:12 INFO  no build target found for /home/alex/IdeaProjects/ILang/src/main/scala/parser/parsers/ParserCombinators.scala. Using presentation compiler with project's scala-library version: 3.3.6
2025.10.08 00:46:12 INFO  no build target found for /home/alex/IdeaProjects/ILang/src/main/scala/parser/parsers/ParserCombinators.scala. Using presentation compiler with project's scala-library version: 3.3.6
2025.10.08 00:46:12 INFO  no build target found for /home/alex/IdeaProjects/ILang/src/main/scala/parser/parsers/ParserCombinators.scala. Using presentation compiler with project's scala-library version: 3.3.6
2025.10.08 00:46:13 INFO  no build target found for /home/alex/IdeaProjects/ILang/src/main/scala/parser/parsers/ParserCombinators.scala. Using presentation compiler with project's scala-library version: 3.3.6
2025.10.08 00:46:12 INFO  no build target found for /home/alex/IdeaProjects/ILang/src/main/scala/parser/parsers/ParserCombinators.scala. Using presentation compiler with project's scala-library version: 3.3.6
2025.10.08 00:46:12 INFO  no build target found for /home/alex/IdeaProjects/ILang/src/main/scala/parser/parsers/ParserCombinators.scala. Using presentation compiler with project's scala-library version: 3.3.6
2025.10.08 00:46:13 INFO  no build target found for /home/alex/IdeaProjects/ILang/src/main/scala/parser/parsers/ParserCombinators.scala. Using presentation compiler with project's scala-library version: 3.3.6
2025.10.08 00:46:12 INFO  no build target found for /home/alex/IdeaProjects/ILang/src/main/scala/parser/parsers/ParserCombinators.scala. Using presentation compiler with project's scala-library version: 3.3.6
2025.10.08 00:46:12 INFO  no build target found for /home/alex/IdeaProjects/ILang/src/main/scala/parser/parsers/ParserCombinators.scala. Using presentation compiler with project's scala-library version: 3.3.6
2025.10.08 00:46:13 INFO  no build target found for /home/alex/IdeaProjects/ILang/src/main/scala/parser/parsers/ParserCombinators.scala. Using presentation compiler with project's scala-library version: 3.3.6
2025.10.08 00:46:14 INFO  no build target found for /home/alex/IdeaProjects/ILang/src/main/scala/parser/parsers/ParserCombinators.scala. Using presentation compiler with project's scala-library version: 3.3.6
2025.10.08 00:46:14 INFO  no build target found for /home/alex/IdeaProjects/ILang/src/main/scala/parser/parsers/ParserCombinators.scala. Using presentation compiler with project's scala-library version: 3.3.6
2025.10.08 00:46:13 INFO  no build target found for /home/alex/IdeaProjects/ILang/src/main/scala/parser/parsers/ParserCombinators.scala. Using presentation compiler with project's scala-library version: 3.3.6
2025.10.08 00:46:14 INFO  no build target found for /home/alex/IdeaProjects/ILang/src/main/scala/parser/parsers/ParserCombinators.scala. Using presentation compiler with project's scala-library version: 3.3.6
2025.10.08 00:46:14 INFO  no build target found for /home/alex/IdeaProjects/ILang/src/main/scala/parser/parsers/ParserCombinators.scala. Using presentation compiler with project's scala-library version: 3.3.6
2025.10.08 00:46:14 INFO  no build target found for /home/alex/IdeaProjects/ILang/src/main/scala/parser/parsers/ParserCombinators.scala. Using presentation compiler with project's scala-library version: 3.3.6
2025.10.08 00:46:14 INFO  no build target found for /home/alex/IdeaProjects/ILang/src/main/scala/parser/parsers/ParserCombinators.scala. Using presentation compiler with project's scala-library version: 3.3.6
2025.10.08 00:46:14 INFO  no build target found for /home/alex/IdeaProjects/ILang/src/main/scala/parser/parsers/ParserCombinators.scala. Using presentation compiler with project's scala-library version: 3.3.6
2025.10.08 00:46:14 INFO  no build target found for /home/alex/IdeaProjects/ILang/src/main/scala/parser/parsers/ParserCombinators.scala. Using presentation compiler with project's scala-library version: 3.3.6
2025.10.08 00:46:15 INFO  no build target found for /home/alex/IdeaProjects/ILang/src/main/scala/parser/parsers/ParserCombinators.scala. Using presentation compiler with project's scala-library version: 3.3.6
2025.10.08 00:46:15 INFO  no build target found for /home/alex/IdeaProjects/ILang/src/main/scala/parser/parsers/ParserCombinators.scala. Using presentation compiler with project's scala-library version: 3.3.6
2025.10.08 00:46:15 INFO  no build target found for /home/alex/IdeaProjects/ILang/src/main/scala/parser/parsers/ParserCombinators.scala. Using presentation compiler with project's scala-library version: 3.3.6
2025.10.08 00:46:15 INFO  no build target found for /home/alex/IdeaProjects/ILang/src/main/scala/parser/parsers/ParserCombinators.scala. Using presentation compiler with project's scala-library version: 3.3.6
2025.10.08 00:46:15 INFO  no build target found for /home/alex/IdeaProjects/ILang/src/main/scala/parser/parsers/ParserCombinators.scala. Using presentation compiler with project's scala-library version: 3.3.6
2025.10.08 00:46:15 INFO  no build target found for /home/alex/IdeaProjects/ILang/src/main/scala/parser/parsers/ParserCombinators.scala. Using presentation compiler with project's scala-library version: 3.3.6
2025.10.08 00:46:15 INFO  no build target found for /home/alex/IdeaProjects/ILang/src/main/scala/parser/parsers/ParserCombinators.scala. Using presentation compiler with project's scala-library version: 3.3.6
2025.10.08 00:46:15 INFO  no build target found for /home/alex/IdeaProjects/ILang/src/main/scala/parser/parsers/ParserCombinators.scala. Using presentation compiler with project's scala-library version: 3.3.6
2025.10.08 00:46:15 INFO  no build target found for /home/alex/IdeaProjects/ILang/src/main/scala/parser/parsers/ParserCombinators.scala. Using presentation compiler with project's scala-library version: 3.3.6
2025.10.08 00:46:16 INFO  no build target found for /home/alex/IdeaProjects/ILang/src/main/scala/parser/parsers/ParserCombinators.scala. Using presentation compiler with project's scala-library version: 3.3.6
2025.10.08 00:46:15 INFO  no build target found for /home/alex/IdeaProjects/ILang/src/main/scala/parser/parsers/ParserCombinators.scala. Using presentation compiler with project's scala-library version: 3.3.6
2025.10.08 00:46:16 INFO  no build target found for /home/alex/IdeaProjects/ILang/src/main/scala/parser/parsers/ParserCombinators.scala. Using presentation compiler with project's scala-library version: 3.3.6
2025.10.08 00:46:16 INFO  no build target found for /home/alex/IdeaProjects/ILang/src/main/scala/parser/parsers/ParserCombinators.scala. Using presentation compiler with project's scala-library version: 3.3.6
2025.10.08 00:46:15 INFO  no build target found for /home/alex/IdeaProjects/ILang/src/main/scala/parser/parsers/ParserCombinators.scala. Using presentation compiler with project's scala-library version: 3.3.6
2025.10.08 00:46:16 INFO  no build target found for /home/alex/IdeaProjects/ILang/src/main/scala/parser/parsers/ParserCombinators.scala. Using presentation compiler with project's scala-library version: 3.3.6
2025.10.08 00:46:16 INFO  no build target found for /home/alex/IdeaProjects/ILang/src/main/scala/parser/parsers/ParserCombinators.scala. Using presentation compiler with project's scala-library version: 3.3.6
2025.10.08 00:46:17 INFO  no build target found for /home/alex/IdeaProjects/ILang/src/main/scala/parser/parsers/ParserCombinators.scala. Using presentation compiler with project's scala-library version: 3.3.6
2025.10.08 00:46:16 INFO  no build target found for /home/alex/IdeaProjects/ILang/src/main/scala/parser/parsers/ParserCombinators.scala. Using presentation compiler with project's scala-library version: 3.3.6
2025.10.08 00:46:17 INFO  no build target found for /home/alex/IdeaProjects/ILang/src/main/scala/parser/parsers/ParserCombinators.scala. Using presentation compiler with project's scala-library version: 3.3.6
2025.10.08 00:46:17 INFO  no build target found for /home/alex/IdeaProjects/ILang/src/main/scala/parser/parsers/ParserCombinators.scala. Using presentation compiler with project's scala-library version: 3.3.6
2025.10.08 00:46:17 INFO  no build target found for /home/alex/IdeaProjects/ILang/src/main/scala/parser/parsers/ParserCombinators.scala. Using presentation compiler with project's scala-library version: 3.3.6
2025.10.08 00:46:17 INFO  no build target found for /home/alex/IdeaProjects/ILang/src/main/scala/parser/parsers/ParserCombinators.scala. Using presentation compiler with project's scala-library version: 3.3.6
2025.10.08 00:46:17 INFO  no build target found for /home/alex/IdeaProjects/ILang/src/main/scala/parser/parsers/ParserCombinators.scala. Using presentation compiler with project's scala-library version: 3.3.6
2025.10.08 00:46:17 INFO  no build target found for /home/alex/IdeaProjects/ILang/src/main/scala/parser/parsers/ParserCombinators.scala. Using presentation compiler with project's scala-library version: 3.3.6
2025.10.08 00:46:17 INFO  no build target found for /home/alex/IdeaProjects/ILang/src/main/scala/parser/parsers/ParserCombinators.scala. Using presentation compiler with project's scala-library version: 3.3.6
2025.10.08 00:46:18 INFO  no build target found for /home/alex/IdeaProjects/ILang/src/main/scala/parser/parsers/ParserCombinators.scala. Using presentation compiler with project's scala-library version: 3.3.6
2025.10.08 00:46:18 INFO  no build target found for /home/alex/IdeaProjects/ILang/src/main/scala/parser/parsers/ParserCombinators.scala. Using presentation compiler with project's scala-library version: 3.3.6
2025.10.08 00:46:18 INFO  no build target found for /home/alex/IdeaProjects/ILang/src/main/scala/parser/parsers/ParserCombinators.scala. Using presentation compiler with project's scala-library version: 3.3.6
2025.10.08 00:46:18 INFO  no build target found for /home/alex/IdeaProjects/ILang/src/main/scala/parser/parsers/ParserCombinators.scala. Using presentation compiler with project's scala-library version: 3.3.6
2025.10.08 00:46:18 INFO  no build target found for /home/alex/IdeaProjects/ILang/src/main/scala/parser/parsers/ParserCombinators.scala. Using presentation compiler with project's scala-library version: 3.3.6
2025.10.08 00:46:18 INFO  no build target found for /home/alex/IdeaProjects/ILang/src/main/scala/parser/parsers/ParserCombinators.scala. Using presentation compiler with project's scala-library version: 3.3.6
2025.10.08 00:46:19 INFO  no build target found for /home/alex/IdeaProjects/ILang/src/main/scala/parser/parsers/ParserCombinators.scala. Using presentation compiler with project's scala-library version: 3.3.6
2025.10.08 00:46:20 INFO  no build target found for /home/alex/IdeaProjects/ILang/src/main/scala/parser/parsers/ParserCombinators.scala. Using presentation compiler with project's scala-library version: 3.3.6
2025.10.08 00:46:20 INFO  no build target found for /home/alex/IdeaProjects/ILang/src/main/scala/parser/parsers/ParserCombinators.scala. Using presentation compiler with project's scala-library version: 3.3.6
2025.10.08 00:46:24 INFO  no build target found for /home/alex/IdeaProjects/ILang/src/main/scala/parser/parsers/ParserCombinators.scala. Using presentation compiler with project's scala-library version: 3.3.6
2025.10.08 00:46:24 WARN  no build target for: /home/alex/IdeaProjects/ILang/src/main/scala/parser/parsers/ParserCombinators.scala
2025.10.08 00:46:24 WARN  no build target for: /home/alex/IdeaProjects/ILang/src/main/scala/parser/parsers/ParserCombinators.scala
2025.10.08 00:46:24 INFO  no build target found for /home/alex/IdeaProjects/ILang/src/main/scala/parser/parsers/ParserCombinators.scala. Using presentation compiler with project's scala-library version: 3.3.6
2025.10.08 00:46:24 INFO  no build target found for /home/alex/IdeaProjects/ILang/src/main/scala/parser/parsers/ParserCombinators.scala. Using presentation compiler with project's scala-library version: 3.3.6
2025.10.08 00:46:31 INFO  no build target found for /home/alex/IdeaProjects/ILang/src/main/scala/parser/parsers/TypeParser.scala. Using presentation compiler with project's scala-library version: 3.3.6
2025.10.08 00:46:31 WARN  Could not find semantic tokens for: file:///home/alex/IdeaProjects/ILang/src/main/scala/parser/parsers/TypeParser.scala
2025.10.08 00:46:31 INFO  no build target found for /home/alex/IdeaProjects/ILang/src/main/scala/parser/parsers/TypeParser.scala. Using presentation compiler with project's scala-library version: 3.3.6
2025.10.08 00:46:31 INFO  no build target found for /home/alex/IdeaProjects/ILang/src/main/scala/parser/parsers/TypeParser.scala. Using presentation compiler with project's scala-library version: 3.3.6
2025.10.08 00:46:31 INFO  no build target found for /home/alex/IdeaProjects/ILang/src/main/scala/parser/parsers/TypeParser.scala. Using presentation compiler with project's scala-library version: 3.3.6
2025.10.08 00:46:31 INFO  no build target found for /home/alex/IdeaProjects/ILang/src/main/scala/parser/parsers/TypeParser.scala. Using presentation compiler with project's scala-library version: 3.3.6
2025.10.08 00:46:31 INFO  no build target found for /home/alex/IdeaProjects/ILang/src/main/scala/parser/parsers/TypeParser.scala. Using presentation compiler with project's scala-library version: 3.3.6
2025.10.08 00:46:31 INFO  no build target found for /home/alex/IdeaProjects/ILang/src/main/scala/parser/parsers/TypeParser.scala. Using presentation compiler with project's scala-library version: 3.3.6
2025.10.08 00:46:31 INFO  no build target found for /home/alex/IdeaProjects/ILang/src/main/scala/parser/parsers/TypeParser.scala. Using presentation compiler with project's scala-library version: 3.3.6
2025.10.08 00:46:32 INFO  no build target found for /home/alex/IdeaProjects/ILang/src/main/scala/parser/parsers/TypeParser.scala. Using presentation compiler with project's scala-library version: 3.3.6
2025.10.08 00:46:31 INFO  no build target found for /home/alex/IdeaProjects/ILang/src/main/scala/parser/parsers/TypeParser.scala. Using presentation compiler with project's scala-library version: 3.3.6
2025.10.08 00:46:32 INFO  no build target found for /home/alex/IdeaProjects/ILang/src/main/scala/parser/parsers/TypeParser.scala. Using presentation compiler with project's scala-library version: 3.3.6
2025.10.08 00:46:32 INFO  no build target found for /home/alex/IdeaProjects/ILang/src/main/scala/parser/parsers/TypeParser.scala. Using presentation compiler with project's scala-library version: 3.3.6
2025.10.08 00:46:32 INFO  no build target found for /home/alex/IdeaProjects/ILang/src/main/scala/parser/parsers/TypeParser.scala. Using presentation compiler with project's scala-library version: 3.3.6
2025.10.08 00:46:32 INFO  no build target found for /home/alex/IdeaProjects/ILang/src/main/scala/parser/parsers/TypeParser.scala. Using presentation compiler with project's scala-library version: 3.3.6
2025.10.08 00:46:33 INFO  no build target found for /home/alex/IdeaProjects/ILang/src/main/scala/parser/parsers/TypeParser.scala. Using presentation compiler with project's scala-library version: 3.3.6
2025.10.08 00:46:32 INFO  no build target found for /home/alex/IdeaProjects/ILang/src/main/scala/parser/parsers/TypeParser.scala. Using presentation compiler with project's scala-library version: 3.3.6
2025.10.08 00:46:32 INFO  no build target found for /home/alex/IdeaProjects/ILang/src/main/scala/parser/parsers/TypeParser.scala. Using presentation compiler with project's scala-library version: 3.3.6
2025.10.08 00:46:33 INFO  no build target found for /home/alex/IdeaProjects/ILang/src/main/scala/parser/parsers/TypeParser.scala. Using presentation compiler with project's scala-library version: 3.3.6
2025.10.08 00:46:32 INFO  no build target found for /home/alex/IdeaProjects/ILang/src/main/scala/parser/parsers/TypeParser.scala. Using presentation compiler with project's scala-library version: 3.3.6
2025.10.08 00:46:33 INFO  no build target found for /home/alex/IdeaProjects/ILang/src/main/scala/parser/parsers/TypeParser.scala. Using presentation compiler with project's scala-library version: 3.3.6
2025.10.08 00:46:33 INFO  no build target found for /home/alex/IdeaProjects/ILang/src/main/scala/parser/parsers/TypeParser.scala. Using presentation compiler with project's scala-library version: 3.3.6
2025.10.08 00:46:33 INFO  no build target found for /home/alex/IdeaProjects/ILang/src/main/scala/parser/parsers/TypeParser.scala. Using presentation compiler with project's scala-library version: 3.3.6
2025.10.08 00:46:33 INFO  no build target found for /home/alex/IdeaProjects/ILang/src/main/scala/parser/parsers/TypeParser.scala. Using presentation compiler with project's scala-library version: 3.3.6
2025.10.08 00:46:33 INFO  no build target found for /home/alex/IdeaProjects/ILang/src/main/scala/parser/parsers/TypeParser.scala. Using presentation compiler with project's scala-library version: 3.3.6
2025.10.08 00:46:33 INFO  no build target found for /home/alex/IdeaProjects/ILang/src/main/scala/parser/parsers/TypeParser.scala. Using presentation compiler with project's scala-library version: 3.3.6
2025.10.08 00:46:34 INFO  no build target found for /home/alex/IdeaProjects/ILang/src/main/scala/parser/parsers/TypeParser.scala. Using presentation compiler with project's scala-library version: 3.3.6
2025.10.08 00:46:34 INFO  no build target found for /home/alex/IdeaProjects/ILang/src/main/scala/parser/parsers/TypeParser.scala. Using presentation compiler with project's scala-library version: 3.3.6
2025.10.08 00:46:35 INFO  no build target found for /home/alex/IdeaProjects/ILang/src/main/scala/parser/parsers/TypeParser.scala. Using presentation compiler with project's scala-library version: 3.3.6
2025.10.08 00:46:34 INFO  no build target found for /home/alex/IdeaProjects/ILang/src/main/scala/parser/parsers/TypeParser.scala. Using presentation compiler with project's scala-library version: 3.3.6
2025.10.08 00:46:35 INFO  no build target found for /home/alex/IdeaProjects/ILang/src/main/scala/parser/parsers/TypeParser.scala. Using presentation compiler with project's scala-library version: 3.3.6
2025.10.08 00:46:34 INFO  no build target found for /home/alex/IdeaProjects/ILang/src/main/scala/parser/parsers/TypeParser.scala. Using presentation compiler with project's scala-library version: 3.3.6
2025.10.08 00:46:34 INFO  no build target found for /home/alex/IdeaProjects/ILang/src/main/scala/parser/parsers/TypeParser.scala. Using presentation compiler with project's scala-library version: 3.3.6
2025.10.08 00:46:36 INFO  no build target found for /home/alex/IdeaProjects/ILang/src/main/scala/parser/parsers/TypeParser.scala. Using presentation compiler with project's scala-library version: 3.3.6
2025.10.08 00:46:36 INFO  no build target found for /home/alex/IdeaProjects/ILang/src/main/scala/parser/parsers/TypeParser.scala. Using presentation compiler with project's scala-library version: 3.3.6
2025.10.08 00:46:36 INFO  no build target found for /home/alex/IdeaProjects/ILang/src/main/scala/parser/parsers/TypeParser.scala. Using presentation compiler with project's scala-library version: 3.3.6
2025.10.08 00:46:36 INFO  no build target found for /home/alex/IdeaProjects/ILang/src/main/scala/parser/parsers/TypeParser.scala. Using presentation compiler with project's scala-library version: 3.3.6
2025.10.08 00:46:36 INFO  no build target found for /home/alex/IdeaProjects/ILang/src/main/scala/parser/parsers/TypeParser.scala. Using presentation compiler with project's scala-library version: 3.3.6
2025.10.08 00:46:36 INFO  no build target found for /home/alex/IdeaProjects/ILang/src/main/scala/parser/parsers/TypeParser.scala. Using presentation compiler with project's scala-library version: 3.3.6
2025.10.08 00:46:36 INFO  no build target found for /home/alex/IdeaProjects/ILang/src/main/scala/parser/parsers/TypeParser.scala. Using presentation compiler with project's scala-library version: 3.3.6
2025.10.08 00:46:36 INFO  no build target found for /home/alex/IdeaProjects/ILang/src/main/scala/parser/parsers/TypeParser.scala. Using presentation compiler with project's scala-library version: 3.3.6
2025.10.08 00:46:36 INFO  no build target found for /home/alex/IdeaProjects/ILang/src/main/scala/parser/parsers/TypeParser.scala. Using presentation compiler with project's scala-library version: 3.3.6
2025.10.08 00:46:36 INFO  no build target found for /home/alex/IdeaProjects/ILang/src/main/scala/parser/parsers/TypeParser.scala. Using presentation compiler with project's scala-library version: 3.3.6
2025.10.08 00:46:36 INFO  no build target found for /home/alex/IdeaProjects/ILang/src/main/scala/parser/parsers/TypeParser.scala. Using presentation compiler with project's scala-library version: 3.3.6
2025.10.08 00:46:36 INFO  no build target found for /home/alex/IdeaProjects/ILang/src/main/scala/parser/parsers/TypeParser.scala. Using presentation compiler with project's scala-library version: 3.3.6
2025.10.08 00:46:36 INFO  no build target found for /home/alex/IdeaProjects/ILang/src/main/scala/parser/parsers/TypeParser.scala. Using presentation compiler with project's scala-library version: 3.3.6
2025.10.08 00:46:37 INFO  no build target found for /home/alex/IdeaProjects/ILang/src/main/scala/parser/parsers/TypeParser.scala. Using presentation compiler with project's scala-library version: 3.3.6
2025.10.08 00:46:37 INFO  no build target found for /home/alex/IdeaProjects/ILang/src/main/scala/parser/parsers/TypeParser.scala. Using presentation compiler with project's scala-library version: 3.3.6
2025.10.08 00:46:37 INFO  no build target found for /home/alex/IdeaProjects/ILang/src/main/scala/parser/parsers/TypeParser.scala. Using presentation compiler with project's scala-library version: 3.3.6
2025.10.08 00:46:37 INFO  no build target found for /home/alex/IdeaProjects/ILang/src/main/scala/parser/parsers/TypeParser.scala. Using presentation compiler with project's scala-library version: 3.3.6
2025.10.08 00:46:37 INFO  no build target found for /home/alex/IdeaProjects/ILang/src/main/scala/parser/parsers/TypeParser.scala. Using presentation compiler with project's scala-library version: 3.3.6
2025.10.08 00:46:37 INFO  no build target found for /home/alex/IdeaProjects/ILang/src/main/scala/parser/parsers/TypeParser.scala. Using presentation compiler with project's scala-library version: 3.3.6
2025.10.08 00:46:37 INFO  no build target found for /home/alex/IdeaProjects/ILang/src/main/scala/parser/parsers/TypeParser.scala. Using presentation compiler with project's scala-library version: 3.3.6
2025.10.08 00:46:39 INFO  no build target found for /home/alex/IdeaProjects/ILang/src/main/scala/parser/parsers/TypeParser.scala. Using presentation compiler with project's scala-library version: 3.3.6
2025.10.08 00:46:39 INFO  no build target found for /home/alex/IdeaProjects/ILang/src/main/scala/parser/parsers/TypeParser.scala. Using presentation compiler with project's scala-library version: 3.3.6
2025.10.08 00:46:43 WARN  no build target for: /home/alex/IdeaProjects/ILang/src/main/scala/parser/parsers/TypeParser.scala
2025.10.08 00:46:43 INFO  no build target found for /home/alex/IdeaProjects/ILang/src/main/scala/parser/parsers/TypeParser.scala. Using presentation compiler with project's scala-library version: 3.3.6
2025.10.08 00:46:43 WARN  no build target for: /home/alex/IdeaProjects/ILang/src/main/scala/parser/parsers/TypeParser.scala
2025.10.08 00:46:43 INFO  no build target found for /home/alex/IdeaProjects/ILang/src/main/scala/parser/parsers/TypeParser.scala. Using presentation compiler with project's scala-library version: 3.3.6
2025.10.08 00:46:43 INFO  no build target found for /home/alex/IdeaProjects/ILang/src/main/scala/parser/parsers/TypeParser.scala. Using presentation compiler with project's scala-library version: 3.3.6
2025.10.08 00:46:51 INFO  no build target found for /home/alex/IdeaProjects/ILang/src/main/scala/parser/parsers/ExpressionParser.scala. Using presentation compiler with project's scala-library version: 3.3.6
2025.10.08 00:46:51 WARN  Could not find semantic tokens for: file:///home/alex/IdeaProjects/ILang/src/main/scala/parser/parsers/ExpressionParser.scala
2025.10.08 00:46:52 INFO  no build target found for /home/alex/IdeaProjects/ILang/src/main/scala/parser/parsers/ExpressionParser.scala. Using presentation compiler with project's scala-library version: 3.3.6
2025.10.08 00:46:52 INFO  no build target found for /home/alex/IdeaProjects/ILang/src/main/scala/parser/parsers/ExpressionParser.scala. Using presentation compiler with project's scala-library version: 3.3.6
2025.10.08 00:46:52 INFO  no build target found for /home/alex/IdeaProjects/ILang/src/main/scala/parser/parsers/ExpressionParser.scala. Using presentation compiler with project's scala-library version: 3.3.6
2025.10.08 00:46:52 INFO  no build target found for /home/alex/IdeaProjects/ILang/src/main/scala/parser/parsers/ExpressionParser.scala. Using presentation compiler with project's scala-library version: 3.3.6
2025.10.08 00:46:53 INFO  no build target found for /home/alex/IdeaProjects/ILang/src/main/scala/parser/parsers/ExpressionParser.scala. Using presentation compiler with project's scala-library version: 3.3.6
2025.10.08 00:46:58 INFO  no build target found for /home/alex/IdeaProjects/ILang/src/main/scala/parser/parsers/ExpressionParser.scala. Using presentation compiler with project's scala-library version: 3.3.6
2025.10.08 00:46:58 INFO  no build target found for /home/alex/IdeaProjects/ILang/src/main/scala/parser/parsers/ExpressionParser.scala. Using presentation compiler with project's scala-library version: 3.3.6
2025.10.08 00:47:02 INFO  no build target found for /home/alex/IdeaProjects/ILang/src/main/scala/parser/parsers/ExpressionParser.scala. Using presentation compiler with project's scala-library version: 3.3.6
2025.10.08 00:47:03 INFO  no build target found for /home/alex/IdeaProjects/ILang/src/main/scala/parser/parsers/ExpressionParser.scala. Using presentation compiler with project's scala-library version: 3.3.6
2025.10.08 00:47:03 INFO  no build target found for /home/alex/IdeaProjects/ILang/src/main/scala/parser/parsers/ExpressionParser.scala. Using presentation compiler with project's scala-library version: 3.3.6
2025.10.08 00:47:08 INFO  no build target found for /home/alex/IdeaProjects/ILang/src/main/scala/parser/parsers/ExpressionParser.scala. Using presentation compiler with project's scala-library version: 3.3.6
2025.10.08 00:47:08 INFO  no build target found for /home/alex/IdeaProjects/ILang/src/main/scala/parser/parsers/ExpressionParser.scala. Using presentation compiler with project's scala-library version: 3.3.6
2025.10.08 00:47:13 INFO  no build target found for /home/alex/IdeaProjects/ILang/src/main/scala/parser/parsers/ExpressionParser.scala. Using presentation compiler with project's scala-library version: 3.3.6
2025.10.08 00:47:13 INFO  no build target found for /home/alex/IdeaProjects/ILang/src/main/scala/parser/parsers/ExpressionParser.scala. Using presentation compiler with project's scala-library version: 3.3.6
2025.10.08 00:47:13 INFO  no build target found for /home/alex/IdeaProjects/ILang/src/main/scala/parser/parsers/ExpressionParser.scala. Using presentation compiler with project's scala-library version: 3.3.6
2025.10.08 00:47:13 INFO  no build target found for /home/alex/IdeaProjects/ILang/src/main/scala/parser/parsers/ExpressionParser.scala. Using presentation compiler with project's scala-library version: 3.3.6
2025.10.08 00:47:18 INFO  no build target found for /home/alex/IdeaProjects/ILang/src/main/scala/parser/parsers/ExpressionParser.scala. Using presentation compiler with project's scala-library version: 3.3.6
2025.10.08 00:47:18 INFO  no build target found for /home/alex/IdeaProjects/ILang/src/main/scala/parser/parsers/ExpressionParser.scala. Using presentation compiler with project's scala-library version: 3.3.6
2025.10.08 00:47:18 INFO  no build target found for /home/alex/IdeaProjects/ILang/src/main/scala/parser/parsers/ExpressionParser.scala. Using presentation compiler with project's scala-library version: 3.3.6
2025.10.08 00:47:23 INFO  no build target found for /home/alex/IdeaProjects/ILang/src/main/scala/parser/parsers/ExpressionParser.scala. Using presentation compiler with project's scala-library version: 3.3.6
2025.10.08 00:47:23 INFO  no build target found for /home/alex/IdeaProjects/ILang/src/main/scala/parser/parsers/ExpressionParser.scala. Using presentation compiler with project's scala-library version: 3.3.6
2025.10.08 00:47:23 INFO  no build target found for /home/alex/IdeaProjects/ILang/src/main/scala/parser/parsers/ExpressionParser.scala. Using presentation compiler with project's scala-library version: 3.3.6
2025.10.08 00:47:26 WARN  no build target for: /home/alex/IdeaProjects/ILang/src/main/scala/parser/parsers/ExpressionParser.scala
2025.10.08 00:47:26 INFO  no build target found for /home/alex/IdeaProjects/ILang/src/main/scala/parser/parsers/ExpressionParser.scala. Using presentation compiler with project's scala-library version: 3.3.6
2025.10.08 00:47:26 WARN  no build target for: /home/alex/IdeaProjects/ILang/src/main/scala/parser/parsers/ExpressionParser.scala
2025.10.08 00:47:26 INFO  no build target found for /home/alex/IdeaProjects/ILang/src/main/scala/parser/parsers/ExpressionParser.scala. Using presentation compiler with project's scala-library version: 3.3.6
2025.10.08 00:47:27 INFO  no build target found for /home/alex/IdeaProjects/ILang/src/main/scala/parser/parsers/ExpressionParser.scala. Using presentation compiler with project's scala-library version: 3.3.6
2025.10.08 00:47:32 INFO  no build target found for /home/alex/IdeaProjects/ILang/src/main/scala/parser/parsers/ExpressionParser.scala. Using presentation compiler with project's scala-library version: 3.3.6
2025.10.08 00:47:32 WARN  no build target for: /home/alex/IdeaProjects/ILang/src/main/scala/parser/parsers/TypeParser.scala
2025.10.08 00:47:32 INFO  no build target found for /home/alex/IdeaProjects/ILang/src/main/scala/parser/parsers/TypeParser.scala. Using presentation compiler with project's scala-library version: 3.3.6
2025.10.08 00:47:32 INFO  no build target found for /home/alex/IdeaProjects/ILang/src/main/scala/parser/parsers/ExpressionParser.scala. Using presentation compiler with project's scala-library version: 3.3.6
2025.10.08 00:47:33 INFO  no build target found for /home/alex/IdeaProjects/ILang/src/main/scala/parser/parsers/ExpressionParser.scala. Using presentation compiler with project's scala-library version: 3.3.6
2025.10.08 00:47:34 INFO  no build target found for /home/alex/IdeaProjects/ILang/src/main/scala/parser/parsers/ExpressionParser.scala. Using presentation compiler with project's scala-library version: 3.3.6
2025.10.08 00:47:34 INFO  no build target found for /home/alex/IdeaProjects/ILang/src/main/scala/parser/parsers/ExpressionParser.scala. Using presentation compiler with project's scala-library version: 3.3.6
2025.10.08 00:47:34 INFO  no build target found for /home/alex/IdeaProjects/ILang/src/main/scala/parser/parsers/ExpressionParser.scala. Using presentation compiler with project's scala-library version: 3.3.6
2025.10.08 00:47:34 INFO  no build target found for /home/alex/IdeaProjects/ILang/src/main/scala/parser/parsers/ExpressionParser.scala. Using presentation compiler with project's scala-library version: 3.3.6
2025.10.08 00:47:34 INFO  no build target found for /home/alex/IdeaProjects/ILang/src/main/scala/parser/parsers/ExpressionParser.scala. Using presentation compiler with project's scala-library version: 3.3.6
2025.10.08 00:47:34 INFO  no build target found for /home/alex/IdeaProjects/ILang/src/main/scala/parser/parsers/ExpressionParser.scala. Using presentation compiler with project's scala-library version: 3.3.6
2025.10.08 00:47:34 INFO  no build target found for /home/alex/IdeaProjects/ILang/src/main/scala/parser/parsers/ExpressionParser.scala. Using presentation compiler with project's scala-library version: 3.3.6
2025.10.08 00:47:40 INFO  no build target found for /home/alex/IdeaProjects/ILang/src/main/scala/parser/parsers/ExpressionParser.scala. Using presentation compiler with project's scala-library version: 3.3.6
2025.10.08 00:47:40 INFO  no build target found for /home/alex/IdeaProjects/ILang/src/main/scala/parser/parsers/ExpressionParser.scala. Using presentation compiler with project's scala-library version: 3.3.6
2025.10.08 00:47:45 INFO  no build target found for /home/alex/IdeaProjects/ILang/src/main/scala/parser/parsers/ExpressionParser.scala. Using presentation compiler with project's scala-library version: 3.3.6
2025.10.08 00:47:45 INFO  no build target found for /home/alex/IdeaProjects/ILang/src/main/scala/parser/parsers/ExpressionParser.scala. Using presentation compiler with project's scala-library version: 3.3.6
2025.10.08 00:47:45 INFO  no build target found for /home/alex/IdeaProjects/ILang/src/main/scala/parser/parsers/ExpressionParser.scala. Using presentation compiler with project's scala-library version: 3.3.6
2025.10.08 00:47:49 WARN  no build target for: /home/alex/IdeaProjects/ILang/src/main/scala/parser/parsers/ExpressionParser.scala
2025.10.08 00:47:49 INFO  no build target found for /home/alex/IdeaProjects/ILang/src/main/scala/parser/parsers/ExpressionParser.scala. Using presentation compiler with project's scala-library version: 3.3.6
2025.10.08 00:47:49 WARN  no build target for: /home/alex/IdeaProjects/ILang/src/main/scala/parser/parsers/ExpressionParser.scala
2025.10.08 00:47:49 INFO  no build target found for /home/alex/IdeaProjects/ILang/src/main/scala/parser/parsers/ExpressionParser.scala. Using presentation compiler with project's scala-library version: 3.3.6
2025.10.08 00:47:49 INFO  no build target found for /home/alex/IdeaProjects/ILang/src/main/scala/parser/parsers/ExpressionParser.scala. Using presentation compiler with project's scala-library version: 3.3.6
2025.10.08 00:47:56 INFO  no build target found for /home/alex/IdeaProjects/ILang/src/main/scala/parser/parsers/DeclarationParser.scala. Using presentation compiler with project's scala-library version: 3.3.6
2025.10.08 00:47:56 WARN  Could not find semantic tokens for: file:///home/alex/IdeaProjects/ILang/src/main/scala/parser/parsers/DeclarationParser.scala
2025.10.08 00:47:56 INFO  no build target found for /home/alex/IdeaProjects/ILang/src/main/scala/parser/parsers/DeclarationParser.scala. Using presentation compiler with project's scala-library version: 3.3.6
2025.10.08 00:47:56 INFO  no build target found for /home/alex/IdeaProjects/ILang/src/main/scala/parser/parsers/DeclarationParser.scala. Using presentation compiler with project's scala-library version: 3.3.6
2025.10.08 00:47:56 INFO  no build target found for /home/alex/IdeaProjects/ILang/src/main/scala/parser/parsers/DeclarationParser.scala. Using presentation compiler with project's scala-library version: 3.3.6
2025.10.08 00:48:01 INFO  no build target found for /home/alex/IdeaProjects/ILang/src/main/scala/parser/parsers/DeclarationParser.scala. Using presentation compiler with project's scala-library version: 3.3.6
2025.10.08 00:48:01 INFO  no build target found for /home/alex/IdeaProjects/ILang/src/main/scala/parser/parsers/DeclarationParser.scala. Using presentation compiler with project's scala-library version: 3.3.6
2025.10.08 00:48:06 INFO  no build target found for /home/alex/IdeaProjects/ILang/src/main/scala/parser/parsers/DeclarationParser.scala. Using presentation compiler with project's scala-library version: 3.3.6
2025.10.08 00:48:06 INFO  no build target found for /home/alex/IdeaProjects/ILang/src/main/scala/parser/parsers/DeclarationParser.scala. Using presentation compiler with project's scala-library version: 3.3.6
2025.10.08 00:48:11 INFO  no build target found for /home/alex/IdeaProjects/ILang/src/main/scala/parser/parsers/DeclarationParser.scala. Using presentation compiler with project's scala-library version: 3.3.6
2025.10.08 00:48:15 INFO  no build target found for /home/alex/IdeaProjects/ILang/src/main/scala/parser/parsers/DeclarationParser.scala. Using presentation compiler with project's scala-library version: 3.3.6
2025.10.08 00:48:15 WARN  no build target for: /home/alex/IdeaProjects/ILang/src/main/scala/parser/parsers/DeclarationParser.scala
2025.10.08 00:48:15 WARN  no build target for: /home/alex/IdeaProjects/ILang/src/main/scala/parser/parsers/DeclarationParser.scala
2025.10.08 00:48:15 INFO  no build target found for /home/alex/IdeaProjects/ILang/src/main/scala/parser/parsers/DeclarationParser.scala. Using presentation compiler with project's scala-library version: 3.3.6
2025.10.08 00:48:15 INFO  no build target found for /home/alex/IdeaProjects/ILang/src/main/scala/parser/parsers/DeclarationParser.scala. Using presentation compiler with project's scala-library version: 3.3.6
2025.10.08 00:48:20 INFO  no build target found for /home/alex/IdeaProjects/ILang/src/main/scala/parser/parsers/Parser.scala. Using presentation compiler with project's scala-library version: 3.3.6
2025.10.08 00:48:20 INFO  no build target found for /home/alex/IdeaProjects/ILang/src/main/scala/parser/parsers/Parser.scala. Using presentation compiler with project's scala-library version: 3.3.6
2025.10.08 00:48:21 INFO  no build target found for /home/alex/IdeaProjects/ILang/src/main/scala/parser/parsers/Parser.scala. Using presentation compiler with project's scala-library version: 3.3.6
2025.10.08 00:48:22 INFO  no build target found for /home/alex/IdeaProjects/ILang/src/main/scala/parser/parsers/Parser.scala. Using presentation compiler with project's scala-library version: 3.3.6
2025.10.08 00:48:22 INFO  no build target found for /home/alex/IdeaProjects/ILang/src/main/scala/parser/parsers/Parser.scala. Using presentation compiler with project's scala-library version: 3.3.6
2025.10.08 00:48:23 INFO  no build target found for /home/alex/IdeaProjects/ILang/src/main/scala/parser/parsers/Parser.scala. Using presentation compiler with project's scala-library version: 3.3.6
2025.10.08 00:48:22 INFO  no build target found for /home/alex/IdeaProjects/ILang/src/main/scala/parser/parsers/Parser.scala. Using presentation compiler with project's scala-library version: 3.3.6
2025.10.08 00:48:22 INFO  no build target found for /home/alex/IdeaProjects/ILang/src/main/scala/parser/parsers/Parser.scala. Using presentation compiler with project's scala-library version: 3.3.6
2025.10.08 00:48:23 INFO  no build target found for /home/alex/IdeaProjects/ILang/src/main/scala/parser/parsers/Parser.scala. Using presentation compiler with project's scala-library version: 3.3.6
2025.10.08 00:48:22 INFO  no build target found for /home/alex/IdeaProjects/ILang/src/main/scala/parser/parsers/Parser.scala. Using presentation compiler with project's scala-library version: 3.3.6
2025.10.08 00:48:23 INFO  no build target found for /home/alex/IdeaProjects/ILang/src/main/scala/parser/parsers/Parser.scala. Using presentation compiler with project's scala-library version: 3.3.6
2025.10.08 00:48:23 INFO  no build target found for /home/alex/IdeaProjects/ILang/src/main/scala/parser/parsers/Parser.scala. Using presentation compiler with project's scala-library version: 3.3.6
2025.10.08 00:48:23 INFO  no build target found for /home/alex/IdeaProjects/ILang/src/main/scala/parser/parsers/Parser.scala. Using presentation compiler with project's scala-library version: 3.3.6
2025.10.08 00:48:23 INFO  no build target found for /home/alex/IdeaProjects/ILang/src/main/scala/parser/parsers/Parser.scala. Using presentation compiler with project's scala-library version: 3.3.6
2025.10.08 00:48:23 INFO  no build target found for /home/alex/IdeaProjects/ILang/src/main/scala/parser/parsers/Parser.scala. Using presentation compiler with project's scala-library version: 3.3.6
2025.10.08 00:48:23 INFO  no build target found for /home/alex/IdeaProjects/ILang/src/main/scala/parser/parsers/Parser.scala. Using presentation compiler with project's scala-library version: 3.3.6
2025.10.08 00:48:23 INFO  no build target found for /home/alex/IdeaProjects/ILang/src/main/scala/parser/parsers/Parser.scala. Using presentation compiler with project's scala-library version: 3.3.6
2025.10.08 00:48:23 INFO  no build target found for /home/alex/IdeaProjects/ILang/src/main/scala/parser/parsers/Parser.scala. Using presentation compiler with project's scala-library version: 3.3.6
2025.10.08 00:48:23 INFO  no build target found for /home/alex/IdeaProjects/ILang/src/main/scala/parser/parsers/Parser.scala. Using presentation compiler with project's scala-library version: 3.3.6
2025.10.08 00:48:24 INFO  no build target found for /home/alex/IdeaProjects/ILang/src/main/scala/parser/parsers/Parser.scala. Using presentation compiler with project's scala-library version: 3.3.6
2025.10.08 00:48:24 INFO  no build target found for /home/alex/IdeaProjects/ILang/src/main/scala/parser/parsers/Parser.scala. Using presentation compiler with project's scala-library version: 3.3.6
2025.10.08 00:48:25 INFO  no build target found for /home/alex/IdeaProjects/ILang/src/main/scala/parser/parsers/Parser.scala. Using presentation compiler with project's scala-library version: 3.3.6
2025.10.08 00:48:24 INFO  no build target found for /home/alex/IdeaProjects/ILang/src/main/scala/parser/parsers/Parser.scala. Using presentation compiler with project's scala-library version: 3.3.6
2025.10.08 00:48:25 INFO  no build target found for /home/alex/IdeaProjects/ILang/src/main/scala/parser/parsers/Parser.scala. Using presentation compiler with project's scala-library version: 3.3.6
2025.10.08 00:48:24 INFO  no build target found for /home/alex/IdeaProjects/ILang/src/main/scala/parser/parsers/Parser.scala. Using presentation compiler with project's scala-library version: 3.3.6
2025.10.08 00:48:25 INFO  no build target found for /home/alex/IdeaProjects/ILang/src/main/scala/parser/parsers/Parser.scala. Using presentation compiler with project's scala-library version: 3.3.6
2025.10.08 00:48:25 INFO  no build target found for /home/alex/IdeaProjects/ILang/src/main/scala/parser/parsers/Parser.scala. Using presentation compiler with project's scala-library version: 3.3.6
2025.10.08 00:48:25 INFO  no build target found for /home/alex/IdeaProjects/ILang/src/main/scala/parser/parsers/Parser.scala. Using presentation compiler with project's scala-library version: 3.3.6
2025.10.08 00:48:26 INFO  no build target found for /home/alex/IdeaProjects/ILang/src/main/scala/parser/parsers/Parser.scala. Using presentation compiler with project's scala-library version: 3.3.6
2025.10.08 00:48:27 INFO  no build target found for /home/alex/IdeaProjects/ILang/src/main/scala/parser/parsers/Parser.scala. Using presentation compiler with project's scala-library version: 3.3.6
2025.10.08 00:48:27 INFO  no build target found for /home/alex/IdeaProjects/ILang/src/main/scala/parser/parsers/Parser.scala. Using presentation compiler with project's scala-library version: 3.3.6
2025.10.08 00:48:31 INFO  no build target found for /home/alex/IdeaProjects/ILang/src/main/scala/parser/parsers/Parser.scala. Using presentation compiler with project's scala-library version: 3.3.6
2025.10.08 00:48:31 INFO  no build target found for /home/alex/IdeaProjects/ILang/src/main/scala/parser/parsers/Parser.scala. Using presentation compiler with project's scala-library version: 3.3.6
2025.10.08 00:48:31 INFO  no build target found for /home/alex/IdeaProjects/ILang/src/main/scala/parser/parsers/Parser.scala. Using presentation compiler with project's scala-library version: 3.3.6
2025.10.08 00:48:31 WARN  no build target for: /home/alex/IdeaProjects/ILang/src/main/scala/parser/parsers/Parser.scala
2025.10.08 00:48:31 WARN  no build target for: /home/alex/IdeaProjects/ILang/src/main/scala/parser/parsers/Parser.scala
2025.10.08 00:48:31 INFO  no build target found for /home/alex/IdeaProjects/ILang/src/main/scala/parser/parsers/Parser.scala. Using presentation compiler with project's scala-library version: 3.3.6
2025.10.08 00:48:31 INFO  no build target found for /home/alex/IdeaProjects/ILang/src/main/scala/parser/parsers/Parser.scala. Using presentation compiler with project's scala-library version: 3.3.6
2025.10.08 00:48:31 INFO  no build target found for /home/alex/IdeaProjects/ILang/src/main/scala/parser/parsers/Parser.scala. Using presentation compiler with project's scala-library version: 3.3.6
2025.10.08 00:48:40 INFO  no build target found for /home/alex/IdeaProjects/ILang/src/main/scala/parser/parsers/Parser.scala. Using presentation compiler with project's scala-library version: 3.3.6
2025.10.08 00:48:40 INFO  no build target found for /home/alex/IdeaProjects/ILang/src/main/scala/parser/parsers/Parser.scala. Using presentation compiler with project's scala-library version: 3.3.6
2025.10.08 00:48:41 INFO  no build target found for /home/alex/IdeaProjects/ILang/src/main/scala/parser/parsers/Parser.scala. Using presentation compiler with project's scala-library version: 3.3.6
2025.10.08 00:50:25 INFO  no build target found for /home/alex/IdeaProjects/ILang/src/main/scala/parser/parsers/Parser.scala. Using presentation compiler with project's scala-library version: 3.3.6
2025.10.08 00:52:26 INFO  no build target found for /home/alex/IdeaProjects/ILang/src/main/scala/parser/parsers/ParserCombinators.scala. Using presentation compiler with project's scala-library version: 3.3.6
2025.10.08 00:52:26 INFO  no build target found for /home/alex/IdeaProjects/ILang/src/main/scala/parser/parsers/ParserCombinators.scala. Using presentation compiler with project's scala-library version: 3.3.6
2025.10.08 00:52:27 INFO  no build target found for /home/alex/IdeaProjects/ILang/src/main/scala/parser/parsers/ParserCombinators.scala. Using presentation compiler with project's scala-library version: 3.3.6
2025.10.08 00:52:30 INFO  no build target found for /home/alex/IdeaProjects/ILang/src/main/scala/parser/parsers/ParserCombinators.scala. Using presentation compiler with project's scala-library version: 3.3.6
2025.10.08 00:52:30 INFO  no build target found for /home/alex/IdeaProjects/ILang/src/main/scala/parser/parsers/ParserCombinators.scala. Using presentation compiler with project's scala-library version: 3.3.6
2025.10.08 00:52:30 INFO  no build target found for /home/alex/IdeaProjects/ILang/src/main/scala/parser/parsers/ParserCombinators.scala. Using presentation compiler with project's scala-library version: 3.3.6
2025.10.08 00:52:30 INFO  no build target found for /home/alex/IdeaProjects/ILang/src/main/scala/parser/parsers/ParserCombinators.scala. Using presentation compiler with project's scala-library version: 3.3.6
2025.10.08 00:52:31 INFO  no build target found for /home/alex/IdeaProjects/ILang/src/main/scala/parser/parsers/ParserCombinators.scala. Using presentation compiler with project's scala-library version: 3.3.6
2025.10.08 00:52:30 INFO  no build target found for /home/alex/IdeaProjects/ILang/src/main/scala/parser/parsers/ParserCombinators.scala. Using presentation compiler with project's scala-library version: 3.3.6
2025.10.08 00:52:36 WARN  no build target for: /home/alex/IdeaProjects/ILang/src/main/scala/parser/parsers/ParserCombinators.scala
2025.10.08 00:52:36 INFO  no build target found for /home/alex/IdeaProjects/ILang/src/main/scala/parser/parsers/ParserCombinators.scala. Using presentation compiler with project's scala-library version: 3.3.6
2025.10.08 00:52:36 WARN  no build target for: /home/alex/IdeaProjects/ILang/src/main/scala/parser/parsers/ParserCombinators.scala
2025.10.08 00:52:36 INFO  no build target found for /home/alex/IdeaProjects/ILang/src/main/scala/parser/parsers/ParserCombinators.scala. Using presentation compiler with project's scala-library version: 3.3.6
2025.10.08 00:52:36 INFO  no build target found for /home/alex/IdeaProjects/ILang/src/main/scala/parser/parsers/ParserCombinators.scala. Using presentation compiler with project's scala-library version: 3.3.6
2025.10.08 00:52:40 INFO  no build target found for /home/alex/IdeaProjects/ILang/src/main/scala/parser/parsers/ParserCombinators.scala. Using presentation compiler with project's scala-library version: 3.3.6
2025.10.08 00:52:40 WARN  no build target for: /home/alex/IdeaProjects/ILang/src/main/scala/parser/parsers/Parser.scala
2025.10.08 00:52:40 INFO  no build target found for /home/alex/IdeaProjects/ILang/src/main/scala/parser/parsers/Parser.scala. Using presentation compiler with project's scala-library version: 3.3.6
2025.10.08 00:52:40 INFO  no build target found for /home/alex/IdeaProjects/ILang/src/main/scala/parser/parsers/Parser.scala. Using presentation compiler with project's scala-library version: 3.3.6
2025.10.08 00:52:40 INFO  no build target found for /home/alex/IdeaProjects/ILang/src/main/scala/parser/parsers/ParserCombinators.scala. Using presentation compiler with project's scala-library version: 3.3.6
2025.10.08 00:52:41 INFO  no build target found for /home/alex/IdeaProjects/ILang/src/main/scala/parser/parsers/ParserCombinators.scala. Using presentation compiler with project's scala-library version: 3.3.6
2025.10.08 00:52:42 INFO  no build target found for /home/alex/IdeaProjects/ILang/src/main/scala/parser/parsers/ParserCombinators.scala. Using presentation compiler with project's scala-library version: 3.3.6
2025.10.08 00:52:42 INFO  no build target found for /home/alex/IdeaProjects/ILang/src/main/scala/parser/parsers/ParserCombinators.scala. Using presentation compiler with project's scala-library version: 3.3.6
2025.10.08 00:52:42 INFO  no build target found for /home/alex/IdeaProjects/ILang/src/main/scala/parser/parsers/ParserCombinators.scala. Using presentation compiler with project's scala-library version: 3.3.6
2025.10.08 00:52:43 INFO  no build target found for /home/alex/IdeaProjects/ILang/src/main/scala/parser/parsers/ParserCombinators.scala. Using presentation compiler with project's scala-library version: 3.3.6
2025.10.08 00:52:47 WARN  no build target for: /home/alex/IdeaProjects/ILang/src/main/scala/parser/parsers/ParserCombinators.scala
2025.10.08 00:52:47 INFO  no build target found for /home/alex/IdeaProjects/ILang/src/main/scala/parser/parsers/ParserCombinators.scala. Using presentation compiler with project's scala-library version: 3.3.6
2025.10.08 00:52:47 WARN  no build target for: /home/alex/IdeaProjects/ILang/src/main/scala/parser/parsers/ParserCombinators.scala
2025.10.08 00:52:47 INFO  no build target found for /home/alex/IdeaProjects/ILang/src/main/scala/parser/parsers/ParserCombinators.scala. Using presentation compiler with project's scala-library version: 3.3.6
2025.10.08 00:52:47 INFO  no build target found for /home/alex/IdeaProjects/ILang/src/main/scala/parser/parsers/ParserCombinators.scala. Using presentation compiler with project's scala-library version: 3.3.6
2025.10.08 00:52:52 INFO  no build target found for /home/alex/IdeaProjects/ILang/src/main/scala/parser/parsers/TypeParser.scala. Using presentation compiler with project's scala-library version: 3.3.6
2025.10.08 00:52:52 INFO  no build target found for /home/alex/IdeaProjects/ILang/src/main/scala/parser/parsers/TypeParser.scala. Using presentation compiler with project's scala-library version: 3.3.6
2025.10.08 00:52:52 INFO  no build target found for /home/alex/IdeaProjects/ILang/src/main/scala/parser/parsers/TypeParser.scala. Using presentation compiler with project's scala-library version: 3.3.6
2025.10.08 00:52:55 INFO  no build target found for /home/alex/IdeaProjects/ILang/src/main/scala/parser/parsers/TypeParser.scala. Using presentation compiler with project's scala-library version: 3.3.6
2025.10.08 00:52:55 INFO  no build target found for /home/alex/IdeaProjects/ILang/src/main/scala/parser/parsers/TypeParser.scala. Using presentation compiler with project's scala-library version: 3.3.6
2025.10.08 00:52:56 INFO  no build target found for /home/alex/IdeaProjects/ILang/src/main/scala/parser/parsers/TypeParser.scala. Using presentation compiler with project's scala-library version: 3.3.6
2025.10.08 00:52:57 INFO  no build target found for /home/alex/IdeaProjects/ILang/src/main/scala/parser/parsers/TypeParser.scala. Using presentation compiler with project's scala-library version: 3.3.6
2025.10.08 00:53:01 WARN  no build target for: /home/alex/IdeaProjects/ILang/src/main/scala/parser/parsers/TypeParser.scala
2025.10.08 00:53:01 INFO  no build target found for /home/alex/IdeaProjects/ILang/src/main/scala/parser/parsers/TypeParser.scala. Using presentation compiler with project's scala-library version: 3.3.6
2025.10.08 00:53:01 WARN  no build target for: /home/alex/IdeaProjects/ILang/src/main/scala/parser/parsers/TypeParser.scala
2025.10.08 00:53:01 INFO  no build target found for /home/alex/IdeaProjects/ILang/src/main/scala/parser/parsers/TypeParser.scala. Using presentation compiler with project's scala-library version: 3.3.6
2025.10.08 00:53:01 INFO  no build target found for /home/alex/IdeaProjects/ILang/src/main/scala/parser/parsers/TypeParser.scala. Using presentation compiler with project's scala-library version: 3.3.6
2025.10.08 00:58:28 INFO  no build target found for /home/alex/IdeaProjects/ILang/src/main/scala/parser/parsers/ParserState.scala. Using presentation compiler with project's scala-library version: 3.3.6
2025.10.08 00:58:28 INFO  no build target found for /home/alex/IdeaProjects/ILang/src/main/scala/parser/parsers/ParserState.scala. Using presentation compiler with project's scala-library version: 3.3.6
2025.10.08 00:58:29 WARN  no build target for: /home/alex/IdeaProjects/ILang/src/main/scala/parser/parsers/Parser.scala
2025.10.08 00:58:29 INFO  no build target found for /home/alex/IdeaProjects/ILang/src/main/scala/parser/parsers/Parser.scala. Using presentation compiler with project's scala-library version: 3.3.6
2025.10.08 00:58:29 INFO  no build target found for /home/alex/IdeaProjects/ILang/src/main/scala/parser/parsers/Parser.scala. Using presentation compiler with project's scala-library version: 3.3.6
2025.10.08 00:58:29 INFO  no build target found for /home/alex/IdeaProjects/ILang/src/main/scala/parser/parsers/Parser.scala. Using presentation compiler with project's scala-library version: 3.3.6
2025.10.08 00:58:29 INFO  no build target found for /home/alex/IdeaProjects/ILang/src/main/scala/parser/parsers/Parser.scala. Using presentation compiler with project's scala-library version: 3.3.6
2025.10.08 00:58:30 WARN  no build target for: /home/alex/IdeaProjects/ILang/src/main/scala/parser/parsers/ExpressionParser.scala
2025.10.08 00:58:29 INFO  no build target found for /home/alex/IdeaProjects/ILang/src/main/scala/parser/parsers/ExpressionParser.scala. Using presentation compiler with project's scala-library version: 3.3.6
2025.10.08 00:58:30 INFO  no build target found for /home/alex/IdeaProjects/ILang/src/main/scala/parser/parsers/ExpressionParser.scala. Using presentation compiler with project's scala-library version: 3.3.6
2025.10.08 00:58:30 WARN  no build target for: /home/alex/IdeaProjects/ILang/src/main/scala/parser/parsers/DeclarationParser.scala
2025.10.08 00:58:30 INFO  no build target found for /home/alex/IdeaProjects/ILang/src/main/scala/parser/parsers/DeclarationParser.scala. Using presentation compiler with project's scala-library version: 3.3.6
2025.10.08 00:58:30 INFO  no build target found for /home/alex/IdeaProjects/ILang/src/main/scala/parser/parsers/DeclarationParser.scala. Using presentation compiler with project's scala-library version: 3.3.6
2025.10.08 00:58:32 WARN  no build target for: /home/alex/IdeaProjects/ILang/src/main/scala/parser/parsers/TypeParser.scala
2025.10.08 00:58:32 INFO  no build target found for /home/alex/IdeaProjects/ILang/src/main/scala/parser/parsers/TypeParser.scala. Using presentation compiler with project's scala-library version: 3.3.6
2025.10.08 00:58:32 INFO  no build target found for /home/alex/IdeaProjects/ILang/src/main/scala/parser/parsers/TypeParser.scala. Using presentation compiler with project's scala-library version: 3.3.6
2025.10.08 00:58:44 INFO  no build target found for /home/alex/IdeaProjects/ILang/src/main/scala/parser/parsers/TypeParser.scala. Using presentation compiler with project's scala-library version: 3.3.6
2025.10.08 00:58:58 INFO  no build target found for /home/alex/IdeaProjects/ILang/src/main/scala/parser/parsers/TypeParser.scala. Using presentation compiler with project's scala-library version: 3.3.6
2025.10.08 01:06:47 INFO  no build target found for /home/alex/IdeaProjects/ILang/src/main/scala/parser/parsers/ParserState.scala. Using presentation compiler with project's scala-library version: 3.3.6
2025.10.08 01:06:47 INFO  no build target found for /home/alex/IdeaProjects/ILang/src/main/scala/parser/SyntaxAnalyzer.scala. Using presentation compiler with project's scala-library version: 3.3.6
2025.10.08 01:06:47 INFO  no build target found for /home/alex/IdeaProjects/ILang/src/main/scala/parser/SyntaxAnalyzer.scala. Using presentation compiler with project's scala-library version: 3.3.6
2025.10.08 01:06:47 INFO  no build target found for /home/alex/IdeaProjects/ILang/src/main/scala/parser/SyntaxAnalyzer.scala. Using presentation compiler with project's scala-library version: 3.3.6
2025.10.08 01:06:49 INFO  no build target found for /home/alex/IdeaProjects/ILang/src/main/scala/parser/SyntaxAnalyzer.scala. Using presentation compiler with project's scala-library version: 3.3.6
2025.10.08 01:06:51 INFO  no build target found for /home/alex/IdeaProjects/ILang/src/main/scala/parser/SyntaxAnalyzer.scala. Using presentation compiler with project's scala-library version: 3.3.6
2025.10.08 01:06:55 INFO  no build target found for /home/alex/IdeaProjects/ILang/src/main/scala/parser/SyntaxAnalyzer.scala. Using presentation compiler with project's scala-library version: 3.3.6
2025.10.08 01:06:56 INFO  no build target found for /home/alex/IdeaProjects/ILang/src/main/scala/parser/SyntaxAnalyzer.scala. Using presentation compiler with project's scala-library version: 3.3.6
2025.10.08 01:06:55 INFO  no build target found for /home/alex/IdeaProjects/ILang/src/main/scala/parser/SyntaxAnalyzer.scala. Using presentation compiler with project's scala-library version: 3.3.6
2025.10.08 01:06:56 INFO  no build target found for /home/alex/IdeaProjects/ILang/src/main/scala/parser/SyntaxAnalyzer.scala. Using presentation compiler with project's scala-library version: 3.3.6
2025.10.08 01:06:58 INFO  no build target found for /home/alex/IdeaProjects/ILang/src/main/scala/parser/SyntaxAnalyzer.scala. Using presentation compiler with project's scala-library version: 3.3.6
2025.10.08 01:06:58 INFO  no build target found for /home/alex/IdeaProjects/ILang/src/main/scala/parser/SyntaxAnalyzer.scala. Using presentation compiler with project's scala-library version: 3.3.6
2025.10.08 01:06:58 INFO  no build target found for /home/alex/IdeaProjects/ILang/src/main/scala/parser/SyntaxAnalyzer.scala. Using presentation compiler with project's scala-library version: 3.3.6
2025.10.08 01:07:00 INFO  no build target found for /home/alex/IdeaProjects/ILang/src/main/scala/parser/SyntaxAnalyzer.scala. Using presentation compiler with project's scala-library version: 3.3.6
2025.10.08 01:07:00 INFO  no build target found for /home/alex/IdeaProjects/ILang/src/main/scala/parser/SyntaxAnalyzer.scala. Using presentation compiler with project's scala-library version: 3.3.6
2025.10.08 01:07:00 INFO  no build target found for /home/alex/IdeaProjects/ILang/src/main/scala/parser/SyntaxAnalyzer.scala. Using presentation compiler with project's scala-library version: 3.3.6
2025.10.08 01:07:00 INFO  no build target found for /home/alex/IdeaProjects/ILang/src/main/scala/parser/SyntaxAnalyzer.scala. Using presentation compiler with project's scala-library version: 3.3.6
2025.10.08 01:07:00 INFO  no build target found for /home/alex/IdeaProjects/ILang/src/main/scala/parser/SyntaxAnalyzer.scala. Using presentation compiler with project's scala-library version: 3.3.6
2025.10.08 01:07:01 INFO  no build target found for /home/alex/IdeaProjects/ILang/src/main/scala/parser/SyntaxAnalyzer.scala. Using presentation compiler with project's scala-library version: 3.3.6
2025.10.08 01:07:00 INFO  no build target found for /home/alex/IdeaProjects/ILang/src/main/scala/parser/SyntaxAnalyzer.scala. Using presentation compiler with project's scala-library version: 3.3.6
2025.10.08 01:07:00 INFO  no build target found for /home/alex/IdeaProjects/ILang/src/main/scala/parser/SyntaxAnalyzer.scala. Using presentation compiler with project's scala-library version: 3.3.6
2025.10.08 01:07:00 INFO  no build target found for /home/alex/IdeaProjects/ILang/src/main/scala/parser/SyntaxAnalyzer.scala. Using presentation compiler with project's scala-library version: 3.3.6
2025.10.08 01:07:00 INFO  no build target found for /home/alex/IdeaProjects/ILang/src/main/scala/parser/SyntaxAnalyzer.scala. Using presentation compiler with project's scala-library version: 3.3.6
2025.10.08 01:07:01 INFO  no build target found for /home/alex/IdeaProjects/ILang/src/main/scala/parser/SyntaxAnalyzer.scala. Using presentation compiler with project's scala-library version: 3.3.6
2025.10.08 01:07:02 INFO  no build target found for /home/alex/IdeaProjects/ILang/src/main/scala/parser/SyntaxAnalyzer.scala. Using presentation compiler with project's scala-library version: 3.3.6
2025.10.08 01:07:01 INFO  no build target found for /home/alex/IdeaProjects/ILang/src/main/scala/parser/SyntaxAnalyzer.scala. Using presentation compiler with project's scala-library version: 3.3.6
2025.10.08 01:07:02 INFO  no build target found for /home/alex/IdeaProjects/ILang/src/main/scala/parser/SyntaxAnalyzer.scala. Using presentation compiler with project's scala-library version: 3.3.6
2025.10.08 01:07:01 INFO  no build target found for /home/alex/IdeaProjects/ILang/src/main/scala/parser/SyntaxAnalyzer.scala. Using presentation compiler with project's scala-library version: 3.3.6
2025.10.08 01:07:02 INFO  no build target found for /home/alex/IdeaProjects/ILang/src/main/scala/parser/SyntaxAnalyzer.scala. Using presentation compiler with project's scala-library version: 3.3.6
2025.10.08 01:07:02 INFO  no build target found for /home/alex/IdeaProjects/ILang/src/main/scala/parser/SyntaxAnalyzer.scala. Using presentation compiler with project's scala-library version: 3.3.6
2025.10.08 01:07:02 INFO  no build target found for /home/alex/IdeaProjects/ILang/src/main/scala/parser/SyntaxAnalyzer.scala. Using presentation compiler with project's scala-library version: 3.3.6
2025.10.08 01:07:02 INFO  no build target found for /home/alex/IdeaProjects/ILang/src/main/scala/parser/SyntaxAnalyzer.scala. Using presentation compiler with project's scala-library version: 3.3.6
2025.10.08 01:07:03 INFO  no build target found for /home/alex/IdeaProjects/ILang/src/main/scala/parser/SyntaxAnalyzer.scala. Using presentation compiler with project's scala-library version: 3.3.6
2025.10.08 01:07:02 INFO  no build target found for /home/alex/IdeaProjects/ILang/src/main/scala/parser/SyntaxAnalyzer.scala. Using presentation compiler with project's scala-library version: 3.3.6
2025.10.08 01:07:03 INFO  no build target found for /home/alex/IdeaProjects/ILang/src/main/scala/parser/SyntaxAnalyzer.scala. Using presentation compiler with project's scala-library version: 3.3.6
2025.10.08 01:07:02 INFO  no build target found for /home/alex/IdeaProjects/ILang/src/main/scala/parser/SyntaxAnalyzer.scala. Using presentation compiler with project's scala-library version: 3.3.6
2025.10.08 01:07:03 INFO  no build target found for /home/alex/IdeaProjects/ILang/src/main/scala/parser/SyntaxAnalyzer.scala. Using presentation compiler with project's scala-library version: 3.3.6
2025.10.08 01:07:04 INFO  no build target found for /home/alex/IdeaProjects/ILang/src/main/scala/parser/SyntaxAnalyzer.scala. Using presentation compiler with project's scala-library version: 3.3.6
2025.10.08 01:07:03 INFO  no build target found for /home/alex/IdeaProjects/ILang/src/main/scala/parser/SyntaxAnalyzer.scala. Using presentation compiler with project's scala-library version: 3.3.6
2025.10.08 01:07:04 INFO  no build target found for /home/alex/IdeaProjects/ILang/src/main/scala/parser/SyntaxAnalyzer.scala. Using presentation compiler with project's scala-library version: 3.3.6
2025.10.08 01:07:04 INFO  no build target found for /home/alex/IdeaProjects/ILang/src/main/scala/parser/SyntaxAnalyzer.scala. Using presentation compiler with project's scala-library version: 3.3.6
2025.10.08 01:07:04 INFO  no build target found for /home/alex/IdeaProjects/ILang/src/main/scala/parser/SyntaxAnalyzer.scala. Using presentation compiler with project's scala-library version: 3.3.6
2025.10.08 01:07:04 INFO  no build target found for /home/alex/IdeaProjects/ILang/src/main/scala/parser/SyntaxAnalyzer.scala. Using presentation compiler with project's scala-library version: 3.3.6
2025.10.08 01:07:04 INFO  no build target found for /home/alex/IdeaProjects/ILang/src/main/scala/parser/SyntaxAnalyzer.scala. Using presentation compiler with project's scala-library version: 3.3.6
2025.10.08 01:07:04 INFO  no build target found for /home/alex/IdeaProjects/ILang/src/main/scala/parser/SyntaxAnalyzer.scala. Using presentation compiler with project's scala-library version: 3.3.6
2025.10.08 01:07:05 INFO  no build target found for /home/alex/IdeaProjects/ILang/src/main/scala/parser/SyntaxAnalyzer.scala. Using presentation compiler with project's scala-library version: 3.3.6
2025.10.08 01:07:04 INFO  no build target found for /home/alex/IdeaProjects/ILang/src/main/scala/parser/SyntaxAnalyzer.scala. Using presentation compiler with project's scala-library version: 3.3.6
2025.10.08 01:07:05 INFO  no build target found for /home/alex/IdeaProjects/ILang/src/main/scala/parser/SyntaxAnalyzer.scala. Using presentation compiler with project's scala-library version: 3.3.6
2025.10.08 01:07:05 INFO  no build target found for /home/alex/IdeaProjects/ILang/src/main/scala/parser/SyntaxAnalyzer.scala. Using presentation compiler with project's scala-library version: 3.3.6
2025.10.08 01:07:05 INFO  no build target found for /home/alex/IdeaProjects/ILang/src/main/scala/parser/SyntaxAnalyzer.scala. Using presentation compiler with project's scala-library version: 3.3.6
2025.10.08 01:07:05 INFO  no build target found for /home/alex/IdeaProjects/ILang/src/main/scala/parser/SyntaxAnalyzer.scala. Using presentation compiler with project's scala-library version: 3.3.6
2025.10.08 01:07:05 INFO  no build target found for /home/alex/IdeaProjects/ILang/src/main/scala/parser/SyntaxAnalyzer.scala. Using presentation compiler with project's scala-library version: 3.3.6
2025.10.08 01:07:05 INFO  no build target found for /home/alex/IdeaProjects/ILang/src/main/scala/parser/SyntaxAnalyzer.scala. Using presentation compiler with project's scala-library version: 3.3.6
2025.10.08 01:07:06 INFO  no build target found for /home/alex/IdeaProjects/ILang/src/main/scala/parser/SyntaxAnalyzer.scala. Using presentation compiler with project's scala-library version: 3.3.6
2025.10.08 01:07:05 INFO  no build target found for /home/alex/IdeaProjects/ILang/src/main/scala/parser/SyntaxAnalyzer.scala. Using presentation compiler with project's scala-library version: 3.3.6
2025.10.08 01:07:06 INFO  no build target found for /home/alex/IdeaProjects/ILang/src/main/scala/parser/SyntaxAnalyzer.scala. Using presentation compiler with project's scala-library version: 3.3.6
2025.10.08 01:07:07 INFO  no build target found for /home/alex/IdeaProjects/ILang/src/main/scala/parser/SyntaxAnalyzer.scala. Using presentation compiler with project's scala-library version: 3.3.6
2025.10.08 01:07:06 INFO  no build target found for /home/alex/IdeaProjects/ILang/src/main/scala/parser/SyntaxAnalyzer.scala. Using presentation compiler with project's scala-library version: 3.3.6
2025.10.08 01:07:07 INFO  no build target found for /home/alex/IdeaProjects/ILang/src/main/scala/parser/SyntaxAnalyzer.scala. Using presentation compiler with project's scala-library version: 3.3.6
2025.10.08 01:07:07 INFO  no build target found for /home/alex/IdeaProjects/ILang/src/main/scala/parser/SyntaxAnalyzer.scala. Using presentation compiler with project's scala-library version: 3.3.6
2025.10.08 01:07:07 INFO  no build target found for /home/alex/IdeaProjects/ILang/src/main/scala/parser/SyntaxAnalyzer.scala. Using presentation compiler with project's scala-library version: 3.3.6
2025.10.08 01:07:07 INFO  no build target found for /home/alex/IdeaProjects/ILang/src/main/scala/parser/SyntaxAnalyzer.scala. Using presentation compiler with project's scala-library version: 3.3.6
2025.10.08 01:07:07 INFO  no build target found for /home/alex/IdeaProjects/ILang/src/main/scala/parser/SyntaxAnalyzer.scala. Using presentation compiler with project's scala-library version: 3.3.6
2025.10.08 01:07:07 INFO  no build target found for /home/alex/IdeaProjects/ILang/src/main/scala/parser/SyntaxAnalyzer.scala. Using presentation compiler with project's scala-library version: 3.3.6
2025.10.08 01:07:08 INFO  no build target found for /home/alex/IdeaProjects/ILang/src/main/scala/parser/SyntaxAnalyzer.scala. Using presentation compiler with project's scala-library version: 3.3.6
2025.10.08 01:07:07 INFO  no build target found for /home/alex/IdeaProjects/ILang/src/main/scala/parser/SyntaxAnalyzer.scala. Using presentation compiler with project's scala-library version: 3.3.6
2025.10.08 01:07:08 INFO  no build target found for /home/alex/IdeaProjects/ILang/src/main/scala/parser/SyntaxAnalyzer.scala. Using presentation compiler with project's scala-library version: 3.3.6
2025.10.08 01:07:07 INFO  no build target found for /home/alex/IdeaProjects/ILang/src/main/scala/parser/SyntaxAnalyzer.scala. Using presentation compiler with project's scala-library version: 3.3.6
2025.10.08 01:07:08 INFO  no build target found for /home/alex/IdeaProjects/ILang/src/main/scala/parser/SyntaxAnalyzer.scala. Using presentation compiler with project's scala-library version: 3.3.6
2025.10.08 01:07:08 INFO  no build target found for /home/alex/IdeaProjects/ILang/src/main/scala/parser/SyntaxAnalyzer.scala. Using presentation compiler with project's scala-library version: 3.3.6
2025.10.08 01:07:08 INFO  no build target found for /home/alex/IdeaProjects/ILang/src/main/scala/parser/SyntaxAnalyzer.scala. Using presentation compiler with project's scala-library version: 3.3.6
2025.10.08 01:07:09 INFO  no build target found for /home/alex/IdeaProjects/ILang/src/main/scala/parser/SyntaxAnalyzer.scala. Using presentation compiler with project's scala-library version: 3.3.6
2025.10.08 01:07:09 INFO  no build target found for /home/alex/IdeaProjects/ILang/src/main/scala/parser/SyntaxAnalyzer.scala. Using presentation compiler with project's scala-library version: 3.3.6
2025.10.08 01:07:08 INFO  no build target found for /home/alex/IdeaProjects/ILang/src/main/scala/parser/SyntaxAnalyzer.scala. Using presentation compiler with project's scala-library version: 3.3.6
2025.10.08 01:07:09 INFO  no build target found for /home/alex/IdeaProjects/ILang/src/main/scala/parser/SyntaxAnalyzer.scala. Using presentation compiler with project's scala-library version: 3.3.6
2025.10.08 01:07:08 INFO  no build target found for /home/alex/IdeaProjects/ILang/src/main/scala/parser/SyntaxAnalyzer.scala. Using presentation compiler with project's scala-library version: 3.3.6
2025.10.08 01:07:09 INFO  no build target found for /home/alex/IdeaProjects/ILang/src/main/scala/parser/SyntaxAnalyzer.scala. Using presentation compiler with project's scala-library version: 3.3.6
2025.10.08 01:07:10 INFO  no build target found for /home/alex/IdeaProjects/ILang/src/main/scala/parser/SyntaxAnalyzer.scala. Using presentation compiler with project's scala-library version: 3.3.6
2025.10.08 01:07:09 INFO  no build target found for /home/alex/IdeaProjects/ILang/src/main/scala/parser/SyntaxAnalyzer.scala. Using presentation compiler with project's scala-library version: 3.3.6
2025.10.08 01:07:10 INFO  no build target found for /home/alex/IdeaProjects/ILang/src/main/scala/parser/SyntaxAnalyzer.scala. Using presentation compiler with project's scala-library version: 3.3.6
2025.10.08 01:07:10 INFO  no build target found for /home/alex/IdeaProjects/ILang/src/main/scala/parser/SyntaxAnalyzer.scala. Using presentation compiler with project's scala-library version: 3.3.6
2025.10.08 01:07:10 INFO  no build target found for /home/alex/IdeaProjects/ILang/src/main/scala/parser/SyntaxAnalyzer.scala. Using presentation compiler with project's scala-library version: 3.3.6
2025.10.08 01:07:10 INFO  no build target found for /home/alex/IdeaProjects/ILang/src/main/scala/parser/SyntaxAnalyzer.scala. Using presentation compiler with project's scala-library version: 3.3.6
2025.10.08 01:07:11 INFO  no build target found for /home/alex/IdeaProjects/ILang/src/main/scala/parser/SyntaxAnalyzer.scala. Using presentation compiler with project's scala-library version: 3.3.6
2025.10.08 01:07:10 INFO  no build target found for /home/alex/IdeaProjects/ILang/src/main/scala/parser/SyntaxAnalyzer.scala. Using presentation compiler with project's scala-library version: 3.3.6
2025.10.08 01:07:11 INFO  no build target found for /home/alex/IdeaProjects/ILang/src/main/scala/parser/SyntaxAnalyzer.scala. Using presentation compiler with project's scala-library version: 3.3.6
2025.10.08 01:07:10 INFO  no build target found for /home/alex/IdeaProjects/ILang/src/main/scala/parser/SyntaxAnalyzer.scala. Using presentation compiler with project's scala-library version: 3.3.6
2025.10.08 01:07:11 INFO  no build target found for /home/alex/IdeaProjects/ILang/src/main/scala/parser/SyntaxAnalyzer.scala. Using presentation compiler with project's scala-library version: 3.3.6
2025.10.08 01:07:12 INFO  no build target found for /home/alex/IdeaProjects/ILang/src/main/scala/parser/SyntaxAnalyzer.scala. Using presentation compiler with project's scala-library version: 3.3.6
2025.10.08 01:07:12 INFO  no build target found for /home/alex/IdeaProjects/ILang/src/main/scala/parser/SyntaxAnalyzer.scala. Using presentation compiler with project's scala-library version: 3.3.6
2025.10.08 01:07:12 INFO  no build target found for /home/alex/IdeaProjects/ILang/src/main/scala/parser/SyntaxAnalyzer.scala. Using presentation compiler with project's scala-library version: 3.3.6
2025.10.08 01:07:12 INFO  no build target found for /home/alex/IdeaProjects/ILang/src/main/scala/parser/SyntaxAnalyzer.scala. Using presentation compiler with project's scala-library version: 3.3.6
2025.10.08 01:07:12 INFO  no build target found for /home/alex/IdeaProjects/ILang/src/main/scala/parser/SyntaxAnalyzer.scala. Using presentation compiler with project's scala-library version: 3.3.6
2025.10.08 01:07:12 INFO  no build target found for /home/alex/IdeaProjects/ILang/src/main/scala/parser/SyntaxAnalyzer.scala. Using presentation compiler with project's scala-library version: 3.3.6
2025.10.08 01:07:12 INFO  no build target found for /home/alex/IdeaProjects/ILang/src/main/scala/parser/SyntaxAnalyzer.scala. Using presentation compiler with project's scala-library version: 3.3.6
2025.10.08 01:07:12 INFO  no build target found for /home/alex/IdeaProjects/ILang/src/main/scala/parser/SyntaxAnalyzer.scala. Using presentation compiler with project's scala-library version: 3.3.6
2025.10.08 01:07:13 INFO  no build target found for /home/alex/IdeaProjects/ILang/src/main/scala/parser/SyntaxAnalyzer.scala. Using presentation compiler with project's scala-library version: 3.3.6
2025.10.08 01:07:13 INFO  no build target found for /home/alex/IdeaProjects/ILang/src/main/scala/parser/SyntaxAnalyzer.scala. Using presentation compiler with project's scala-library version: 3.3.6
2025.10.08 01:07:13 INFO  no build target found for /home/alex/IdeaProjects/ILang/src/main/scala/parser/SyntaxAnalyzer.scala. Using presentation compiler with project's scala-library version: 3.3.6
2025.10.08 01:07:13 INFO  no build target found for /home/alex/IdeaProjects/ILang/src/main/scala/parser/SyntaxAnalyzer.scala. Using presentation compiler with project's scala-library version: 3.3.6
2025.10.08 01:07:13 INFO  no build target found for /home/alex/IdeaProjects/ILang/src/main/scala/parser/SyntaxAnalyzer.scala. Using presentation compiler with project's scala-library version: 3.3.6
2025.10.08 01:07:13 INFO  no build target found for /home/alex/IdeaProjects/ILang/src/main/scala/parser/SyntaxAnalyzer.scala. Using presentation compiler with project's scala-library version: 3.3.6
2025.10.08 01:07:13 INFO  no build target found for /home/alex/IdeaProjects/ILang/src/main/scala/parser/SyntaxAnalyzer.scala. Using presentation compiler with project's scala-library version: 3.3.6
2025.10.08 01:07:13 INFO  no build target found for /home/alex/IdeaProjects/ILang/src/main/scala/parser/SyntaxAnalyzer.scala. Using presentation compiler with project's scala-library version: 3.3.6
2025.10.08 01:07:14 INFO  no build target found for /home/alex/IdeaProjects/ILang/src/main/scala/parser/SyntaxAnalyzer.scala. Using presentation compiler with project's scala-library version: 3.3.6
2025.10.08 01:07:13 INFO  no build target found for /home/alex/IdeaProjects/ILang/src/main/scala/parser/SyntaxAnalyzer.scala. Using presentation compiler with project's scala-library version: 3.3.6
2025.10.08 01:07:14 INFO  no build target found for /home/alex/IdeaProjects/ILang/src/main/scala/parser/SyntaxAnalyzer.scala. Using presentation compiler with project's scala-library version: 3.3.6
2025.10.08 01:07:14 INFO  no build target found for /home/alex/IdeaProjects/ILang/src/main/scala/parser/SyntaxAnalyzer.scala. Using presentation compiler with project's scala-library version: 3.3.6
2025.10.08 01:07:14 INFO  no build target found for /home/alex/IdeaProjects/ILang/src/main/scala/parser/SyntaxAnalyzer.scala. Using presentation compiler with project's scala-library version: 3.3.6
2025.10.08 01:07:14 INFO  no build target found for /home/alex/IdeaProjects/ILang/src/main/scala/parser/SyntaxAnalyzer.scala. Using presentation compiler with project's scala-library version: 3.3.6
2025.10.08 01:07:14 INFO  no build target found for /home/alex/IdeaProjects/ILang/src/main/scala/parser/SyntaxAnalyzer.scala. Using presentation compiler with project's scala-library version: 3.3.6
2025.10.08 01:07:15 INFO  no build target found for /home/alex/IdeaProjects/ILang/src/main/scala/parser/SyntaxAnalyzer.scala. Using presentation compiler with project's scala-library version: 3.3.6
2025.10.08 01:07:15 INFO  no build target found for /home/alex/IdeaProjects/ILang/src/main/scala/parser/SyntaxAnalyzer.scala. Using presentation compiler with project's scala-library version: 3.3.6
2025.10.08 01:07:15 INFO  no build target found for /home/alex/IdeaProjects/ILang/src/main/scala/parser/SyntaxAnalyzer.scala. Using presentation compiler with project's scala-library version: 3.3.6
2025.10.08 01:07:15 INFO  no build target found for /home/alex/IdeaProjects/ILang/src/main/scala/parser/SyntaxAnalyzer.scala. Using presentation compiler with project's scala-library version: 3.3.6
2025.10.08 01:07:15 INFO  no build target found for /home/alex/IdeaProjects/ILang/src/main/scala/parser/SyntaxAnalyzer.scala. Using presentation compiler with project's scala-library version: 3.3.6
2025.10.08 01:07:15 INFO  no build target found for /home/alex/IdeaProjects/ILang/src/main/scala/parser/SyntaxAnalyzer.scala. Using presentation compiler with project's scala-library version: 3.3.6
2025.10.08 01:07:15 INFO  no build target found for /home/alex/IdeaProjects/ILang/src/main/scala/parser/SyntaxAnalyzer.scala. Using presentation compiler with project's scala-library version: 3.3.6
2025.10.08 01:07:15 INFO  no build target found for /home/alex/IdeaProjects/ILang/src/main/scala/parser/SyntaxAnalyzer.scala. Using presentation compiler with project's scala-library version: 3.3.6
2025.10.08 01:07:15 INFO  no build target found for /home/alex/IdeaProjects/ILang/src/main/scala/parser/SyntaxAnalyzer.scala. Using presentation compiler with project's scala-library version: 3.3.6
2025.10.08 01:07:16 INFO  no build target found for /home/alex/IdeaProjects/ILang/src/main/scala/parser/SyntaxAnalyzer.scala. Using presentation compiler with project's scala-library version: 3.3.6
2025.10.08 01:07:15 INFO  no build target found for /home/alex/IdeaProjects/ILang/src/main/scala/parser/SyntaxAnalyzer.scala. Using presentation compiler with project's scala-library version: 3.3.6
2025.10.08 01:07:16 INFO  no build target found for /home/alex/IdeaProjects/ILang/src/main/scala/parser/SyntaxAnalyzer.scala. Using presentation compiler with project's scala-library version: 3.3.6
2025.10.08 01:07:17 INFO  no build target found for /home/alex/IdeaProjects/ILang/src/main/scala/parser/SyntaxAnalyzer.scala. Using presentation compiler with project's scala-library version: 3.3.6
2025.10.08 01:07:16 INFO  no build target found for /home/alex/IdeaProjects/ILang/src/main/scala/parser/SyntaxAnalyzer.scala. Using presentation compiler with project's scala-library version: 3.3.6
2025.10.08 01:07:17 INFO  no build target found for /home/alex/IdeaProjects/ILang/src/main/scala/parser/SyntaxAnalyzer.scala. Using presentation compiler with project's scala-library version: 3.3.6
2025.10.08 01:07:16 INFO  no build target found for /home/alex/IdeaProjects/ILang/src/main/scala/parser/SyntaxAnalyzer.scala. Using presentation compiler with project's scala-library version: 3.3.6
2025.10.08 01:07:17 INFO  no build target found for /home/alex/IdeaProjects/ILang/src/main/scala/parser/SyntaxAnalyzer.scala. Using presentation compiler with project's scala-library version: 3.3.6
2025.10.08 01:07:18 INFO  no build target found for /home/alex/IdeaProjects/ILang/src/main/scala/parser/SyntaxAnalyzer.scala. Using presentation compiler with project's scala-library version: 3.3.6
2025.10.08 01:07:17 INFO  no build target found for /home/alex/IdeaProjects/ILang/src/main/scala/parser/SyntaxAnalyzer.scala. Using presentation compiler with project's scala-library version: 3.3.6
2025.10.08 01:07:18 INFO  no build target found for /home/alex/IdeaProjects/ILang/src/main/scala/parser/SyntaxAnalyzer.scala. Using presentation compiler with project's scala-library version: 3.3.6
2025.10.08 01:07:18 INFO  no build target found for /home/alex/IdeaProjects/ILang/src/main/scala/parser/SyntaxAnalyzer.scala. Using presentation compiler with project's scala-library version: 3.3.6
2025.10.08 01:07:18 INFO  no build target found for /home/alex/IdeaProjects/ILang/src/main/scala/parser/SyntaxAnalyzer.scala. Using presentation compiler with project's scala-library version: 3.3.6
2025.10.08 01:07:18 INFO  no build target found for /home/alex/IdeaProjects/ILang/src/main/scala/parser/SyntaxAnalyzer.scala. Using presentation compiler with project's scala-library version: 3.3.6
2025.10.08 01:07:18 INFO  no build target found for /home/alex/IdeaProjects/ILang/src/main/scala/parser/SyntaxAnalyzer.scala. Using presentation compiler with project's scala-library version: 3.3.6
2025.10.08 01:07:18 INFO  no build target found for /home/alex/IdeaProjects/ILang/src/main/scala/parser/SyntaxAnalyzer.scala. Using presentation compiler with project's scala-library version: 3.3.6
2025.10.08 01:07:19 INFO  no build target found for /home/alex/IdeaProjects/ILang/src/main/scala/parser/SyntaxAnalyzer.scala. Using presentation compiler with project's scala-library version: 3.3.6
2025.10.08 01:07:18 INFO  no build target found for /home/alex/IdeaProjects/ILang/src/main/scala/parser/SyntaxAnalyzer.scala. Using presentation compiler with project's scala-library version: 3.3.6
2025.10.08 01:07:19 INFO  no build target found for /home/alex/IdeaProjects/ILang/src/main/scala/parser/SyntaxAnalyzer.scala. Using presentation compiler with project's scala-library version: 3.3.6
2025.10.08 01:07:19 INFO  no build target found for /home/alex/IdeaProjects/ILang/src/main/scala/parser/SyntaxAnalyzer.scala. Using presentation compiler with project's scala-library version: 3.3.6
2025.10.08 01:07:19 INFO  no build target found for /home/alex/IdeaProjects/ILang/src/main/scala/parser/SyntaxAnalyzer.scala. Using presentation compiler with project's scala-library version: 3.3.6
2025.10.08 01:07:19 INFO  no build target found for /home/alex/IdeaProjects/ILang/src/main/scala/parser/SyntaxAnalyzer.scala. Using presentation compiler with project's scala-library version: 3.3.6
2025.10.08 01:07:19 INFO  no build target found for /home/alex/IdeaProjects/ILang/src/main/scala/parser/SyntaxAnalyzer.scala. Using presentation compiler with project's scala-library version: 3.3.6
2025.10.08 01:07:19 INFO  no build target found for /home/alex/IdeaProjects/ILang/src/main/scala/parser/SyntaxAnalyzer.scala. Using presentation compiler with project's scala-library version: 3.3.6
2025.10.08 01:07:20 INFO  no build target found for /home/alex/IdeaProjects/ILang/src/main/scala/parser/SyntaxAnalyzer.scala. Using presentation compiler with project's scala-library version: 3.3.6
2025.10.08 01:07:20 INFO  no build target found for /home/alex/IdeaProjects/ILang/src/main/scala/parser/SyntaxAnalyzer.scala. Using presentation compiler with project's scala-library version: 3.3.6
2025.10.08 01:07:20 INFO  no build target found for /home/alex/IdeaProjects/ILang/src/main/scala/parser/SyntaxAnalyzer.scala. Using presentation compiler with project's scala-library version: 3.3.6
2025.10.08 01:07:20 INFO  no build target found for /home/alex/IdeaProjects/ILang/src/main/scala/parser/SyntaxAnalyzer.scala. Using presentation compiler with project's scala-library version: 3.3.6
2025.10.08 01:07:20 INFO  no build target found for /home/alex/IdeaProjects/ILang/src/main/scala/parser/SyntaxAnalyzer.scala. Using presentation compiler with project's scala-library version: 3.3.6
2025.10.08 01:07:20 INFO  no build target found for /home/alex/IdeaProjects/ILang/src/main/scala/parser/SyntaxAnalyzer.scala. Using presentation compiler with project's scala-library version: 3.3.6
2025.10.08 01:07:20 INFO  no build target found for /home/alex/IdeaProjects/ILang/src/main/scala/parser/SyntaxAnalyzer.scala. Using presentation compiler with project's scala-library version: 3.3.6
2025.10.08 01:07:20 INFO  no build target found for /home/alex/IdeaProjects/ILang/src/main/scala/parser/SyntaxAnalyzer.scala. Using presentation compiler with project's scala-library version: 3.3.6
2025.10.08 01:07:21 INFO  no build target found for /home/alex/IdeaProjects/ILang/src/main/scala/parser/SyntaxAnalyzer.scala. Using presentation compiler with project's scala-library version: 3.3.6
2025.10.08 01:07:20 INFO  no build target found for /home/alex/IdeaProjects/ILang/src/main/scala/parser/SyntaxAnalyzer.scala. Using presentation compiler with project's scala-library version: 3.3.6
2025.10.08 01:07:21 INFO  no build target found for /home/alex/IdeaProjects/ILang/src/main/scala/parser/SyntaxAnalyzer.scala. Using presentation compiler with project's scala-library version: 3.3.6
2025.10.08 01:07:22 INFO  no build target found for /home/alex/IdeaProjects/ILang/src/main/scala/parser/SyntaxAnalyzer.scala. Using presentation compiler with project's scala-library version: 3.3.6
2025.10.08 01:07:21 INFO  no build target found for /home/alex/IdeaProjects/ILang/src/main/scala/parser/SyntaxAnalyzer.scala. Using presentation compiler with project's scala-library version: 3.3.6
2025.10.08 01:07:22 INFO  no build target found for /home/alex/IdeaProjects/ILang/src/main/scala/parser/SyntaxAnalyzer.scala. Using presentation compiler with project's scala-library version: 3.3.6
2025.10.08 01:07:21 INFO  no build target found for /home/alex/IdeaProjects/ILang/src/main/scala/parser/SyntaxAnalyzer.scala. Using presentation compiler with project's scala-library version: 3.3.6
2025.10.08 01:07:22 INFO  no build target found for /home/alex/IdeaProjects/ILang/src/main/scala/parser/SyntaxAnalyzer.scala. Using presentation compiler with project's scala-library version: 3.3.6
2025.10.08 01:07:23 INFO  no build target found for /home/alex/IdeaProjects/ILang/src/main/scala/parser/SyntaxAnalyzer.scala. Using presentation compiler with project's scala-library version: 3.3.6
2025.10.08 01:07:23 INFO  no build target found for /home/alex/IdeaProjects/ILang/src/main/scala/parser/SyntaxAnalyzer.scala. Using presentation compiler with project's scala-library version: 3.3.6
2025.10.08 01:07:23 INFO  no build target found for /home/alex/IdeaProjects/ILang/src/main/scala/parser/SyntaxAnalyzer.scala. Using presentation compiler with project's scala-library version: 3.3.6
2025.10.08 01:07:23 INFO  no build target found for /home/alex/IdeaProjects/ILang/src/main/scala/parser/SyntaxAnalyzer.scala. Using presentation compiler with project's scala-library version: 3.3.6
2025.10.08 01:07:23 INFO  no build target found for /home/alex/IdeaProjects/ILang/src/main/scala/parser/SyntaxAnalyzer.scala. Using presentation compiler with project's scala-library version: 3.3.6
2025.10.08 01:07:23 INFO  no build target found for /home/alex/IdeaProjects/ILang/src/main/scala/parser/SyntaxAnalyzer.scala. Using presentation compiler with project's scala-library version: 3.3.6
2025.10.08 01:07:23 INFO  no build target found for /home/alex/IdeaProjects/ILang/src/main/scala/parser/SyntaxAnalyzer.scala. Using presentation compiler with project's scala-library version: 3.3.6
2025.10.08 01:07:23 INFO  no build target found for /home/alex/IdeaProjects/ILang/src/main/scala/parser/SyntaxAnalyzer.scala. Using presentation compiler with project's scala-library version: 3.3.6
2025.10.08 01:07:24 INFO  no build target found for /home/alex/IdeaProjects/ILang/src/main/scala/parser/SyntaxAnalyzer.scala. Using presentation compiler with project's scala-library version: 3.3.6
2025.10.08 01:07:23 INFO  no build target found for /home/alex/IdeaProjects/ILang/src/main/scala/parser/SyntaxAnalyzer.scala. Using presentation compiler with project's scala-library version: 3.3.6
2025.10.08 01:07:24 INFO  no build target found for /home/alex/IdeaProjects/ILang/src/main/scala/parser/SyntaxAnalyzer.scala. Using presentation compiler with project's scala-library version: 3.3.6
2025.10.08 01:07:24 INFO  no build target found for /home/alex/IdeaProjects/ILang/src/main/scala/parser/SyntaxAnalyzer.scala. Using presentation compiler with project's scala-library version: 3.3.6
2025.10.08 01:07:24 INFO  no build target found for /home/alex/IdeaProjects/ILang/src/main/scala/parser/SyntaxAnalyzer.scala. Using presentation compiler with project's scala-library version: 3.3.6
2025.10.08 01:07:24 INFO  no build target found for /home/alex/IdeaProjects/ILang/src/main/scala/parser/SyntaxAnalyzer.scala. Using presentation compiler with project's scala-library version: 3.3.6
2025.10.08 01:07:24 INFO  no build target found for /home/alex/IdeaProjects/ILang/src/main/scala/parser/SyntaxAnalyzer.scala. Using presentation compiler with project's scala-library version: 3.3.6
2025.10.08 01:07:24 INFO  no build target found for /home/alex/IdeaProjects/ILang/src/main/scala/parser/SyntaxAnalyzer.scala. Using presentation compiler with project's scala-library version: 3.3.6
2025.10.08 01:07:25 INFO  no build target found for /home/alex/IdeaProjects/ILang/src/main/scala/parser/SyntaxAnalyzer.scala. Using presentation compiler with project's scala-library version: 3.3.6
2025.10.08 01:07:24 INFO  no build target found for /home/alex/IdeaProjects/ILang/src/main/scala/parser/SyntaxAnalyzer.scala. Using presentation compiler with project's scala-library version: 3.3.6
2025.10.08 01:07:25 INFO  no build target found for /home/alex/IdeaProjects/ILang/src/main/scala/parser/SyntaxAnalyzer.scala. Using presentation compiler with project's scala-library version: 3.3.6
2025.10.08 01:07:25 INFO  no build target found for /home/alex/IdeaProjects/ILang/src/main/scala/parser/SyntaxAnalyzer.scala. Using presentation compiler with project's scala-library version: 3.3.6
2025.10.08 01:07:25 INFO  no build target found for /home/alex/IdeaProjects/ILang/src/main/scala/parser/SyntaxAnalyzer.scala. Using presentation compiler with project's scala-library version: 3.3.6
2025.10.08 01:07:26 INFO  no build target found for /home/alex/IdeaProjects/ILang/src/main/scala/parser/SyntaxAnalyzer.scala. Using presentation compiler with project's scala-library version: 3.3.6
2025.10.08 01:07:25 INFO  no build target found for /home/alex/IdeaProjects/ILang/src/main/scala/parser/SyntaxAnalyzer.scala. Using presentation compiler with project's scala-library version: 3.3.6
2025.10.08 01:07:25 INFO  no build target found for /home/alex/IdeaProjects/ILang/src/main/scala/parser/SyntaxAnalyzer.scala. Using presentation compiler with project's scala-library version: 3.3.6
2025.10.08 01:07:26 INFO  no build target found for /home/alex/IdeaProjects/ILang/src/main/scala/parser/SyntaxAnalyzer.scala. Using presentation compiler with project's scala-library version: 3.3.6
2025.10.08 01:07:26 INFO  no build target found for /home/alex/IdeaProjects/ILang/src/main/scala/parser/SyntaxAnalyzer.scala. Using presentation compiler with project's scala-library version: 3.3.6
2025.10.08 01:07:26 INFO  no build target found for /home/alex/IdeaProjects/ILang/src/main/scala/parser/SyntaxAnalyzer.scala. Using presentation compiler with project's scala-library version: 3.3.6
2025.10.08 01:07:26 INFO  no build target found for /home/alex/IdeaProjects/ILang/src/main/scala/parser/SyntaxAnalyzer.scala. Using presentation compiler with project's scala-library version: 3.3.6
2025.10.08 01:07:26 INFO  no build target found for /home/alex/IdeaProjects/ILang/src/main/scala/parser/SyntaxAnalyzer.scala. Using presentation compiler with project's scala-library version: 3.3.6
2025.10.08 01:07:27 INFO  no build target found for /home/alex/IdeaProjects/ILang/src/main/scala/parser/SyntaxAnalyzer.scala. Using presentation compiler with project's scala-library version: 3.3.6
2025.10.08 01:07:26 INFO  no build target found for /home/alex/IdeaProjects/ILang/src/main/scala/parser/SyntaxAnalyzer.scala. Using presentation compiler with project's scala-library version: 3.3.6
2025.10.08 01:07:27 INFO  no build target found for /home/alex/IdeaProjects/ILang/src/main/scala/parser/SyntaxAnalyzer.scala. Using presentation compiler with project's scala-library version: 3.3.6
2025.10.08 01:07:27 INFO  no build target found for /home/alex/IdeaProjects/ILang/src/main/scala/parser/SyntaxAnalyzer.scala. Using presentation compiler with project's scala-library version: 3.3.6
2025.10.08 01:07:27 INFO  no build target found for /home/alex/IdeaProjects/ILang/src/main/scala/parser/SyntaxAnalyzer.scala. Using presentation compiler with project's scala-library version: 3.3.6
2025.10.08 01:07:27 INFO  no build target found for /home/alex/IdeaProjects/ILang/src/main/scala/parser/SyntaxAnalyzer.scala. Using presentation compiler with project's scala-library version: 3.3.6
2025.10.08 01:07:27 INFO  no build target found for /home/alex/IdeaProjects/ILang/src/main/scala/parser/SyntaxAnalyzer.scala. Using presentation compiler with project's scala-library version: 3.3.6
2025.10.08 01:07:27 INFO  no build target found for /home/alex/IdeaProjects/ILang/src/main/scala/parser/SyntaxAnalyzer.scala. Using presentation compiler with project's scala-library version: 3.3.6
2025.10.08 01:07:28 INFO  no build target found for /home/alex/IdeaProjects/ILang/src/main/scala/parser/SyntaxAnalyzer.scala. Using presentation compiler with project's scala-library version: 3.3.6
2025.10.08 01:07:27 INFO  no build target found for /home/alex/IdeaProjects/ILang/src/main/scala/parser/SyntaxAnalyzer.scala. Using presentation compiler with project's scala-library version: 3.3.6
2025.10.08 01:07:28 INFO  no build target found for /home/alex/IdeaProjects/ILang/src/main/scala/parser/SyntaxAnalyzer.scala. Using presentation compiler with project's scala-library version: 3.3.6
2025.10.08 01:07:29 INFO  no build target found for /home/alex/IdeaProjects/ILang/src/main/scala/parser/SyntaxAnalyzer.scala. Using presentation compiler with project's scala-library version: 3.3.6
2025.10.08 01:07:28 INFO  no build target found for /home/alex/IdeaProjects/ILang/src/main/scala/parser/SyntaxAnalyzer.scala. Using presentation compiler with project's scala-library version: 3.3.6
2025.10.08 01:07:29 INFO  no build target found for /home/alex/IdeaProjects/ILang/src/main/scala/parser/SyntaxAnalyzer.scala. Using presentation compiler with project's scala-library version: 3.3.6
2025.10.08 01:07:28 INFO  no build target found for /home/alex/IdeaProjects/ILang/src/main/scala/parser/SyntaxAnalyzer.scala. Using presentation compiler with project's scala-library version: 3.3.6
2025.10.08 01:07:29 INFO  no build target found for /home/alex/IdeaProjects/ILang/src/main/scala/parser/SyntaxAnalyzer.scala. Using presentation compiler with project's scala-library version: 3.3.6
2025.10.08 01:07:29 INFO  no build target found for /home/alex/IdeaProjects/ILang/src/main/scala/parser/SyntaxAnalyzer.scala. Using presentation compiler with project's scala-library version: 3.3.6
2025.10.08 01:07:29 INFO  no build target found for /home/alex/IdeaProjects/ILang/src/main/scala/parser/SyntaxAnalyzer.scala. Using presentation compiler with project's scala-library version: 3.3.6
2025.10.08 01:07:30 INFO  no build target found for /home/alex/IdeaProjects/ILang/src/main/scala/parser/SyntaxAnalyzer.scala. Using presentation compiler with project's scala-library version: 3.3.6
2025.10.08 01:07:30 INFO  no build target found for /home/alex/IdeaProjects/ILang/src/main/scala/parser/SyntaxAnalyzer.scala. Using presentation compiler with project's scala-library version: 3.3.6
2025.10.08 01:07:30 INFO  no build target found for /home/alex/IdeaProjects/ILang/src/main/scala/parser/SyntaxAnalyzer.scala. Using presentation compiler with project's scala-library version: 3.3.6
2025.10.08 01:07:30 INFO  no build target found for /home/alex/IdeaProjects/ILang/src/main/scala/parser/SyntaxAnalyzer.scala. Using presentation compiler with project's scala-library version: 3.3.6
2025.10.08 01:07:29 INFO  no build target found for /home/alex/IdeaProjects/ILang/src/main/scala/parser/SyntaxAnalyzer.scala. Using presentation compiler with project's scala-library version: 3.3.6
2025.10.08 01:07:30 INFO  no build target found for /home/alex/IdeaProjects/ILang/src/main/scala/parser/SyntaxAnalyzer.scala. Using presentation compiler with project's scala-library version: 3.3.6
2025.10.08 01:07:30 INFO  no build target found for /home/alex/IdeaProjects/ILang/src/main/scala/parser/SyntaxAnalyzer.scala. Using presentation compiler with project's scala-library version: 3.3.6
2025.10.08 01:07:30 INFO  no build target found for /home/alex/IdeaProjects/ILang/src/main/scala/parser/SyntaxAnalyzer.scala. Using presentation compiler with project's scala-library version: 3.3.6
2025.10.08 01:07:30 INFO  no build target found for /home/alex/IdeaProjects/ILang/src/main/scala/parser/SyntaxAnalyzer.scala. Using presentation compiler with project's scala-library version: 3.3.6
2025.10.08 01:07:31 INFO  no build target found for /home/alex/IdeaProjects/ILang/src/main/scala/parser/SyntaxAnalyzer.scala. Using presentation compiler with project's scala-library version: 3.3.6
2025.10.08 01:07:31 INFO  no build target found for /home/alex/IdeaProjects/ILang/src/main/scala/parser/SyntaxAnalyzer.scala. Using presentation compiler with project's scala-library version: 3.3.6
2025.10.08 01:07:31 INFO  no build target found for /home/alex/IdeaProjects/ILang/src/main/scala/parser/SyntaxAnalyzer.scala. Using presentation compiler with project's scala-library version: 3.3.6
2025.10.08 01:07:30 INFO  no build target found for /home/alex/IdeaProjects/ILang/src/main/scala/parser/SyntaxAnalyzer.scala. Using presentation compiler with project's scala-library version: 3.3.6
2025.10.08 01:07:31 INFO  no build target found for /home/alex/IdeaProjects/ILang/src/main/scala/parser/SyntaxAnalyzer.scala. Using presentation compiler with project's scala-library version: 3.3.6
2025.10.08 01:07:32 INFO  no build target found for /home/alex/IdeaProjects/ILang/src/main/scala/parser/SyntaxAnalyzer.scala. Using presentation compiler with project's scala-library version: 3.3.6
2025.10.08 01:07:31 INFO  no build target found for /home/alex/IdeaProjects/ILang/src/main/scala/parser/SyntaxAnalyzer.scala. Using presentation compiler with project's scala-library version: 3.3.6
2025.10.08 01:07:31 INFO  no build target found for /home/alex/IdeaProjects/ILang/src/main/scala/parser/SyntaxAnalyzer.scala. Using presentation compiler with project's scala-library version: 3.3.6
2025.10.08 01:07:32 INFO  no build target found for /home/alex/IdeaProjects/ILang/src/main/scala/parser/SyntaxAnalyzer.scala. Using presentation compiler with project's scala-library version: 3.3.6
2025.10.08 01:07:32 INFO  no build target found for /home/alex/IdeaProjects/ILang/src/main/scala/parser/SyntaxAnalyzer.scala. Using presentation compiler with project's scala-library version: 3.3.6
2025.10.08 01:07:32 INFO  no build target found for /home/alex/IdeaProjects/ILang/src/main/scala/parser/SyntaxAnalyzer.scala. Using presentation compiler with project's scala-library version: 3.3.6
2025.10.08 01:07:32 INFO  no build target found for /home/alex/IdeaProjects/ILang/src/main/scala/parser/SyntaxAnalyzer.scala. Using presentation compiler with project's scala-library version: 3.3.6
2025.10.08 01:07:32 INFO  no build target found for /home/alex/IdeaProjects/ILang/src/main/scala/parser/SyntaxAnalyzer.scala. Using presentation compiler with project's scala-library version: 3.3.6
2025.10.08 01:07:32 INFO  no build target found for /home/alex/IdeaProjects/ILang/src/main/scala/parser/SyntaxAnalyzer.scala. Using presentation compiler with project's scala-library version: 3.3.6
2025.10.08 01:07:32 INFO  no build target found for /home/alex/IdeaProjects/ILang/src/main/scala/parser/SyntaxAnalyzer.scala. Using presentation compiler with project's scala-library version: 3.3.6
2025.10.08 01:07:32 INFO  no build target found for /home/alex/IdeaProjects/ILang/src/main/scala/parser/SyntaxAnalyzer.scala. Using presentation compiler with project's scala-library version: 3.3.6
2025.10.08 01:07:34 INFO  no build target found for /home/alex/IdeaProjects/ILang/src/main/scala/parser/SyntaxAnalyzer.scala. Using presentation compiler with project's scala-library version: 3.3.6
2025.10.08 01:07:34 INFO  no build target found for /home/alex/IdeaProjects/ILang/src/main/scala/parser/SyntaxAnalyzer.scala. Using presentation compiler with project's scala-library version: 3.3.6
2025.10.08 01:07:34 INFO  no build target found for /home/alex/IdeaProjects/ILang/src/main/scala/parser/SyntaxAnalyzer.scala. Using presentation compiler with project's scala-library version: 3.3.6
2025.10.08 01:07:34 INFO  no build target found for /home/alex/IdeaProjects/ILang/src/main/scala/parser/SyntaxAnalyzer.scala. Using presentation compiler with project's scala-library version: 3.3.6
2025.10.08 01:07:34 INFO  no build target found for /home/alex/IdeaProjects/ILang/src/main/scala/parser/SyntaxAnalyzer.scala. Using presentation compiler with project's scala-library version: 3.3.6
2025.10.08 01:07:34 INFO  no build target found for /home/alex/IdeaProjects/ILang/src/main/scala/parser/SyntaxAnalyzer.scala. Using presentation compiler with project's scala-library version: 3.3.6
2025.10.08 01:07:34 INFO  no build target found for /home/alex/IdeaProjects/ILang/src/main/scala/parser/SyntaxAnalyzer.scala. Using presentation compiler with project's scala-library version: 3.3.6
2025.10.08 01:07:34 INFO  no build target found for /home/alex/IdeaProjects/ILang/src/main/scala/parser/SyntaxAnalyzer.scala. Using presentation compiler with project's scala-library version: 3.3.6
2025.10.08 01:07:35 INFO  no build target found for /home/alex/IdeaProjects/ILang/src/main/scala/parser/SyntaxAnalyzer.scala. Using presentation compiler with project's scala-library version: 3.3.6
2025.10.08 01:07:34 INFO  no build target found for /home/alex/IdeaProjects/ILang/src/main/scala/parser/SyntaxAnalyzer.scala. Using presentation compiler with project's scala-library version: 3.3.6
2025.10.08 01:07:35 INFO  no build target found for /home/alex/IdeaProjects/ILang/src/main/scala/parser/SyntaxAnalyzer.scala. Using presentation compiler with project's scala-library version: 3.3.6
2025.10.08 01:07:35 INFO  no build target found for /home/alex/IdeaProjects/ILang/src/main/scala/parser/SyntaxAnalyzer.scala. Using presentation compiler with project's scala-library version: 3.3.6
2025.10.08 01:07:35 INFO  no build target found for /home/alex/IdeaProjects/ILang/src/main/scala/parser/SyntaxAnalyzer.scala. Using presentation compiler with project's scala-library version: 3.3.6
2025.10.08 01:07:35 INFO  no build target found for /home/alex/IdeaProjects/ILang/src/main/scala/parser/SyntaxAnalyzer.scala. Using presentation compiler with project's scala-library version: 3.3.6
2025.10.08 01:07:35 INFO  no build target found for /home/alex/IdeaProjects/ILang/src/main/scala/parser/SyntaxAnalyzer.scala. Using presentation compiler with project's scala-library version: 3.3.6
2025.10.08 01:07:35 INFO  no build target found for /home/alex/IdeaProjects/ILang/src/main/scala/parser/SyntaxAnalyzer.scala. Using presentation compiler with project's scala-library version: 3.3.6
2025.10.08 01:07:36 INFO  no build target found for /home/alex/IdeaProjects/ILang/src/main/scala/parser/SyntaxAnalyzer.scala. Using presentation compiler with project's scala-library version: 3.3.6
2025.10.08 01:07:35 INFO  no build target found for /home/alex/IdeaProjects/ILang/src/main/scala/parser/SyntaxAnalyzer.scala. Using presentation compiler with project's scala-library version: 3.3.6
2025.10.08 01:07:36 INFO  no build target found for /home/alex/IdeaProjects/ILang/src/main/scala/parser/SyntaxAnalyzer.scala. Using presentation compiler with project's scala-library version: 3.3.6
2025.10.08 01:07:36 INFO  no build target found for /home/alex/IdeaProjects/ILang/src/main/scala/parser/SyntaxAnalyzer.scala. Using presentation compiler with project's scala-library version: 3.3.6
2025.10.08 01:07:36 INFO  no build target found for /home/alex/IdeaProjects/ILang/src/main/scala/parser/SyntaxAnalyzer.scala. Using presentation compiler with project's scala-library version: 3.3.6
2025.10.08 01:07:36 INFO  no build target found for /home/alex/IdeaProjects/ILang/src/main/scala/parser/SyntaxAnalyzer.scala. Using presentation compiler with project's scala-library version: 3.3.6
2025.10.08 01:07:36 INFO  no build target found for /home/alex/IdeaProjects/ILang/src/main/scala/parser/SyntaxAnalyzer.scala. Using presentation compiler with project's scala-library version: 3.3.6
2025.10.08 01:07:36 INFO  no build target found for /home/alex/IdeaProjects/ILang/src/main/scala/parser/SyntaxAnalyzer.scala. Using presentation compiler with project's scala-library version: 3.3.6
2025.10.08 01:07:37 INFO  no build target found for /home/alex/IdeaProjects/ILang/src/main/scala/parser/SyntaxAnalyzer.scala. Using presentation compiler with project's scala-library version: 3.3.6
2025.10.08 01:07:36 INFO  no build target found for /home/alex/IdeaProjects/ILang/src/main/scala/parser/SyntaxAnalyzer.scala. Using presentation compiler with project's scala-library version: 3.3.6
2025.10.08 01:07:37 INFO  no build target found for /home/alex/IdeaProjects/ILang/src/main/scala/parser/SyntaxAnalyzer.scala. Using presentation compiler with project's scala-library version: 3.3.6
2025.10.08 01:07:38 INFO  no build target found for /home/alex/IdeaProjects/ILang/src/main/scala/parser/SyntaxAnalyzer.scala. Using presentation compiler with project's scala-library version: 3.3.6
2025.10.08 01:07:37 INFO  no build target found for /home/alex/IdeaProjects/ILang/src/main/scala/parser/SyntaxAnalyzer.scala. Using presentation compiler with project's scala-library version: 3.3.6
2025.10.08 01:07:38 INFO  no build target found for /home/alex/IdeaProjects/ILang/src/main/scala/parser/SyntaxAnalyzer.scala. Using presentation compiler with project's scala-library version: 3.3.6
2025.10.08 01:07:37 INFO  no build target found for /home/alex/IdeaProjects/ILang/src/main/scala/parser/SyntaxAnalyzer.scala. Using presentation compiler with project's scala-library version: 3.3.6
2025.10.08 01:07:38 INFO  no build target found for /home/alex/IdeaProjects/ILang/src/main/scala/parser/SyntaxAnalyzer.scala. Using presentation compiler with project's scala-library version: 3.3.6
2025.10.08 01:07:38 INFO  no build target found for /home/alex/IdeaProjects/ILang/src/main/scala/parser/SyntaxAnalyzer.scala. Using presentation compiler with project's scala-library version: 3.3.6
2025.10.08 01:07:38 INFO  no build target found for /home/alex/IdeaProjects/ILang/src/main/scala/parser/SyntaxAnalyzer.scala. Using presentation compiler with project's scala-library version: 3.3.6
2025.10.08 01:07:38 INFO  no build target found for /home/alex/IdeaProjects/ILang/src/main/scala/parser/SyntaxAnalyzer.scala. Using presentation compiler with project's scala-library version: 3.3.6
2025.10.08 01:07:39 INFO  no build target found for /home/alex/IdeaProjects/ILang/src/main/scala/parser/SyntaxAnalyzer.scala. Using presentation compiler with project's scala-library version: 3.3.6
2025.10.08 01:07:38 INFO  no build target found for /home/alex/IdeaProjects/ILang/src/main/scala/parser/SyntaxAnalyzer.scala. Using presentation compiler with project's scala-library version: 3.3.6
2025.10.08 01:07:39 INFO  no build target found for /home/alex/IdeaProjects/ILang/src/main/scala/parser/SyntaxAnalyzer.scala. Using presentation compiler with project's scala-library version: 3.3.6
2025.10.08 01:07:38 INFO  no build target found for /home/alex/IdeaProjects/ILang/src/main/scala/parser/SyntaxAnalyzer.scala. Using presentation compiler with project's scala-library version: 3.3.6
2025.10.08 01:07:39 INFO  no build target found for /home/alex/IdeaProjects/ILang/src/main/scala/parser/SyntaxAnalyzer.scala. Using presentation compiler with project's scala-library version: 3.3.6
2025.10.08 01:07:40 INFO  no build target found for /home/alex/IdeaProjects/ILang/src/main/scala/parser/SyntaxAnalyzer.scala. Using presentation compiler with project's scala-library version: 3.3.6
2025.10.08 01:07:39 INFO  no build target found for /home/alex/IdeaProjects/ILang/src/main/scala/parser/SyntaxAnalyzer.scala. Using presentation compiler with project's scala-library version: 3.3.6
2025.10.08 01:07:40 INFO  no build target found for /home/alex/IdeaProjects/ILang/src/main/scala/parser/SyntaxAnalyzer.scala. Using presentation compiler with project's scala-library version: 3.3.6
2025.10.08 01:07:40 INFO  no build target found for /home/alex/IdeaProjects/ILang/src/main/scala/parser/SyntaxAnalyzer.scala. Using presentation compiler with project's scala-library version: 3.3.6
2025.10.08 01:07:40 INFO  no build target found for /home/alex/IdeaProjects/ILang/src/main/scala/parser/SyntaxAnalyzer.scala. Using presentation compiler with project's scala-library version: 3.3.6
2025.10.08 01:07:40 INFO  no build target found for /home/alex/IdeaProjects/ILang/src/main/scala/parser/SyntaxAnalyzer.scala. Using presentation compiler with project's scala-library version: 3.3.6
2025.10.08 01:07:40 INFO  no build target found for /home/alex/IdeaProjects/ILang/src/main/scala/parser/SyntaxAnalyzer.scala. Using presentation compiler with project's scala-library version: 3.3.6
2025.10.08 01:07:41 INFO  no build target found for /home/alex/IdeaProjects/ILang/src/main/scala/parser/SyntaxAnalyzer.scala. Using presentation compiler with project's scala-library version: 3.3.6
2025.10.08 01:07:41 INFO  no build target found for /home/alex/IdeaProjects/ILang/src/main/scala/parser/SyntaxAnalyzer.scala. Using presentation compiler with project's scala-library version: 3.3.6
2025.10.08 01:07:41 INFO  no build target found for /home/alex/IdeaProjects/ILang/src/main/scala/parser/SyntaxAnalyzer.scala. Using presentation compiler with project's scala-library version: 3.3.6
2025.10.08 01:07:41 INFO  no build target found for /home/alex/IdeaProjects/ILang/src/main/scala/parser/SyntaxAnalyzer.scala. Using presentation compiler with project's scala-library version: 3.3.6
2025.10.08 01:07:41 INFO  no build target found for /home/alex/IdeaProjects/ILang/src/main/scala/parser/SyntaxAnalyzer.scala. Using presentation compiler with project's scala-library version: 3.3.6
2025.10.08 01:07:41 INFO  no build target found for /home/alex/IdeaProjects/ILang/src/main/scala/parser/SyntaxAnalyzer.scala. Using presentation compiler with project's scala-library version: 3.3.6
2025.10.08 01:07:41 INFO  no build target found for /home/alex/IdeaProjects/ILang/src/main/scala/parser/SyntaxAnalyzer.scala. Using presentation compiler with project's scala-library version: 3.3.6
2025.10.08 01:07:41 INFO  no build target found for /home/alex/IdeaProjects/ILang/src/main/scala/parser/SyntaxAnalyzer.scala. Using presentation compiler with project's scala-library version: 3.3.6
2025.10.08 01:07:42 INFO  no build target found for /home/alex/IdeaProjects/ILang/src/main/scala/parser/SyntaxAnalyzer.scala. Using presentation compiler with project's scala-library version: 3.3.6
2025.10.08 01:07:42 INFO  no build target found for /home/alex/IdeaProjects/ILang/src/main/scala/parser/SyntaxAnalyzer.scala. Using presentation compiler with project's scala-library version: 3.3.6
2025.10.08 01:07:42 INFO  no build target found for /home/alex/IdeaProjects/ILang/src/main/scala/parser/SyntaxAnalyzer.scala. Using presentation compiler with project's scala-library version: 3.3.6
2025.10.08 01:07:42 INFO  no build target found for /home/alex/IdeaProjects/ILang/src/main/scala/parser/SyntaxAnalyzer.scala. Using presentation compiler with project's scala-library version: 3.3.6
2025.10.08 01:07:42 INFO  no build target found for /home/alex/IdeaProjects/ILang/src/main/scala/parser/SyntaxAnalyzer.scala. Using presentation compiler with project's scala-library version: 3.3.6
2025.10.08 01:07:42 INFO  no build target found for /home/alex/IdeaProjects/ILang/src/main/scala/parser/SyntaxAnalyzer.scala. Using presentation compiler with project's scala-library version: 3.3.6
2025.10.08 01:07:42 INFO  no build target found for /home/alex/IdeaProjects/ILang/src/main/scala/parser/SyntaxAnalyzer.scala. Using presentation compiler with project's scala-library version: 3.3.6
2025.10.08 01:07:42 INFO  no build target found for /home/alex/IdeaProjects/ILang/src/main/scala/parser/SyntaxAnalyzer.scala. Using presentation compiler with project's scala-library version: 3.3.6
2025.10.08 01:07:43 INFO  no build target found for /home/alex/IdeaProjects/ILang/src/main/scala/parser/SyntaxAnalyzer.scala. Using presentation compiler with project's scala-library version: 3.3.6
2025.10.08 01:07:43 INFO  no build target found for /home/alex/IdeaProjects/ILang/src/main/scala/parser/SyntaxAnalyzer.scala. Using presentation compiler with project's scala-library version: 3.3.6
2025.10.08 01:07:43 INFO  no build target found for /home/alex/IdeaProjects/ILang/src/main/scala/parser/SyntaxAnalyzer.scala. Using presentation compiler with project's scala-library version: 3.3.6
2025.10.08 01:07:43 INFO  no build target found for /home/alex/IdeaProjects/ILang/src/main/scala/parser/SyntaxAnalyzer.scala. Using presentation compiler with project's scala-library version: 3.3.6
2025.10.08 01:07:44 INFO  no build target found for /home/alex/IdeaProjects/ILang/src/main/scala/parser/SyntaxAnalyzer.scala. Using presentation compiler with project's scala-library version: 3.3.6
2025.10.08 01:07:43 INFO  no build target found for /home/alex/IdeaProjects/ILang/src/main/scala/parser/SyntaxAnalyzer.scala. Using presentation compiler with project's scala-library version: 3.3.6
2025.10.08 01:07:44 INFO  no build target found for /home/alex/IdeaProjects/ILang/src/main/scala/parser/SyntaxAnalyzer.scala. Using presentation compiler with project's scala-library version: 3.3.6
2025.10.08 01:07:43 INFO  no build target found for /home/alex/IdeaProjects/ILang/src/main/scala/parser/SyntaxAnalyzer.scala. Using presentation compiler with project's scala-library version: 3.3.6
2025.10.08 01:07:44 INFO  no build target found for /home/alex/IdeaProjects/ILang/src/main/scala/parser/SyntaxAnalyzer.scala. Using presentation compiler with project's scala-library version: 3.3.6
2025.10.08 01:07:45 INFO  no build target found for /home/alex/IdeaProjects/ILang/src/main/scala/parser/SyntaxAnalyzer.scala. Using presentation compiler with project's scala-library version: 3.3.6
2025.10.08 01:07:44 INFO  no build target found for /home/alex/IdeaProjects/ILang/src/main/scala/parser/SyntaxAnalyzer.scala. Using presentation compiler with project's scala-library version: 3.3.6
2025.10.08 01:07:45 INFO  no build target found for /home/alex/IdeaProjects/ILang/src/main/scala/parser/SyntaxAnalyzer.scala. Using presentation compiler with project's scala-library version: 3.3.6
2025.10.08 01:07:45 INFO  no build target found for /home/alex/IdeaProjects/ILang/src/main/scala/parser/SyntaxAnalyzer.scala. Using presentation compiler with project's scala-library version: 3.3.6
2025.10.08 01:07:45 INFO  no build target found for /home/alex/IdeaProjects/ILang/src/main/scala/parser/SyntaxAnalyzer.scala. Using presentation compiler with project's scala-library version: 3.3.6
2025.10.08 01:07:45 INFO  no build target found for /home/alex/IdeaProjects/ILang/src/main/scala/parser/SyntaxAnalyzer.scala. Using presentation compiler with project's scala-library version: 3.3.6
2025.10.08 01:07:45 INFO  no build target found for /home/alex/IdeaProjects/ILang/src/main/scala/parser/SyntaxAnalyzer.scala. Using presentation compiler with project's scala-library version: 3.3.6
2025.10.08 01:07:45 INFO  no build target found for /home/alex/IdeaProjects/ILang/src/main/scala/parser/SyntaxAnalyzer.scala. Using presentation compiler with project's scala-library version: 3.3.6
2025.10.08 01:07:46 INFO  no build target found for /home/alex/IdeaProjects/ILang/src/main/scala/parser/SyntaxAnalyzer.scala. Using presentation compiler with project's scala-library version: 3.3.6
2025.10.08 01:07:45 INFO  no build target found for /home/alex/IdeaProjects/ILang/src/main/scala/parser/SyntaxAnalyzer.scala. Using presentation compiler with project's scala-library version: 3.3.6
2025.10.08 01:07:46 INFO  no build target found for /home/alex/IdeaProjects/ILang/src/main/scala/parser/SyntaxAnalyzer.scala. Using presentation compiler with project's scala-library version: 3.3.6
2025.10.08 01:07:45 INFO  no build target found for /home/alex/IdeaProjects/ILang/src/main/scala/parser/SyntaxAnalyzer.scala. Using presentation compiler with project's scala-library version: 3.3.6
2025.10.08 01:07:46 INFO  no build target found for /home/alex/IdeaProjects/ILang/src/main/scala/parser/SyntaxAnalyzer.scala. Using presentation compiler with project's scala-library version: 3.3.6
2025.10.08 01:07:46 INFO  no build target found for /home/alex/IdeaProjects/ILang/src/main/scala/parser/SyntaxAnalyzer.scala. Using presentation compiler with project's scala-library version: 3.3.6
2025.10.08 01:07:46 INFO  no build target found for /home/alex/IdeaProjects/ILang/src/main/scala/parser/SyntaxAnalyzer.scala. Using presentation compiler with project's scala-library version: 3.3.6
Oct 08, 2025 1:07:47 AM org.eclipse.lsp4j.jsonrpc.RemoteEndpoint handleCancellation
WARNING: Unmatched cancel notification for request id 862
2025.10.08 01:07:46 INFO  no build target found for /home/alex/IdeaProjects/ILang/src/main/scala/parser/SyntaxAnalyzer.scala. Using presentation compiler with project's scala-library version: 3.3.6
2025.10.08 01:07:47 INFO  no build target found for /home/alex/IdeaProjects/ILang/src/main/scala/parser/SyntaxAnalyzer.scala. Using presentation compiler with project's scala-library version: 3.3.6
2025.10.08 01:07:46 INFO  no build target found for /home/alex/IdeaProjects/ILang/src/main/scala/parser/SyntaxAnalyzer.scala. Using presentation compiler with project's scala-library version: 3.3.6
2025.10.08 01:07:47 INFO  no build target found for /home/alex/IdeaProjects/ILang/src/main/scala/parser/SyntaxAnalyzer.scala. Using presentation compiler with project's scala-library version: 3.3.6
2025.10.08 01:07:47 INFO  no build target found for /home/alex/IdeaProjects/ILang/src/main/scala/parser/SyntaxAnalyzer.scala. Using presentation compiler with project's scala-library version: 3.3.6
2025.10.08 01:07:47 INFO  no build target found for /home/alex/IdeaProjects/ILang/src/main/scala/parser/SyntaxAnalyzer.scala. Using presentation compiler with project's scala-library version: 3.3.6
2025.10.08 01:07:47 INFO  no build target found for /home/alex/IdeaProjects/ILang/src/main/scala/parser/SyntaxAnalyzer.scala. Using presentation compiler with project's scala-library version: 3.3.6
2025.10.08 01:07:47 INFO  no build target found for /home/alex/IdeaProjects/ILang/src/main/scala/parser/SyntaxAnalyzer.scala. Using presentation compiler with project's scala-library version: 3.3.6
2025.10.08 01:07:47 INFO  no build target found for /home/alex/IdeaProjects/ILang/src/main/scala/parser/SyntaxAnalyzer.scala. Using presentation compiler with project's scala-library version: 3.3.6
2025.10.08 01:07:47 INFO  no build target found for /home/alex/IdeaProjects/ILang/src/main/scala/parser/SyntaxAnalyzer.scala. Using presentation compiler with project's scala-library version: 3.3.6
2025.10.08 01:07:48 INFO  no build target found for /home/alex/IdeaProjects/ILang/src/main/scala/parser/SyntaxAnalyzer.scala. Using presentation compiler with project's scala-library version: 3.3.6
2025.10.08 01:07:48 INFO  no build target found for /home/alex/IdeaProjects/ILang/src/main/scala/parser/SyntaxAnalyzer.scala. Using presentation compiler with project's scala-library version: 3.3.6
2025.10.08 01:07:48 INFO  no build target found for /home/alex/IdeaProjects/ILang/src/main/scala/parser/SyntaxAnalyzer.scala. Using presentation compiler with project's scala-library version: 3.3.6
2025.10.08 01:07:48 INFO  no build target found for /home/alex/IdeaProjects/ILang/src/main/scala/parser/SyntaxAnalyzer.scala. Using presentation compiler with project's scala-library version: 3.3.6
2025.10.08 01:07:48 INFO  no build target found for /home/alex/IdeaProjects/ILang/src/main/scala/parser/SyntaxAnalyzer.scala. Using presentation compiler with project's scala-library version: 3.3.6
2025.10.08 01:07:48 INFO  no build target found for /home/alex/IdeaProjects/ILang/src/main/scala/parser/SyntaxAnalyzer.scala. Using presentation compiler with project's scala-library version: 3.3.6
2025.10.08 01:07:48 INFO  no build target found for /home/alex/IdeaProjects/ILang/src/main/scala/parser/SyntaxAnalyzer.scala. Using presentation compiler with project's scala-library version: 3.3.6
2025.10.08 01:07:48 INFO  no build target found for /home/alex/IdeaProjects/ILang/src/main/scala/parser/SyntaxAnalyzer.scala. Using presentation compiler with project's scala-library version: 3.3.6
2025.10.08 01:07:48 INFO  no build target found for /home/alex/IdeaProjects/ILang/src/main/scala/parser/SyntaxAnalyzer.scala. Using presentation compiler with project's scala-library version: 3.3.6
2025.10.08 01:07:50 INFO  no build target found for /home/alex/IdeaProjects/ILang/src/main/scala/parser/SyntaxAnalyzer.scala. Using presentation compiler with project's scala-library version: 3.3.6
2025.10.08 01:07:50 INFO  no build target found for /home/alex/IdeaProjects/ILang/src/main/scala/parser/SyntaxAnalyzer.scala. Using presentation compiler with project's scala-library version: 3.3.6
2025.10.08 01:07:50 INFO  no build target found for /home/alex/IdeaProjects/ILang/src/main/scala/parser/SyntaxAnalyzer.scala. Using presentation compiler with project's scala-library version: 3.3.6
2025.10.08 01:07:50 INFO  no build target found for /home/alex/IdeaProjects/ILang/src/main/scala/parser/SyntaxAnalyzer.scala. Using presentation compiler with project's scala-library version: 3.3.6
2025.10.08 01:07:50 INFO  no build target found for /home/alex/IdeaProjects/ILang/src/main/scala/parser/SyntaxAnalyzer.scala. Using presentation compiler with project's scala-library version: 3.3.6
2025.10.08 01:07:50 INFO  no build target found for /home/alex/IdeaProjects/ILang/src/main/scala/parser/SyntaxAnalyzer.scala. Using presentation compiler with project's scala-library version: 3.3.6
2025.10.08 01:07:50 INFO  no build target found for /home/alex/IdeaProjects/ILang/src/main/scala/parser/SyntaxAnalyzer.scala. Using presentation compiler with project's scala-library version: 3.3.6
2025.10.08 01:07:50 INFO  no build target found for /home/alex/IdeaProjects/ILang/src/main/scala/parser/SyntaxAnalyzer.scala. Using presentation compiler with project's scala-library version: 3.3.6
2025.10.08 01:07:51 INFO  no build target found for /home/alex/IdeaProjects/ILang/src/main/scala/parser/SyntaxAnalyzer.scala. Using presentation compiler with project's scala-library version: 3.3.6
2025.10.08 01:07:51 INFO  no build target found for /home/alex/IdeaProjects/ILang/src/main/scala/parser/SyntaxAnalyzer.scala. Using presentation compiler with project's scala-library version: 3.3.6
2025.10.08 01:07:51 INFO  no build target found for /home/alex/IdeaProjects/ILang/src/main/scala/parser/SyntaxAnalyzer.scala. Using presentation compiler with project's scala-library version: 3.3.6
2025.10.08 01:07:51 INFO  no build target found for /home/alex/IdeaProjects/ILang/src/main/scala/parser/SyntaxAnalyzer.scala. Using presentation compiler with project's scala-library version: 3.3.6
2025.10.08 01:07:51 INFO  no build target found for /home/alex/IdeaProjects/ILang/src/main/scala/parser/SyntaxAnalyzer.scala. Using presentation compiler with project's scala-library version: 3.3.6
2025.10.08 01:07:51 INFO  no build target found for /home/alex/IdeaProjects/ILang/src/main/scala/parser/SyntaxAnalyzer.scala. Using presentation compiler with project's scala-library version: 3.3.6
2025.10.08 01:07:51 INFO  no build target found for /home/alex/IdeaProjects/ILang/src/main/scala/parser/SyntaxAnalyzer.scala. Using presentation compiler with project's scala-library version: 3.3.6
2025.10.08 01:07:51 INFO  no build target found for /home/alex/IdeaProjects/ILang/src/main/scala/parser/SyntaxAnalyzer.scala. Using presentation compiler with project's scala-library version: 3.3.6
2025.10.08 01:07:52 INFO  no build target found for /home/alex/IdeaProjects/ILang/src/main/scala/parser/SyntaxAnalyzer.scala. Using presentation compiler with project's scala-library version: 3.3.6
2025.10.08 01:07:52 INFO  no build target found for /home/alex/IdeaProjects/ILang/src/main/scala/parser/SyntaxAnalyzer.scala. Using presentation compiler with project's scala-library version: 3.3.6
2025.10.08 01:07:52 INFO  no build target found for /home/alex/IdeaProjects/ILang/src/main/scala/parser/SyntaxAnalyzer.scala. Using presentation compiler with project's scala-library version: 3.3.6
2025.10.08 01:07:52 INFO  no build target found for /home/alex/IdeaProjects/ILang/src/main/scala/parser/SyntaxAnalyzer.scala. Using presentation compiler with project's scala-library version: 3.3.6
2025.10.08 01:07:52 INFO  no build target found for /home/alex/IdeaProjects/ILang/src/main/scala/parser/SyntaxAnalyzer.scala. Using presentation compiler with project's scala-library version: 3.3.6
2025.10.08 01:07:52 INFO  no build target found for /home/alex/IdeaProjects/ILang/src/main/scala/parser/SyntaxAnalyzer.scala. Using presentation compiler with project's scala-library version: 3.3.6
2025.10.08 01:07:52 INFO  no build target found for /home/alex/IdeaProjects/ILang/src/main/scala/parser/SyntaxAnalyzer.scala. Using presentation compiler with project's scala-library version: 3.3.6
2025.10.08 01:07:53 INFO  no build target found for /home/alex/IdeaProjects/ILang/src/main/scala/parser/SyntaxAnalyzer.scala. Using presentation compiler with project's scala-library version: 3.3.6
2025.10.08 01:07:53 INFO  no build target found for /home/alex/IdeaProjects/ILang/src/main/scala/parser/SyntaxAnalyzer.scala. Using presentation compiler with project's scala-library version: 3.3.6
2025.10.08 01:07:53 INFO  no build target found for /home/alex/IdeaProjects/ILang/src/main/scala/parser/SyntaxAnalyzer.scala. Using presentation compiler with project's scala-library version: 3.3.6
2025.10.08 01:07:53 INFO  no build target found for /home/alex/IdeaProjects/ILang/src/main/scala/parser/SyntaxAnalyzer.scala. Using presentation compiler with project's scala-library version: 3.3.6
2025.10.08 01:07:53 INFO  no build target found for /home/alex/IdeaProjects/ILang/src/main/scala/parser/SyntaxAnalyzer.scala. Using presentation compiler with project's scala-library version: 3.3.6
2025.10.08 01:07:53 INFO  no build target found for /home/alex/IdeaProjects/ILang/src/main/scala/parser/SyntaxAnalyzer.scala. Using presentation compiler with project's scala-library version: 3.3.6
2025.10.08 01:07:53 INFO  no build target found for /home/alex/IdeaProjects/ILang/src/main/scala/parser/SyntaxAnalyzer.scala. Using presentation compiler with project's scala-library version: 3.3.6
2025.10.08 01:07:53 INFO  no build target found for /home/alex/IdeaProjects/ILang/src/main/scala/parser/SyntaxAnalyzer.scala. Using presentation compiler with project's scala-library version: 3.3.6
2025.10.08 01:07:54 INFO  no build target found for /home/alex/IdeaProjects/ILang/src/main/scala/parser/SyntaxAnalyzer.scala. Using presentation compiler with project's scala-library version: 3.3.6
2025.10.08 01:07:53 INFO  no build target found for /home/alex/IdeaProjects/ILang/src/main/scala/parser/SyntaxAnalyzer.scala. Using presentation compiler with project's scala-library version: 3.3.6
2025.10.08 01:07:53 INFO  no build target found for /home/alex/IdeaProjects/ILang/src/main/scala/parser/SyntaxAnalyzer.scala. Using presentation compiler with project's scala-library version: 3.3.6
2025.10.08 01:07:53 INFO  no build target found for /home/alex/IdeaProjects/ILang/src/main/scala/parser/SyntaxAnalyzer.scala. Using presentation compiler with project's scala-library version: 3.3.6
2025.10.08 01:07:54 INFO  no build target found for /home/alex/IdeaProjects/ILang/src/main/scala/parser/SyntaxAnalyzer.scala. Using presentation compiler with project's scala-library version: 3.3.6
2025.10.08 01:07:53 INFO  no build target found for /home/alex/IdeaProjects/ILang/src/main/scala/parser/SyntaxAnalyzer.scala. Using presentation compiler with project's scala-library version: 3.3.6
2025.10.08 01:07:53 INFO  no build target found for /home/alex/IdeaProjects/ILang/src/main/scala/parser/SyntaxAnalyzer.scala. Using presentation compiler with project's scala-library version: 3.3.6
2025.10.08 01:07:54 INFO  no build target found for /home/alex/IdeaProjects/ILang/src/main/scala/parser/SyntaxAnalyzer.scala. Using presentation compiler with project's scala-library version: 3.3.6
2025.10.08 01:07:54 INFO  no build target found for /home/alex/IdeaProjects/ILang/src/main/scala/parser/SyntaxAnalyzer.scala. Using presentation compiler with project's scala-library version: 3.3.6
2025.10.08 01:07:54 INFO  no build target found for /home/alex/IdeaProjects/ILang/src/main/scala/parser/SyntaxAnalyzer.scala. Using presentation compiler with project's scala-library version: 3.3.6
2025.10.08 01:07:54 INFO  no build target found for /home/alex/IdeaProjects/ILang/src/main/scala/parser/SyntaxAnalyzer.scala. Using presentation compiler with project's scala-library version: 3.3.6
2025.10.08 01:07:54 INFO  no build target found for /home/alex/IdeaProjects/ILang/src/main/scala/parser/SyntaxAnalyzer.scala. Using presentation compiler with project's scala-library version: 3.3.6
2025.10.08 01:07:55 INFO  no build target found for /home/alex/IdeaProjects/ILang/src/main/scala/parser/SyntaxAnalyzer.scala. Using presentation compiler with project's scala-library version: 3.3.6
2025.10.08 01:07:54 INFO  no build target found for /home/alex/IdeaProjects/ILang/src/main/scala/parser/SyntaxAnalyzer.scala. Using presentation compiler with project's scala-library version: 3.3.6
2025.10.08 01:07:55 INFO  no build target found for /home/alex/IdeaProjects/ILang/src/main/scala/parser/SyntaxAnalyzer.scala. Using presentation compiler with project's scala-library version: 3.3.6
2025.10.08 01:07:56 INFO  no build target found for /home/alex/IdeaProjects/ILang/src/main/scala/parser/SyntaxAnalyzer.scala. Using presentation compiler with project's scala-library version: 3.3.6
2025.10.08 01:07:56 INFO  no build target found for /home/alex/IdeaProjects/ILang/src/main/scala/parser/SyntaxAnalyzer.scala. Using presentation compiler with project's scala-library version: 3.3.6
2025.10.08 01:07:56 INFO  no build target found for /home/alex/IdeaProjects/ILang/src/main/scala/parser/SyntaxAnalyzer.scala. Using presentation compiler with project's scala-library version: 3.3.6
2025.10.08 01:07:56 INFO  no build target found for /home/alex/IdeaProjects/ILang/src/main/scala/parser/SyntaxAnalyzer.scala. Using presentation compiler with project's scala-library version: 3.3.6
2025.10.08 01:07:56 INFO  no build target found for /home/alex/IdeaProjects/ILang/src/main/scala/parser/SyntaxAnalyzer.scala. Using presentation compiler with project's scala-library version: 3.3.6
2025.10.08 01:07:56 INFO  no build target found for /home/alex/IdeaProjects/ILang/src/main/scala/parser/SyntaxAnalyzer.scala. Using presentation compiler with project's scala-library version: 3.3.6
2025.10.08 01:07:56 INFO  no build target found for /home/alex/IdeaProjects/ILang/src/main/scala/parser/SyntaxAnalyzer.scala. Using presentation compiler with project's scala-library version: 3.3.6
2025.10.08 01:07:56 INFO  no build target found for /home/alex/IdeaProjects/ILang/src/main/scala/parser/SyntaxAnalyzer.scala. Using presentation compiler with project's scala-library version: 3.3.6
2025.10.08 01:07:56 INFO  no build target found for /home/alex/IdeaProjects/ILang/src/main/scala/parser/SyntaxAnalyzer.scala. Using presentation compiler with project's scala-library version: 3.3.6
2025.10.08 01:07:57 INFO  no build target found for /home/alex/IdeaProjects/ILang/src/main/scala/parser/SyntaxAnalyzer.scala. Using presentation compiler with project's scala-library version: 3.3.6
2025.10.08 01:07:57 INFO  no build target found for /home/alex/IdeaProjects/ILang/src/main/scala/parser/SyntaxAnalyzer.scala. Using presentation compiler with project's scala-library version: 3.3.6
2025.10.08 01:07:57 INFO  no build target found for /home/alex/IdeaProjects/ILang/src/main/scala/parser/SyntaxAnalyzer.scala. Using presentation compiler with project's scala-library version: 3.3.6
2025.10.08 01:07:57 INFO  no build target found for /home/alex/IdeaProjects/ILang/src/main/scala/parser/SyntaxAnalyzer.scala. Using presentation compiler with project's scala-library version: 3.3.6
2025.10.08 01:07:57 INFO  no build target found for /home/alex/IdeaProjects/ILang/src/main/scala/parser/SyntaxAnalyzer.scala. Using presentation compiler with project's scala-library version: 3.3.6
2025.10.08 01:07:58 INFO  no build target found for /home/alex/IdeaProjects/ILang/src/main/scala/parser/SyntaxAnalyzer.scala. Using presentation compiler with project's scala-library version: 3.3.6
2025.10.08 01:07:57 INFO  no build target found for /home/alex/IdeaProjects/ILang/src/main/scala/parser/SyntaxAnalyzer.scala. Using presentation compiler with project's scala-library version: 3.3.6
2025.10.08 01:07:58 INFO  no build target found for /home/alex/IdeaProjects/ILang/src/main/scala/parser/SyntaxAnalyzer.scala. Using presentation compiler with project's scala-library version: 3.3.6
2025.10.08 01:07:58 INFO  no build target found for /home/alex/IdeaProjects/ILang/src/main/scala/parser/SyntaxAnalyzer.scala. Using presentation compiler with project's scala-library version: 3.3.6
2025.10.08 01:07:58 INFO  no build target found for /home/alex/IdeaProjects/ILang/src/main/scala/parser/SyntaxAnalyzer.scala. Using presentation compiler with project's scala-library version: 3.3.6
2025.10.08 01:07:58 INFO  no build target found for /home/alex/IdeaProjects/ILang/src/main/scala/parser/SyntaxAnalyzer.scala. Using presentation compiler with project's scala-library version: 3.3.6
2025.10.08 01:07:58 INFO  no build target found for /home/alex/IdeaProjects/ILang/src/main/scala/parser/SyntaxAnalyzer.scala. Using presentation compiler with project's scala-library version: 3.3.6
2025.10.08 01:07:58 INFO  no build target found for /home/alex/IdeaProjects/ILang/src/main/scala/parser/SyntaxAnalyzer.scala. Using presentation compiler with project's scala-library version: 3.3.6
2025.10.08 01:07:58 INFO  no build target found for /home/alex/IdeaProjects/ILang/src/main/scala/parser/SyntaxAnalyzer.scala. Using presentation compiler with project's scala-library version: 3.3.6
2025.10.08 01:07:58 INFO  no build target found for /home/alex/IdeaProjects/ILang/src/main/scala/parser/SyntaxAnalyzer.scala. Using presentation compiler with project's scala-library version: 3.3.6
2025.10.08 01:07:58 INFO  no build target found for /home/alex/IdeaProjects/ILang/src/main/scala/parser/SyntaxAnalyzer.scala. Using presentation compiler with project's scala-library version: 3.3.6
2025.10.08 01:07:58 INFO  no build target found for /home/alex/IdeaProjects/ILang/src/main/scala/parser/SyntaxAnalyzer.scala. Using presentation compiler with project's scala-library version: 3.3.6
2025.10.08 01:07:59 INFO  no build target found for /home/alex/IdeaProjects/ILang/src/main/scala/parser/SyntaxAnalyzer.scala. Using presentation compiler with project's scala-library version: 3.3.6
2025.10.08 01:07:59 INFO  no build target found for /home/alex/IdeaProjects/ILang/src/main/scala/parser/SyntaxAnalyzer.scala. Using presentation compiler with project's scala-library version: 3.3.6
2025.10.08 01:07:59 INFO  no build target found for /home/alex/IdeaProjects/ILang/src/main/scala/parser/SyntaxAnalyzer.scala. Using presentation compiler with project's scala-library version: 3.3.6
2025.10.08 01:08:00 INFO  no build target found for /home/alex/IdeaProjects/ILang/src/main/scala/parser/SyntaxAnalyzer.scala. Using presentation compiler with project's scala-library version: 3.3.6
2025.10.08 01:07:59 INFO  no build target found for /home/alex/IdeaProjects/ILang/src/main/scala/parser/SyntaxAnalyzer.scala. Using presentation compiler with project's scala-library version: 3.3.6
2025.10.08 01:07:59 INFO  no build target found for /home/alex/IdeaProjects/ILang/src/main/scala/parser/SyntaxAnalyzer.scala. Using presentation compiler with project's scala-library version: 3.3.6
2025.10.08 01:07:59 INFO  no build target found for /home/alex/IdeaProjects/ILang/src/main/scala/parser/SyntaxAnalyzer.scala. Using presentation compiler with project's scala-library version: 3.3.6
2025.10.08 01:08:00 INFO  no build target found for /home/alex/IdeaProjects/ILang/src/main/scala/parser/SyntaxAnalyzer.scala. Using presentation compiler with project's scala-library version: 3.3.6
2025.10.08 01:08:00 INFO  no build target found for /home/alex/IdeaProjects/ILang/src/main/scala/parser/SyntaxAnalyzer.scala. Using presentation compiler with project's scala-library version: 3.3.6
2025.10.08 01:08:00 INFO  no build target found for /home/alex/IdeaProjects/ILang/src/main/scala/parser/SyntaxAnalyzer.scala. Using presentation compiler with project's scala-library version: 3.3.6
2025.10.08 01:08:01 INFO  no build target found for /home/alex/IdeaProjects/ILang/src/main/scala/parser/SyntaxAnalyzer.scala. Using presentation compiler with project's scala-library version: 3.3.6
2025.10.08 01:08:00 INFO  no build target found for /home/alex/IdeaProjects/ILang/src/main/scala/parser/SyntaxAnalyzer.scala. Using presentation compiler with project's scala-library version: 3.3.6
2025.10.08 01:08:01 INFO  no build target found for /home/alex/IdeaProjects/ILang/src/main/scala/parser/SyntaxAnalyzer.scala. Using presentation compiler with project's scala-library version: 3.3.6
2025.10.08 01:08:00 INFO  no build target found for /home/alex/IdeaProjects/ILang/src/main/scala/parser/SyntaxAnalyzer.scala. Using presentation compiler with project's scala-library version: 3.3.6
2025.10.08 01:08:01 INFO  no build target found for /home/alex/IdeaProjects/ILang/src/main/scala/parser/SyntaxAnalyzer.scala. Using presentation compiler with project's scala-library version: 3.3.6
2025.10.08 01:08:02 INFO  no build target found for /home/alex/IdeaProjects/ILang/src/main/scala/parser/SyntaxAnalyzer.scala. Using presentation compiler with project's scala-library version: 3.3.6
2025.10.08 01:08:01 INFO  no build target found for /home/alex/IdeaProjects/ILang/src/main/scala/parser/SyntaxAnalyzer.scala. Using presentation compiler with project's scala-library version: 3.3.6
2025.10.08 01:08:02 INFO  no build target found for /home/alex/IdeaProjects/ILang/src/main/scala/parser/SyntaxAnalyzer.scala. Using presentation compiler with project's scala-library version: 3.3.6
2025.10.08 01:08:02 INFO  no build target found for /home/alex/IdeaProjects/ILang/src/main/scala/parser/SyntaxAnalyzer.scala. Using presentation compiler with project's scala-library version: 3.3.6
2025.10.08 01:08:02 INFO  no build target found for /home/alex/IdeaProjects/ILang/src/main/scala/parser/SyntaxAnalyzer.scala. Using presentation compiler with project's scala-library version: 3.3.6
2025.10.08 01:08:02 INFO  no build target found for /home/alex/IdeaProjects/ILang/src/main/scala/parser/SyntaxAnalyzer.scala. Using presentation compiler with project's scala-library version: 3.3.6
2025.10.08 01:08:02 INFO  no build target found for /home/alex/IdeaProjects/ILang/src/main/scala/parser/SyntaxAnalyzer.scala. Using presentation compiler with project's scala-library version: 3.3.6
2025.10.08 01:08:02 INFO  no build target found for /home/alex/IdeaProjects/ILang/src/main/scala/parser/SyntaxAnalyzer.scala. Using presentation compiler with project's scala-library version: 3.3.6
2025.10.08 01:08:03 INFO  no build target found for /home/alex/IdeaProjects/ILang/src/main/scala/parser/SyntaxAnalyzer.scala. Using presentation compiler with project's scala-library version: 3.3.6
2025.10.08 01:08:02 INFO  no build target found for /home/alex/IdeaProjects/ILang/src/main/scala/parser/SyntaxAnalyzer.scala. Using presentation compiler with project's scala-library version: 3.3.6
2025.10.08 01:08:03 INFO  no build target found for /home/alex/IdeaProjects/ILang/src/main/scala/parser/SyntaxAnalyzer.scala. Using presentation compiler with project's scala-library version: 3.3.6
2025.10.08 01:08:03 INFO  no build target found for /home/alex/IdeaProjects/ILang/src/main/scala/parser/SyntaxAnalyzer.scala. Using presentation compiler with project's scala-library version: 3.3.6
2025.10.08 01:08:03 INFO  no build target found for /home/alex/IdeaProjects/ILang/src/main/scala/parser/SyntaxAnalyzer.scala. Using presentation compiler with project's scala-library version: 3.3.6
2025.10.08 01:08:03 INFO  no build target found for /home/alex/IdeaProjects/ILang/src/main/scala/parser/SyntaxAnalyzer.scala. Using presentation compiler with project's scala-library version: 3.3.6
2025.10.08 01:08:03 INFO  no build target found for /home/alex/IdeaProjects/ILang/src/main/scala/parser/SyntaxAnalyzer.scala. Using presentation compiler with project's scala-library version: 3.3.6
2025.10.08 01:08:03 INFO  no build target found for /home/alex/IdeaProjects/ILang/src/main/scala/parser/SyntaxAnalyzer.scala. Using presentation compiler with project's scala-library version: 3.3.6
2025.10.08 01:08:04 INFO  no build target found for /home/alex/IdeaProjects/ILang/src/main/scala/parser/SyntaxAnalyzer.scala. Using presentation compiler with project's scala-library version: 3.3.6
2025.10.08 01:08:04 INFO  no build target found for /home/alex/IdeaProjects/ILang/src/main/scala/parser/SyntaxAnalyzer.scala. Using presentation compiler with project's scala-library version: 3.3.6
2025.10.08 01:08:04 INFO  no build target found for /home/alex/IdeaProjects/ILang/src/main/scala/parser/SyntaxAnalyzer.scala. Using presentation compiler with project's scala-library version: 3.3.6
2025.10.08 01:08:04 INFO  no build target found for /home/alex/IdeaProjects/ILang/src/main/scala/parser/SyntaxAnalyzer.scala. Using presentation compiler with project's scala-library version: 3.3.6
2025.10.08 01:08:04 INFO  no build target found for /home/alex/IdeaProjects/ILang/src/main/scala/parser/SyntaxAnalyzer.scala. Using presentation compiler with project's scala-library version: 3.3.6
2025.10.08 01:08:04 INFO  no build target found for /home/alex/IdeaProjects/ILang/src/main/scala/parser/SyntaxAnalyzer.scala. Using presentation compiler with project's scala-library version: 3.3.6
2025.10.08 01:08:04 INFO  no build target found for /home/alex/IdeaProjects/ILang/src/main/scala/parser/SyntaxAnalyzer.scala. Using presentation compiler with project's scala-library version: 3.3.6
2025.10.08 01:08:04 INFO  no build target found for /home/alex/IdeaProjects/ILang/src/main/scala/parser/SyntaxAnalyzer.scala. Using presentation compiler with project's scala-library version: 3.3.6
2025.10.08 01:08:05 INFO  no build target found for /home/alex/IdeaProjects/ILang/src/main/scala/parser/SyntaxAnalyzer.scala. Using presentation compiler with project's scala-library version: 3.3.6
2025.10.08 01:08:05 INFO  no build target found for /home/alex/IdeaProjects/ILang/src/main/scala/parser/SyntaxAnalyzer.scala. Using presentation compiler with project's scala-library version: 3.3.6
2025.10.08 01:08:05 INFO  no build target found for /home/alex/IdeaProjects/ILang/src/main/scala/parser/SyntaxAnalyzer.scala. Using presentation compiler with project's scala-library version: 3.3.6
2025.10.08 01:08:06 INFO  no build target found for /home/alex/IdeaProjects/ILang/src/main/scala/parser/SyntaxAnalyzer.scala. Using presentation compiler with project's scala-library version: 3.3.6
2025.10.08 01:08:05 INFO  no build target found for /home/alex/IdeaProjects/ILang/src/main/scala/parser/SyntaxAnalyzer.scala. Using presentation compiler with project's scala-library version: 3.3.6
2025.10.08 01:08:05 INFO  no build target found for /home/alex/IdeaProjects/ILang/src/main/scala/parser/SyntaxAnalyzer.scala. Using presentation compiler with project's scala-library version: 3.3.6
2025.10.08 01:08:05 INFO  no build target found for /home/alex/IdeaProjects/ILang/src/main/scala/parser/SyntaxAnalyzer.scala. Using presentation compiler with project's scala-library version: 3.3.6
2025.10.08 01:08:06 INFO  no build target found for /home/alex/IdeaProjects/ILang/src/main/scala/parser/SyntaxAnalyzer.scala. Using presentation compiler with project's scala-library version: 3.3.6
2025.10.08 01:08:07 INFO  no build target found for /home/alex/IdeaProjects/ILang/src/main/scala/parser/SyntaxAnalyzer.scala. Using presentation compiler with project's scala-library version: 3.3.6
2025.10.08 01:08:06 INFO  no build target found for /home/alex/IdeaProjects/ILang/src/main/scala/parser/SyntaxAnalyzer.scala. Using presentation compiler with project's scala-library version: 3.3.6
2025.10.08 01:08:07 INFO  no build target found for /home/alex/IdeaProjects/ILang/src/main/scala/parser/SyntaxAnalyzer.scala. Using presentation compiler with project's scala-library version: 3.3.6
2025.10.08 01:08:07 INFO  no build target found for /home/alex/IdeaProjects/ILang/src/main/scala/parser/SyntaxAnalyzer.scala. Using presentation compiler with project's scala-library version: 3.3.6
2025.10.08 01:08:07 INFO  no build target found for /home/alex/IdeaProjects/ILang/src/main/scala/parser/SyntaxAnalyzer.scala. Using presentation compiler with project's scala-library version: 3.3.6
2025.10.08 01:08:07 INFO  no build target found for /home/alex/IdeaProjects/ILang/src/main/scala/parser/SyntaxAnalyzer.scala. Using presentation compiler with project's scala-library version: 3.3.6
2025.10.08 01:08:07 INFO  no build target found for /home/alex/IdeaProjects/ILang/src/main/scala/parser/SyntaxAnalyzer.scala. Using presentation compiler with project's scala-library version: 3.3.6
2025.10.08 01:08:07 INFO  no build target found for /home/alex/IdeaProjects/ILang/src/main/scala/parser/SyntaxAnalyzer.scala. Using presentation compiler with project's scala-library version: 3.3.6
2025.10.08 01:08:07 INFO  no build target found for /home/alex/IdeaProjects/ILang/src/main/scala/parser/SyntaxAnalyzer.scala. Using presentation compiler with project's scala-library version: 3.3.6
2025.10.08 01:08:08 INFO  no build target found for /home/alex/IdeaProjects/ILang/src/main/scala/parser/SyntaxAnalyzer.scala. Using presentation compiler with project's scala-library version: 3.3.6
2025.10.08 01:08:07 INFO  no build target found for /home/alex/IdeaProjects/ILang/src/main/scala/parser/SyntaxAnalyzer.scala. Using presentation compiler with project's scala-library version: 3.3.6
2025.10.08 01:08:08 INFO  no build target found for /home/alex/IdeaProjects/ILang/src/main/scala/parser/SyntaxAnalyzer.scala. Using presentation compiler with project's scala-library version: 3.3.6
2025.10.08 01:08:07 INFO  no build target found for /home/alex/IdeaProjects/ILang/src/main/scala/parser/SyntaxAnalyzer.scala. Using presentation compiler with project's scala-library version: 3.3.6
2025.10.08 01:08:08 INFO  no build target found for /home/alex/IdeaProjects/ILang/src/main/scala/parser/SyntaxAnalyzer.scala. Using presentation compiler with project's scala-library version: 3.3.6
2025.10.08 01:08:08 INFO  no build target found for /home/alex/IdeaProjects/ILang/src/main/scala/parser/SyntaxAnalyzer.scala. Using presentation compiler with project's scala-library version: 3.3.6
Oct 08, 2025 1:08:08 AM org.eclipse.lsp4j.jsonrpc.RemoteEndpoint handleCancellation
WARNING: Unmatched cancel notification for request id 946
2025.10.08 01:08:08 INFO  no build target found for /home/alex/IdeaProjects/ILang/src/main/scala/parser/SyntaxAnalyzer.scala. Using presentation compiler with project's scala-library version: 3.3.6
2025.10.08 01:08:08 INFO  no build target found for /home/alex/IdeaProjects/ILang/src/main/scala/parser/SyntaxAnalyzer.scala. Using presentation compiler with project's scala-library version: 3.3.6
2025.10.08 01:08:08 INFO  no build target found for /home/alex/IdeaProjects/ILang/src/main/scala/parser/SyntaxAnalyzer.scala. Using presentation compiler with project's scala-library version: 3.3.6
2025.10.08 01:08:08 INFO  no build target found for /home/alex/IdeaProjects/ILang/src/main/scala/parser/SyntaxAnalyzer.scala. Using presentation compiler with project's scala-library version: 3.3.6
2025.10.08 01:08:08 INFO  no build target found for /home/alex/IdeaProjects/ILang/src/main/scala/parser/SyntaxAnalyzer.scala. Using presentation compiler with project's scala-library version: 3.3.6
2025.10.08 01:08:08 INFO  no build target found for /home/alex/IdeaProjects/ILang/src/main/scala/parser/SyntaxAnalyzer.scala. Using presentation compiler with project's scala-library version: 3.3.6
2025.10.08 01:08:08 INFO  no build target found for /home/alex/IdeaProjects/ILang/src/main/scala/parser/SyntaxAnalyzer.scala. Using presentation compiler with project's scala-library version: 3.3.6
2025.10.08 01:08:09 INFO  no build target found for /home/alex/IdeaProjects/ILang/src/main/scala/parser/SyntaxAnalyzer.scala. Using presentation compiler with project's scala-library version: 3.3.6
2025.10.08 01:08:09 INFO  no build target found for /home/alex/IdeaProjects/ILang/src/main/scala/parser/SyntaxAnalyzer.scala. Using presentation compiler with project's scala-library version: 3.3.6
2025.10.08 01:08:09 INFO  no build target found for /home/alex/IdeaProjects/ILang/src/main/scala/parser/SyntaxAnalyzer.scala. Using presentation compiler with project's scala-library version: 3.3.6
2025.10.08 01:08:09 INFO  no build target found for /home/alex/IdeaProjects/ILang/src/main/scala/parser/SyntaxAnalyzer.scala. Using presentation compiler with project's scala-library version: 3.3.6
2025.10.08 01:08:08 INFO  no build target found for /home/alex/IdeaProjects/ILang/src/main/scala/parser/SyntaxAnalyzer.scala. Using presentation compiler with project's scala-library version: 3.3.6
2025.10.08 01:08:09 INFO  no build target found for /home/alex/IdeaProjects/ILang/src/main/scala/parser/SyntaxAnalyzer.scala. Using presentation compiler with project's scala-library version: 3.3.6
2025.10.08 01:08:09 INFO  no build target found for /home/alex/IdeaProjects/ILang/src/main/scala/parser/SyntaxAnalyzer.scala. Using presentation compiler with project's scala-library version: 3.3.6
2025.10.08 01:08:10 INFO  no build target found for /home/alex/IdeaProjects/ILang/src/main/scala/parser/SyntaxAnalyzer.scala. Using presentation compiler with project's scala-library version: 3.3.6
2025.10.08 01:08:10 INFO  no build target found for /home/alex/IdeaProjects/ILang/src/main/scala/parser/SyntaxAnalyzer.scala. Using presentation compiler with project's scala-library version: 3.3.6
2025.10.08 01:08:10 INFO  no build target found for /home/alex/IdeaProjects/ILang/src/main/scala/parser/SyntaxAnalyzer.scala. Using presentation compiler with project's scala-library version: 3.3.6
2025.10.08 01:08:10 INFO  no build target found for /home/alex/IdeaProjects/ILang/src/main/scala/parser/SyntaxAnalyzer.scala. Using presentation compiler with project's scala-library version: 3.3.6
2025.10.08 01:08:10 INFO  no build target found for /home/alex/IdeaProjects/ILang/src/main/scala/parser/SyntaxAnalyzer.scala. Using presentation compiler with project's scala-library version: 3.3.6
2025.10.08 01:08:10 INFO  no build target found for /home/alex/IdeaProjects/ILang/src/main/scala/parser/SyntaxAnalyzer.scala. Using presentation compiler with project's scala-library version: 3.3.6
2025.10.08 01:08:10 INFO  no build target found for /home/alex/IdeaProjects/ILang/src/main/scala/parser/SyntaxAnalyzer.scala. Using presentation compiler with project's scala-library version: 3.3.6
2025.10.08 01:08:11 INFO  no build target found for /home/alex/IdeaProjects/ILang/src/main/scala/parser/SyntaxAnalyzer.scala. Using presentation compiler with project's scala-library version: 3.3.6
2025.10.08 01:08:11 INFO  no build target found for /home/alex/IdeaProjects/ILang/src/main/scala/parser/SyntaxAnalyzer.scala. Using presentation compiler with project's scala-library version: 3.3.6
2025.10.08 01:08:11 INFO  no build target found for /home/alex/IdeaProjects/ILang/src/main/scala/parser/SyntaxAnalyzer.scala. Using presentation compiler with project's scala-library version: 3.3.6
2025.10.08 01:08:11 INFO  no build target found for /home/alex/IdeaProjects/ILang/src/main/scala/parser/SyntaxAnalyzer.scala. Using presentation compiler with project's scala-library version: 3.3.6
2025.10.08 01:08:11 INFO  no build target found for /home/alex/IdeaProjects/ILang/src/main/scala/parser/SyntaxAnalyzer.scala. Using presentation compiler with project's scala-library version: 3.3.6
2025.10.08 01:08:11 INFO  no build target found for /home/alex/IdeaProjects/ILang/src/main/scala/parser/SyntaxAnalyzer.scala. Using presentation compiler with project's scala-library version: 3.3.6
2025.10.08 01:08:11 INFO  no build target found for /home/alex/IdeaProjects/ILang/src/main/scala/parser/SyntaxAnalyzer.scala. Using presentation compiler with project's scala-library version: 3.3.6
2025.10.08 01:08:11 INFO  no build target found for /home/alex/IdeaProjects/ILang/src/main/scala/parser/SyntaxAnalyzer.scala. Using presentation compiler with project's scala-library version: 3.3.6
2025.10.08 01:08:11 INFO  no build target found for /home/alex/IdeaProjects/ILang/src/main/scala/parser/SyntaxAnalyzer.scala. Using presentation compiler with project's scala-library version: 3.3.6
2025.10.08 01:08:12 INFO  no build target found for /home/alex/IdeaProjects/ILang/src/main/scala/parser/SyntaxAnalyzer.scala. Using presentation compiler with project's scala-library version: 3.3.6
2025.10.08 01:08:11 INFO  no build target found for /home/alex/IdeaProjects/ILang/src/main/scala/parser/SyntaxAnalyzer.scala. Using presentation compiler with project's scala-library version: 3.3.6
2025.10.08 01:08:12 INFO  no build target found for /home/alex/IdeaProjects/ILang/src/main/scala/parser/SyntaxAnalyzer.scala. Using presentation compiler with project's scala-library version: 3.3.6
2025.10.08 01:08:13 INFO  no build target found for /home/alex/IdeaProjects/ILang/src/main/scala/parser/SyntaxAnalyzer.scala. Using presentation compiler with project's scala-library version: 3.3.6
2025.10.08 01:08:12 INFO  no build target found for /home/alex/IdeaProjects/ILang/src/main/scala/parser/SyntaxAnalyzer.scala. Using presentation compiler with project's scala-library version: 3.3.6
2025.10.08 01:08:13 INFO  no build target found for /home/alex/IdeaProjects/ILang/src/main/scala/parser/SyntaxAnalyzer.scala. Using presentation compiler with project's scala-library version: 3.3.6
2025.10.08 01:08:12 INFO  no build target found for /home/alex/IdeaProjects/ILang/src/main/scala/parser/SyntaxAnalyzer.scala. Using presentation compiler with project's scala-library version: 3.3.6
2025.10.08 01:08:13 INFO  no build target found for /home/alex/IdeaProjects/ILang/src/main/scala/parser/SyntaxAnalyzer.scala. Using presentation compiler with project's scala-library version: 3.3.6
2025.10.08 01:08:13 INFO  no build target found for /home/alex/IdeaProjects/ILang/src/main/scala/parser/SyntaxAnalyzer.scala. Using presentation compiler with project's scala-library version: 3.3.6
2025.10.08 01:08:13 INFO  no build target found for /home/alex/IdeaProjects/ILang/src/main/scala/parser/SyntaxAnalyzer.scala. Using presentation compiler with project's scala-library version: 3.3.6
2025.10.08 01:08:13 INFO  no build target found for /home/alex/IdeaProjects/ILang/src/main/scala/parser/SyntaxAnalyzer.scala. Using presentation compiler with project's scala-library version: 3.3.6
2025.10.08 01:08:13 INFO  no build target found for /home/alex/IdeaProjects/ILang/src/main/scala/parser/SyntaxAnalyzer.scala. Using presentation compiler with project's scala-library version: 3.3.6
2025.10.08 01:08:14 INFO  no build target found for /home/alex/IdeaProjects/ILang/src/main/scala/parser/SyntaxAnalyzer.scala. Using presentation compiler with project's scala-library version: 3.3.6
2025.10.08 01:08:13 INFO  no build target found for /home/alex/IdeaProjects/ILang/src/main/scala/parser/SyntaxAnalyzer.scala. Using presentation compiler with project's scala-library version: 3.3.6
2025.10.08 01:08:14 INFO  no build target found for /home/alex/IdeaProjects/ILang/src/main/scala/parser/SyntaxAnalyzer.scala. Using presentation compiler with project's scala-library version: 3.3.6
2025.10.08 01:08:13 INFO  no build target found for /home/alex/IdeaProjects/ILang/src/main/scala/parser/SyntaxAnalyzer.scala. Using presentation compiler with project's scala-library version: 3.3.6
2025.10.08 01:08:14 INFO  no build target found for /home/alex/IdeaProjects/ILang/src/main/scala/parser/SyntaxAnalyzer.scala. Using presentation compiler with project's scala-library version: 3.3.6
2025.10.08 01:08:14 INFO  no build target found for /home/alex/IdeaProjects/ILang/src/main/scala/parser/SyntaxAnalyzer.scala. Using presentation compiler with project's scala-library version: 3.3.6
2025.10.08 01:08:14 INFO  no build target found for /home/alex/IdeaProjects/ILang/src/main/scala/parser/SyntaxAnalyzer.scala. Using presentation compiler with project's scala-library version: 3.3.6
2025.10.08 01:08:15 INFO  no build target found for /home/alex/IdeaProjects/ILang/src/main/scala/parser/SyntaxAnalyzer.scala. Using presentation compiler with project's scala-library version: 3.3.6
2025.10.08 01:08:15 INFO  no build target found for /home/alex/IdeaProjects/ILang/src/main/scala/parser/SyntaxAnalyzer.scala. Using presentation compiler with project's scala-library version: 3.3.6
2025.10.08 01:08:14 INFO  no build target found for /home/alex/IdeaProjects/ILang/src/main/scala/parser/SyntaxAnalyzer.scala. Using presentation compiler with project's scala-library version: 3.3.6
2025.10.08 01:08:15 INFO  no build target found for /home/alex/IdeaProjects/ILang/src/main/scala/parser/SyntaxAnalyzer.scala. Using presentation compiler with project's scala-library version: 3.3.6
2025.10.08 01:08:15 INFO  no build target found for /home/alex/IdeaProjects/ILang/src/main/scala/parser/SyntaxAnalyzer.scala. Using presentation compiler with project's scala-library version: 3.3.6
2025.10.08 01:08:15 INFO  no build target found for /home/alex/IdeaProjects/ILang/src/main/scala/parser/SyntaxAnalyzer.scala. Using presentation compiler with project's scala-library version: 3.3.6
2025.10.08 01:08:16 INFO  no build target found for /home/alex/IdeaProjects/ILang/src/main/scala/parser/SyntaxAnalyzer.scala. Using presentation compiler with project's scala-library version: 3.3.6
2025.10.08 01:08:15 INFO  no build target found for /home/alex/IdeaProjects/ILang/src/main/scala/parser/SyntaxAnalyzer.scala. Using presentation compiler with project's scala-library version: 3.3.6
2025.10.08 01:08:16 INFO  no build target found for /home/alex/IdeaProjects/ILang/src/main/scala/parser/SyntaxAnalyzer.scala. Using presentation compiler with project's scala-library version: 3.3.6
2025.10.08 01:08:16 INFO  no build target found for /home/alex/IdeaProjects/ILang/src/main/scala/parser/SyntaxAnalyzer.scala. Using presentation compiler with project's scala-library version: 3.3.6
2025.10.08 01:08:16 INFO  no build target found for /home/alex/IdeaProjects/ILang/src/main/scala/parser/SyntaxAnalyzer.scala. Using presentation compiler with project's scala-library version: 3.3.6
2025.10.08 01:08:16 INFO  no build target found for /home/alex/IdeaProjects/ILang/src/main/scala/parser/SyntaxAnalyzer.scala. Using presentation compiler with project's scala-library version: 3.3.6
2025.10.08 01:08:16 INFO  no build target found for /home/alex/IdeaProjects/ILang/src/main/scala/parser/SyntaxAnalyzer.scala. Using presentation compiler with project's scala-library version: 3.3.6
2025.10.08 01:08:16 INFO  no build target found for /home/alex/IdeaProjects/ILang/src/main/scala/parser/SyntaxAnalyzer.scala. Using presentation compiler with project's scala-library version: 3.3.6
2025.10.08 01:08:17 INFO  no build target found for /home/alex/IdeaProjects/ILang/src/main/scala/parser/SyntaxAnalyzer.scala. Using presentation compiler with project's scala-library version: 3.3.6
2025.10.08 01:08:16 INFO  no build target found for /home/alex/IdeaProjects/ILang/src/main/scala/parser/SyntaxAnalyzer.scala. Using presentation compiler with project's scala-library version: 3.3.6
2025.10.08 01:08:17 INFO  no build target found for /home/alex/IdeaProjects/ILang/src/main/scala/parser/SyntaxAnalyzer.scala. Using presentation compiler with project's scala-library version: 3.3.6
2025.10.08 01:08:17 INFO  no build target found for /home/alex/IdeaProjects/ILang/src/main/scala/parser/SyntaxAnalyzer.scala. Using presentation compiler with project's scala-library version: 3.3.6
2025.10.08 01:08:17 INFO  no build target found for /home/alex/IdeaProjects/ILang/src/main/scala/parser/SyntaxAnalyzer.scala. Using presentation compiler with project's scala-library version: 3.3.6
2025.10.08 01:08:17 INFO  no build target found for /home/alex/IdeaProjects/ILang/src/main/scala/parser/SyntaxAnalyzer.scala. Using presentation compiler with project's scala-library version: 3.3.6
2025.10.08 01:08:17 INFO  no build target found for /home/alex/IdeaProjects/ILang/src/main/scala/parser/SyntaxAnalyzer.scala. Using presentation compiler with project's scala-library version: 3.3.6
2025.10.08 01:08:17 INFO  no build target found for /home/alex/IdeaProjects/ILang/src/main/scala/parser/SyntaxAnalyzer.scala. Using presentation compiler with project's scala-library version: 3.3.6
2025.10.08 01:08:17 INFO  no build target found for /home/alex/IdeaProjects/ILang/src/main/scala/parser/SyntaxAnalyzer.scala. Using presentation compiler with project's scala-library version: 3.3.6
2025.10.08 01:08:17 INFO  no build target found for /home/alex/IdeaProjects/ILang/src/main/scala/parser/SyntaxAnalyzer.scala. Using presentation compiler with project's scala-library version: 3.3.6
2025.10.08 01:08:18 INFO  no build target found for /home/alex/IdeaProjects/ILang/src/main/scala/parser/SyntaxAnalyzer.scala. Using presentation compiler with project's scala-library version: 3.3.6
2025.10.08 01:08:19 INFO  no build target found for /home/alex/IdeaProjects/ILang/src/main/scala/parser/SyntaxAnalyzer.scala. Using presentation compiler with project's scala-library version: 3.3.6
2025.10.08 01:08:18 INFO  no build target found for /home/alex/IdeaProjects/ILang/src/main/scala/parser/SyntaxAnalyzer.scala. Using presentation compiler with project's scala-library version: 3.3.6
2025.10.08 01:08:19 INFO  no build target found for /home/alex/IdeaProjects/ILang/src/main/scala/parser/SyntaxAnalyzer.scala. Using presentation compiler with project's scala-library version: 3.3.6
2025.10.08 01:08:19 INFO  no build target found for /home/alex/IdeaProjects/ILang/src/main/scala/parser/SyntaxAnalyzer.scala. Using presentation compiler with project's scala-library version: 3.3.6
2025.10.08 01:08:19 INFO  no build target found for /home/alex/IdeaProjects/ILang/src/main/scala/parser/SyntaxAnalyzer.scala. Using presentation compiler with project's scala-library version: 3.3.6
2025.10.08 01:08:18 INFO  no build target found for /home/alex/IdeaProjects/ILang/src/main/scala/parser/SyntaxAnalyzer.scala. Using presentation compiler with project's scala-library version: 3.3.6
2025.10.08 01:08:19 INFO  no build target found for /home/alex/IdeaProjects/ILang/src/main/scala/parser/SyntaxAnalyzer.scala. Using presentation compiler with project's scala-library version: 3.3.6
2025.10.08 01:08:19 INFO  no build target found for /home/alex/IdeaProjects/ILang/src/main/scala/parser/SyntaxAnalyzer.scala. Using presentation compiler with project's scala-library version: 3.3.6
2025.10.08 01:08:20 INFO  no build target found for /home/alex/IdeaProjects/ILang/src/main/scala/parser/SyntaxAnalyzer.scala. Using presentation compiler with project's scala-library version: 3.3.6
2025.10.08 01:08:20 INFO  no build target found for /home/alex/IdeaProjects/ILang/src/main/scala/parser/SyntaxAnalyzer.scala. Using presentation compiler with project's scala-library version: 3.3.6
2025.10.08 01:08:20 INFO  no build target found for /home/alex/IdeaProjects/ILang/src/main/scala/parser/SyntaxAnalyzer.scala. Using presentation compiler with project's scala-library version: 3.3.6
2025.10.08 01:08:20 INFO  no build target found for /home/alex/IdeaProjects/ILang/src/main/scala/parser/SyntaxAnalyzer.scala. Using presentation compiler with project's scala-library version: 3.3.6
2025.10.08 01:08:20 INFO  no build target found for /home/alex/IdeaProjects/ILang/src/main/scala/parser/SyntaxAnalyzer.scala. Using presentation compiler with project's scala-library version: 3.3.6
2025.10.08 01:08:20 INFO  no build target found for /home/alex/IdeaProjects/ILang/src/main/scala/parser/SyntaxAnalyzer.scala. Using presentation compiler with project's scala-library version: 3.3.6
2025.10.08 01:08:20 INFO  no build target found for /home/alex/IdeaProjects/ILang/src/main/scala/parser/SyntaxAnalyzer.scala. Using presentation compiler with project's scala-library version: 3.3.6
2025.10.08 01:08:20 INFO  no build target found for /home/alex/IdeaProjects/ILang/src/main/scala/parser/SyntaxAnalyzer.scala. Using presentation compiler with project's scala-library version: 3.3.6
2025.10.08 01:08:21 INFO  no build target found for /home/alex/IdeaProjects/ILang/src/main/scala/parser/SyntaxAnalyzer.scala. Using presentation compiler with project's scala-library version: 3.3.6
2025.10.08 01:08:20 INFO  no build target found for /home/alex/IdeaProjects/ILang/src/main/scala/parser/SyntaxAnalyzer.scala. Using presentation compiler with project's scala-library version: 3.3.6
2025.10.08 01:08:21 INFO  no build target found for /home/alex/IdeaProjects/ILang/src/main/scala/parser/SyntaxAnalyzer.scala. Using presentation compiler with project's scala-library version: 3.3.6
2025.10.08 01:08:22 INFO  no build target found for /home/alex/IdeaProjects/ILang/src/main/scala/parser/SyntaxAnalyzer.scala. Using presentation compiler with project's scala-library version: 3.3.6
2025.10.08 01:08:21 INFO  no build target found for /home/alex/IdeaProjects/ILang/src/main/scala/parser/SyntaxAnalyzer.scala. Using presentation compiler with project's scala-library version: 3.3.6
2025.10.08 01:08:21 INFO  no build target found for /home/alex/IdeaProjects/ILang/src/main/scala/parser/SyntaxAnalyzer.scala. Using presentation compiler with project's scala-library version: 3.3.6
2025.10.08 01:08:22 INFO  no build target found for /home/alex/IdeaProjects/ILang/src/main/scala/parser/SyntaxAnalyzer.scala. Using presentation compiler with project's scala-library version: 3.3.6
2025.10.08 01:08:21 INFO  no build target found for /home/alex/IdeaProjects/ILang/src/main/scala/parser/SyntaxAnalyzer.scala. Using presentation compiler with project's scala-library version: 3.3.6
2025.10.08 01:08:22 INFO  no build target found for /home/alex/IdeaProjects/ILang/src/main/scala/parser/SyntaxAnalyzer.scala. Using presentation compiler with project's scala-library version: 3.3.6
2025.10.08 01:08:22 INFO  no build target found for /home/alex/IdeaProjects/ILang/src/main/scala/parser/SyntaxAnalyzer.scala. Using presentation compiler with project's scala-library version: 3.3.6
2025.10.08 01:08:22 INFO  no build target found for /home/alex/IdeaProjects/ILang/src/main/scala/parser/SyntaxAnalyzer.scala. Using presentation compiler with project's scala-library version: 3.3.6
2025.10.08 01:08:22 INFO  no build target found for /home/alex/IdeaProjects/ILang/src/main/scala/parser/SyntaxAnalyzer.scala. Using presentation compiler with project's scala-library version: 3.3.6
2025.10.08 01:08:22 INFO  no build target found for /home/alex/IdeaProjects/ILang/src/main/scala/parser/SyntaxAnalyzer.scala. Using presentation compiler with project's scala-library version: 3.3.6
2025.10.08 01:08:22 INFO  no build target found for /home/alex/IdeaProjects/ILang/src/main/scala/parser/SyntaxAnalyzer.scala. Using presentation compiler with project's scala-library version: 3.3.6
2025.10.08 01:08:23 INFO  no build target found for /home/alex/IdeaProjects/ILang/src/main/scala/parser/SyntaxAnalyzer.scala. Using presentation compiler with project's scala-library version: 3.3.6
2025.10.08 01:08:22 INFO  no build target found for /home/alex/IdeaProjects/ILang/src/main/scala/parser/SyntaxAnalyzer.scala. Using presentation compiler with project's scala-library version: 3.3.6
2025.10.08 01:08:23 INFO  no build target found for /home/alex/IdeaProjects/ILang/src/main/scala/parser/SyntaxAnalyzer.scala. Using presentation compiler with project's scala-library version: 3.3.6
2025.10.08 01:08:24 INFO  no build target found for /home/alex/IdeaProjects/ILang/src/main/scala/parser/SyntaxAnalyzer.scala. Using presentation compiler with project's scala-library version: 3.3.6
2025.10.08 01:08:23 INFO  no build target found for /home/alex/IdeaProjects/ILang/src/main/scala/parser/SyntaxAnalyzer.scala. Using presentation compiler with project's scala-library version: 3.3.6
2025.10.08 01:08:24 INFO  no build target found for /home/alex/IdeaProjects/ILang/src/main/scala/parser/SyntaxAnalyzer.scala. Using presentation compiler with project's scala-library version: 3.3.6
2025.10.08 01:08:23 INFO  no build target found for /home/alex/IdeaProjects/ILang/src/main/scala/parser/SyntaxAnalyzer.scala. Using presentation compiler with project's scala-library version: 3.3.6
2025.10.08 01:08:24 INFO  no build target found for /home/alex/IdeaProjects/ILang/src/main/scala/parser/SyntaxAnalyzer.scala. Using presentation compiler with project's scala-library version: 3.3.6
2025.10.08 01:08:23 INFO  no build target found for /home/alex/IdeaProjects/ILang/src/main/scala/parser/SyntaxAnalyzer.scala. Using presentation compiler with project's scala-library version: 3.3.6
2025.10.08 01:08:24 INFO  no build target found for /home/alex/IdeaProjects/ILang/src/main/scala/parser/SyntaxAnalyzer.scala. Using presentation compiler with project's scala-library version: 3.3.6
2025.10.08 01:08:25 INFO  no build target found for /home/alex/IdeaProjects/ILang/src/main/scala/parser/SyntaxAnalyzer.scala. Using presentation compiler with project's scala-library version: 3.3.6
2025.10.08 01:08:25 INFO  no build target found for /home/alex/IdeaProjects/ILang/src/main/scala/parser/SyntaxAnalyzer.scala. Using presentation compiler with project's scala-library version: 3.3.6
2025.10.08 01:08:25 INFO  no build target found for /home/alex/IdeaProjects/ILang/src/main/scala/parser/SyntaxAnalyzer.scala. Using presentation compiler with project's scala-library version: 3.3.6
2025.10.08 01:08:25 INFO  no build target found for /home/alex/IdeaProjects/ILang/src/main/scala/parser/SyntaxAnalyzer.scala. Using presentation compiler with project's scala-library version: 3.3.6
2025.10.08 01:08:25 INFO  no build target found for /home/alex/IdeaProjects/ILang/src/main/scala/parser/SyntaxAnalyzer.scala. Using presentation compiler with project's scala-library version: 3.3.6
2025.10.08 01:08:25 INFO  no build target found for /home/alex/IdeaProjects/ILang/src/main/scala/parser/SyntaxAnalyzer.scala. Using presentation compiler with project's scala-library version: 3.3.6
2025.10.08 01:08:25 INFO  no build target found for /home/alex/IdeaProjects/ILang/src/main/scala/parser/SyntaxAnalyzer.scala. Using presentation compiler with project's scala-library version: 3.3.6
2025.10.08 01:08:25 INFO  no build target found for /home/alex/IdeaProjects/ILang/src/main/scala/parser/SyntaxAnalyzer.scala. Using presentation compiler with project's scala-library version: 3.3.6
2025.10.08 01:08:25 INFO  no build target found for /home/alex/IdeaProjects/ILang/src/main/scala/parser/SyntaxAnalyzer.scala. Using presentation compiler with project's scala-library version: 3.3.6
2025.10.08 01:08:26 INFO  no build target found for /home/alex/IdeaProjects/ILang/src/main/scala/parser/SyntaxAnalyzer.scala. Using presentation compiler with project's scala-library version: 3.3.6
2025.10.08 01:08:26 INFO  no build target found for /home/alex/IdeaProjects/ILang/src/main/scala/parser/SyntaxAnalyzer.scala. Using presentation compiler with project's scala-library version: 3.3.6
2025.10.08 01:08:26 INFO  no build target found for /home/alex/IdeaProjects/ILang/src/main/scala/parser/SyntaxAnalyzer.scala. Using presentation compiler with project's scala-library version: 3.3.6
2025.10.08 01:08:26 INFO  no build target found for /home/alex/IdeaProjects/ILang/src/main/scala/parser/SyntaxAnalyzer.scala. Using presentation compiler with project's scala-library version: 3.3.6
2025.10.08 01:08:26 INFO  no build target found for /home/alex/IdeaProjects/ILang/src/main/scala/parser/SyntaxAnalyzer.scala. Using presentation compiler with project's scala-library version: 3.3.6
2025.10.08 01:08:26 INFO  no build target found for /home/alex/IdeaProjects/ILang/src/main/scala/parser/SyntaxAnalyzer.scala. Using presentation compiler with project's scala-library version: 3.3.6
2025.10.08 01:08:26 INFO  no build target found for /home/alex/IdeaProjects/ILang/src/main/scala/parser/SyntaxAnalyzer.scala. Using presentation compiler with project's scala-library version: 3.3.6
2025.10.08 01:08:26 INFO  no build target found for /home/alex/IdeaProjects/ILang/src/main/scala/parser/SyntaxAnalyzer.scala. Using presentation compiler with project's scala-library version: 3.3.6
2025.10.08 01:08:26 INFO  no build target found for /home/alex/IdeaProjects/ILang/src/main/scala/parser/SyntaxAnalyzer.scala. Using presentation compiler with project's scala-library version: 3.3.6
2025.10.08 01:08:27 INFO  no build target found for /home/alex/IdeaProjects/ILang/src/main/scala/parser/SyntaxAnalyzer.scala. Using presentation compiler with project's scala-library version: 3.3.6
2025.10.08 01:08:27 INFO  no build target found for /home/alex/IdeaProjects/ILang/src/main/scala/parser/SyntaxAnalyzer.scala. Using presentation compiler with project's scala-library version: 3.3.6
2025.10.08 01:08:27 INFO  no build target found for /home/alex/IdeaProjects/ILang/src/main/scala/parser/SyntaxAnalyzer.scala. Using presentation compiler with project's scala-library version: 3.3.6
2025.10.08 01:08:28 INFO  no build target found for /home/alex/IdeaProjects/ILang/src/main/scala/parser/SyntaxAnalyzer.scala. Using presentation compiler with project's scala-library version: 3.3.6
2025.10.08 01:08:27 INFO  no build target found for /home/alex/IdeaProjects/ILang/src/main/scala/parser/SyntaxAnalyzer.scala. Using presentation compiler with project's scala-library version: 3.3.6
2025.10.08 01:08:27 INFO  no build target found for /home/alex/IdeaProjects/ILang/src/main/scala/parser/SyntaxAnalyzer.scala. Using presentation compiler with project's scala-library version: 3.3.6
2025.10.08 01:08:27 INFO  no build target found for /home/alex/IdeaProjects/ILang/src/main/scala/parser/SyntaxAnalyzer.scala. Using presentation compiler with project's scala-library version: 3.3.6
2025.10.08 01:08:28 INFO  no build target found for /home/alex/IdeaProjects/ILang/src/main/scala/parser/SyntaxAnalyzer.scala. Using presentation compiler with project's scala-library version: 3.3.6
2025.10.08 01:08:27 INFO  no build target found for /home/alex/IdeaProjects/ILang/src/main/scala/parser/SyntaxAnalyzer.scala. Using presentation compiler with project's scala-library version: 3.3.6
2025.10.08 01:08:29 INFO  no build target found for /home/alex/IdeaProjects/ILang/src/main/scala/parser/SyntaxAnalyzer.scala. Using presentation compiler with project's scala-library version: 3.3.6
2025.10.08 01:08:28 INFO  no build target found for /home/alex/IdeaProjects/ILang/src/main/scala/parser/SyntaxAnalyzer.scala. Using presentation compiler with project's scala-library version: 3.3.6
2025.10.08 01:08:29 INFO  no build target found for /home/alex/IdeaProjects/ILang/src/main/scala/parser/SyntaxAnalyzer.scala. Using presentation compiler with project's scala-library version: 3.3.6
2025.10.08 01:08:29 INFO  no build target found for /home/alex/IdeaProjects/ILang/src/main/scala/parser/SyntaxAnalyzer.scala. Using presentation compiler with project's scala-library version: 3.3.6
2025.10.08 01:08:29 INFO  no build target found for /home/alex/IdeaProjects/ILang/src/main/scala/parser/SyntaxAnalyzer.scala. Using presentation compiler with project's scala-library version: 3.3.6
2025.10.08 01:08:29 INFO  no build target found for /home/alex/IdeaProjects/ILang/src/main/scala/parser/SyntaxAnalyzer.scala. Using presentation compiler with project's scala-library version: 3.3.6
2025.10.08 01:08:29 INFO  no build target found for /home/alex/IdeaProjects/ILang/src/main/scala/parser/SyntaxAnalyzer.scala. Using presentation compiler with project's scala-library version: 3.3.6
2025.10.08 01:08:30 INFO  no build target found for /home/alex/IdeaProjects/ILang/src/main/scala/parser/SyntaxAnalyzer.scala. Using presentation compiler with project's scala-library version: 3.3.6
2025.10.08 01:08:30 INFO  no build target found for /home/alex/IdeaProjects/ILang/src/main/scala/parser/SyntaxAnalyzer.scala. Using presentation compiler with project's scala-library version: 3.3.6
2025.10.08 01:08:29 INFO  no build target found for /home/alex/IdeaProjects/ILang/src/main/scala/parser/SyntaxAnalyzer.scala. Using presentation compiler with project's scala-library version: 3.3.6
2025.10.08 01:08:30 INFO  no build target found for /home/alex/IdeaProjects/ILang/src/main/scala/parser/SyntaxAnalyzer.scala. Using presentation compiler with project's scala-library version: 3.3.6
2025.10.08 01:08:30 INFO  no build target found for /home/alex/IdeaProjects/ILang/src/main/scala/parser/SyntaxAnalyzer.scala. Using presentation compiler with project's scala-library version: 3.3.6
2025.10.08 01:08:30 INFO  no build target found for /home/alex/IdeaProjects/ILang/src/main/scala/parser/SyntaxAnalyzer.scala. Using presentation compiler with project's scala-library version: 3.3.6
2025.10.08 01:08:30 INFO  no build target found for /home/alex/IdeaProjects/ILang/src/main/scala/parser/SyntaxAnalyzer.scala. Using presentation compiler with project's scala-library version: 3.3.6
2025.10.08 01:08:30 INFO  no build target found for /home/alex/IdeaProjects/ILang/src/main/scala/parser/SyntaxAnalyzer.scala. Using presentation compiler with project's scala-library version: 3.3.6
2025.10.08 01:08:31 INFO  no build target found for /home/alex/IdeaProjects/ILang/src/main/scala/parser/SyntaxAnalyzer.scala. Using presentation compiler with project's scala-library version: 3.3.6
2025.10.08 01:08:31 INFO  no build target found for /home/alex/IdeaProjects/ILang/src/main/scala/parser/SyntaxAnalyzer.scala. Using presentation compiler with project's scala-library version: 3.3.6
2025.10.08 01:08:30 INFO  no build target found for /home/alex/IdeaProjects/ILang/src/main/scala/parser/SyntaxAnalyzer.scala. Using presentation compiler with project's scala-library version: 3.3.6
2025.10.08 01:08:31 INFO  no build target found for /home/alex/IdeaProjects/ILang/src/main/scala/parser/SyntaxAnalyzer.scala. Using presentation compiler with project's scala-library version: 3.3.6
2025.10.08 01:08:31 INFO  no build target found for /home/alex/IdeaProjects/ILang/src/main/scala/parser/SyntaxAnalyzer.scala. Using presentation compiler with project's scala-library version: 3.3.6
2025.10.08 01:08:31 INFO  no build target found for /home/alex/IdeaProjects/ILang/src/main/scala/parser/SyntaxAnalyzer.scala. Using presentation compiler with project's scala-library version: 3.3.6
2025.10.08 01:08:32 INFO  no build target found for /home/alex/IdeaProjects/ILang/src/main/scala/parser/SyntaxAnalyzer.scala. Using presentation compiler with project's scala-library version: 3.3.6
2025.10.08 01:08:31 INFO  no build target found for /home/alex/IdeaProjects/ILang/src/main/scala/parser/SyntaxAnalyzer.scala. Using presentation compiler with project's scala-library version: 3.3.6
2025.10.08 01:08:32 INFO  no build target found for /home/alex/IdeaProjects/ILang/src/main/scala/parser/SyntaxAnalyzer.scala. Using presentation compiler with project's scala-library version: 3.3.6
2025.10.08 01:08:32 INFO  no build target found for /home/alex/IdeaProjects/ILang/src/main/scala/parser/SyntaxAnalyzer.scala. Using presentation compiler with project's scala-library version: 3.3.6
2025.10.08 01:08:32 INFO  no build target found for /home/alex/IdeaProjects/ILang/src/main/scala/parser/SyntaxAnalyzer.scala. Using presentation compiler with project's scala-library version: 3.3.6
2025.10.08 01:08:32 INFO  no build target found for /home/alex/IdeaProjects/ILang/src/main/scala/parser/SyntaxAnalyzer.scala. Using presentation compiler with project's scala-library version: 3.3.6
2025.10.08 01:08:32 INFO  no build target found for /home/alex/IdeaProjects/ILang/src/main/scala/parser/SyntaxAnalyzer.scala. Using presentation compiler with project's scala-library version: 3.3.6
2025.10.08 01:08:32 INFO  no build target found for /home/alex/IdeaProjects/ILang/src/main/scala/parser/SyntaxAnalyzer.scala. Using presentation compiler with project's scala-library version: 3.3.6
2025.10.08 01:08:33 INFO  no build target found for /home/alex/IdeaProjects/ILang/src/main/scala/parser/SyntaxAnalyzer.scala. Using presentation compiler with project's scala-library version: 3.3.6
2025.10.08 01:08:32 INFO  no build target found for /home/alex/IdeaProjects/ILang/src/main/scala/parser/SyntaxAnalyzer.scala. Using presentation compiler with project's scala-library version: 3.3.6
2025.10.08 01:08:33 INFO  no build target found for /home/alex/IdeaProjects/ILang/src/main/scala/parser/SyntaxAnalyzer.scala. Using presentation compiler with project's scala-library version: 3.3.6
2025.10.08 01:08:34 INFO  no build target found for /home/alex/IdeaProjects/ILang/src/main/scala/parser/SyntaxAnalyzer.scala. Using presentation compiler with project's scala-library version: 3.3.6
2025.10.08 01:08:33 INFO  no build target found for /home/alex/IdeaProjects/ILang/src/main/scala/parser/SyntaxAnalyzer.scala. Using presentation compiler with project's scala-library version: 3.3.6
2025.10.08 01:08:34 INFO  no build target found for /home/alex/IdeaProjects/ILang/src/main/scala/parser/SyntaxAnalyzer.scala. Using presentation compiler with project's scala-library version: 3.3.6
2025.10.08 01:08:33 INFO  no build target found for /home/alex/IdeaProjects/ILang/src/main/scala/parser/SyntaxAnalyzer.scala. Using presentation compiler with project's scala-library version: 3.3.6
2025.10.08 01:08:34 INFO  no build target found for /home/alex/IdeaProjects/ILang/src/main/scala/parser/SyntaxAnalyzer.scala. Using presentation compiler with project's scala-library version: 3.3.6
2025.10.08 01:08:34 INFO  no build target found for /home/alex/IdeaProjects/ILang/src/main/scala/parser/SyntaxAnalyzer.scala. Using presentation compiler with project's scala-library version: 3.3.6
2025.10.08 01:08:34 INFO  no build target found for /home/alex/IdeaProjects/ILang/src/main/scala/parser/SyntaxAnalyzer.scala. Using presentation compiler with project's scala-library version: 3.3.6
2025.10.08 01:08:34 INFO  no build target found for /home/alex/IdeaProjects/ILang/src/main/scala/parser/SyntaxAnalyzer.scala. Using presentation compiler with project's scala-library version: 3.3.6
2025.10.08 01:08:35 INFO  no build target found for /home/alex/IdeaProjects/ILang/src/main/scala/parser/SyntaxAnalyzer.scala. Using presentation compiler with project's scala-library version: 3.3.6
2025.10.08 01:08:34 INFO  no build target found for /home/alex/IdeaProjects/ILang/src/main/scala/parser/SyntaxAnalyzer.scala. Using presentation compiler with project's scala-library version: 3.3.6
2025.10.08 01:08:35 INFO  no build target found for /home/alex/IdeaProjects/ILang/src/main/scala/parser/SyntaxAnalyzer.scala. Using presentation compiler with project's scala-library version: 3.3.6
2025.10.08 01:08:34 INFO  no build target found for /home/alex/IdeaProjects/ILang/src/main/scala/parser/SyntaxAnalyzer.scala. Using presentation compiler with project's scala-library version: 3.3.6
2025.10.08 01:08:35 INFO  no build target found for /home/alex/IdeaProjects/ILang/src/main/scala/parser/SyntaxAnalyzer.scala. Using presentation compiler with project's scala-library version: 3.3.6
2025.10.08 01:08:34 INFO  no build target found for /home/alex/IdeaProjects/ILang/src/main/scala/parser/SyntaxAnalyzer.scala. Using presentation compiler with project's scala-library version: 3.3.6
2025.10.08 01:08:35 INFO  no build target found for /home/alex/IdeaProjects/ILang/src/main/scala/parser/SyntaxAnalyzer.scala. Using presentation compiler with project's scala-library version: 3.3.6
2025.10.08 01:08:36 INFO  no build target found for /home/alex/IdeaProjects/ILang/src/main/scala/parser/SyntaxAnalyzer.scala. Using presentation compiler with project's scala-library version: 3.3.6
2025.10.08 01:08:36 INFO  no build target found for /home/alex/IdeaProjects/ILang/src/main/scala/parser/SyntaxAnalyzer.scala. Using presentation compiler with project's scala-library version: 3.3.6
2025.10.08 01:08:36 INFO  no build target found for /home/alex/IdeaProjects/ILang/src/main/scala/parser/SyntaxAnalyzer.scala. Using presentation compiler with project's scala-library version: 3.3.6
2025.10.08 01:08:36 INFO  no build target found for /home/alex/IdeaProjects/ILang/src/main/scala/parser/SyntaxAnalyzer.scala. Using presentation compiler with project's scala-library version: 3.3.6
2025.10.08 01:08:36 INFO  no build target found for /home/alex/IdeaProjects/ILang/src/main/scala/parser/SyntaxAnalyzer.scala. Using presentation compiler with project's scala-library version: 3.3.6
2025.10.08 01:08:36 INFO  no build target found for /home/alex/IdeaProjects/ILang/src/main/scala/parser/SyntaxAnalyzer.scala. Using presentation compiler with project's scala-library version: 3.3.6
2025.10.08 01:08:36 INFO  no build target found for /home/alex/IdeaProjects/ILang/src/main/scala/parser/SyntaxAnalyzer.scala. Using presentation compiler with project's scala-library version: 3.3.6
2025.10.08 01:08:36 INFO  no build target found for /home/alex/IdeaProjects/ILang/src/main/scala/parser/SyntaxAnalyzer.scala. Using presentation compiler with project's scala-library version: 3.3.6
2025.10.08 01:08:37 INFO  no build target found for /home/alex/IdeaProjects/ILang/src/main/scala/parser/SyntaxAnalyzer.scala. Using presentation compiler with project's scala-library version: 3.3.6
2025.10.08 01:08:37 INFO  no build target found for /home/alex/IdeaProjects/ILang/src/main/scala/parser/SyntaxAnalyzer.scala. Using presentation compiler with project's scala-library version: 3.3.6
2025.10.08 01:08:37 INFO  no build target found for /home/alex/IdeaProjects/ILang/src/main/scala/parser/SyntaxAnalyzer.scala. Using presentation compiler with project's scala-library version: 3.3.6
2025.10.08 01:08:37 INFO  no build target found for /home/alex/IdeaProjects/ILang/src/main/scala/parser/SyntaxAnalyzer.scala. Using presentation compiler with project's scala-library version: 3.3.6
2025.10.08 01:08:37 INFO  no build target found for /home/alex/IdeaProjects/ILang/src/main/scala/parser/SyntaxAnalyzer.scala. Using presentation compiler with project's scala-library version: 3.3.6
2025.10.08 01:08:37 INFO  no build target found for /home/alex/IdeaProjects/ILang/src/main/scala/parser/SyntaxAnalyzer.scala. Using presentation compiler with project's scala-library version: 3.3.6
2025.10.08 01:08:37 INFO  no build target found for /home/alex/IdeaProjects/ILang/src/main/scala/parser/SyntaxAnalyzer.scala. Using presentation compiler with project's scala-library version: 3.3.6
2025.10.08 01:08:37 INFO  no build target found for /home/alex/IdeaProjects/ILang/src/main/scala/parser/SyntaxAnalyzer.scala. Using presentation compiler with project's scala-library version: 3.3.6
2025.10.08 01:08:37 INFO  no build target found for /home/alex/IdeaProjects/ILang/src/main/scala/parser/SyntaxAnalyzer.scala. Using presentation compiler with project's scala-library version: 3.3.6
2025.10.08 01:08:38 INFO  no build target found for /home/alex/IdeaProjects/ILang/src/main/scala/parser/SyntaxAnalyzer.scala. Using presentation compiler with project's scala-library version: 3.3.6
2025.10.08 01:08:38 INFO  no build target found for /home/alex/IdeaProjects/ILang/src/main/scala/parser/SyntaxAnalyzer.scala. Using presentation compiler with project's scala-library version: 3.3.6
2025.10.08 01:08:38 INFO  no build target found for /home/alex/IdeaProjects/ILang/src/main/scala/parser/SyntaxAnalyzer.scala. Using presentation compiler with project's scala-library version: 3.3.6
2025.10.08 01:08:39 INFO  no build target found for /home/alex/IdeaProjects/ILang/src/main/scala/parser/SyntaxAnalyzer.scala. Using presentation compiler with project's scala-library version: 3.3.6
2025.10.08 01:08:38 INFO  no build target found for /home/alex/IdeaProjects/ILang/src/main/scala/parser/SyntaxAnalyzer.scala. Using presentation compiler with project's scala-library version: 3.3.6
2025.10.08 01:08:38 INFO  no build target found for /home/alex/IdeaProjects/ILang/src/main/scala/parser/SyntaxAnalyzer.scala. Using presentation compiler with project's scala-library version: 3.3.6
2025.10.08 01:08:38 INFO  no build target found for /home/alex/IdeaProjects/ILang/src/main/scala/parser/SyntaxAnalyzer.scala. Using presentation compiler with project's scala-library version: 3.3.6
2025.10.08 01:08:39 INFO  no build target found for /home/alex/IdeaProjects/ILang/src/main/scala/parser/SyntaxAnalyzer.scala. Using presentation compiler with project's scala-library version: 3.3.6
2025.10.08 01:08:38 INFO  no build target found for /home/alex/IdeaProjects/ILang/src/main/scala/parser/SyntaxAnalyzer.scala. Using presentation compiler with project's scala-library version: 3.3.6
2025.10.08 01:08:39 INFO  no build target found for /home/alex/IdeaProjects/ILang/src/main/scala/parser/SyntaxAnalyzer.scala. Using presentation compiler with project's scala-library version: 3.3.6
2025.10.08 01:08:39 INFO  no build target found for /home/alex/IdeaProjects/ILang/src/main/scala/parser/SyntaxAnalyzer.scala. Using presentation compiler with project's scala-library version: 3.3.6
2025.10.08 01:08:39 INFO  no build target found for /home/alex/IdeaProjects/ILang/src/main/scala/parser/SyntaxAnalyzer.scala. Using presentation compiler with project's scala-library version: 3.3.6
2025.10.08 01:08:39 INFO  no build target found for /home/alex/IdeaProjects/ILang/src/main/scala/parser/SyntaxAnalyzer.scala. Using presentation compiler with project's scala-library version: 3.3.6
2025.10.08 01:08:39 INFO  no build target found for /home/alex/IdeaProjects/ILang/src/main/scala/parser/SyntaxAnalyzer.scala. Using presentation compiler with project's scala-library version: 3.3.6
2025.10.08 01:08:39 INFO  no build target found for /home/alex/IdeaProjects/ILang/src/main/scala/parser/SyntaxAnalyzer.scala. Using presentation compiler with project's scala-library version: 3.3.6
2025.10.08 01:08:39 INFO  no build target found for /home/alex/IdeaProjects/ILang/src/main/scala/parser/SyntaxAnalyzer.scala. Using presentation compiler with project's scala-library version: 3.3.6
2025.10.08 01:08:40 INFO  no build target found for /home/alex/IdeaProjects/ILang/src/main/scala/parser/SyntaxAnalyzer.scala. Using presentation compiler with project's scala-library version: 3.3.6
2025.10.08 01:08:39 INFO  no build target found for /home/alex/IdeaProjects/ILang/src/main/scala/parser/SyntaxAnalyzer.scala. Using presentation compiler with project's scala-library version: 3.3.6
2025.10.08 01:08:39 INFO  no build target found for /home/alex/IdeaProjects/ILang/src/main/scala/parser/SyntaxAnalyzer.scala. Using presentation compiler with project's scala-library version: 3.3.6
2025.10.08 01:08:39 INFO  no build target found for /home/alex/IdeaProjects/ILang/src/main/scala/parser/SyntaxAnalyzer.scala. Using presentation compiler with project's scala-library version: 3.3.6
2025.10.08 01:08:39 INFO  no build target found for /home/alex/IdeaProjects/ILang/src/main/scala/parser/SyntaxAnalyzer.scala. Using presentation compiler with project's scala-library version: 3.3.6
Oct 08, 2025 1:08:40 AM org.eclipse.lsp4j.jsonrpc.RemoteEndpoint handleCancellation
WARNING: Unmatched cancel notification for request id 1073
2025.10.08 01:08:39 INFO  no build target found for /home/alex/IdeaProjects/ILang/src/main/scala/parser/SyntaxAnalyzer.scala. Using presentation compiler with project's scala-library version: 3.3.6
2025.10.08 01:08:39 INFO  no build target found for /home/alex/IdeaProjects/ILang/src/main/scala/parser/SyntaxAnalyzer.scala. Using presentation compiler with project's scala-library version: 3.3.6
2025.10.08 01:08:40 INFO  no build target found for /home/alex/IdeaProjects/ILang/src/main/scala/parser/SyntaxAnalyzer.scala. Using presentation compiler with project's scala-library version: 3.3.6
2025.10.08 01:08:40 INFO  no build target found for /home/alex/IdeaProjects/ILang/src/main/scala/parser/SyntaxAnalyzer.scala. Using presentation compiler with project's scala-library version: 3.3.6
2025.10.08 01:08:40 INFO  no build target found for /home/alex/IdeaProjects/ILang/src/main/scala/parser/SyntaxAnalyzer.scala. Using presentation compiler with project's scala-library version: 3.3.6
2025.10.08 01:08:40 INFO  no build target found for /home/alex/IdeaProjects/ILang/src/main/scala/parser/SyntaxAnalyzer.scala. Using presentation compiler with project's scala-library version: 3.3.6
2025.10.08 01:08:40 INFO  no build target found for /home/alex/IdeaProjects/ILang/src/main/scala/parser/SyntaxAnalyzer.scala. Using presentation compiler with project's scala-library version: 3.3.6
2025.10.08 01:08:40 INFO  no build target found for /home/alex/IdeaProjects/ILang/src/main/scala/parser/SyntaxAnalyzer.scala. Using presentation compiler with project's scala-library version: 3.3.6
2025.10.08 01:08:41 INFO  no build target found for /home/alex/IdeaProjects/ILang/src/main/scala/parser/SyntaxAnalyzer.scala. Using presentation compiler with project's scala-library version: 3.3.6
Oct 08, 2025 1:08:41 AM org.eclipse.lsp4j.jsonrpc.RemoteEndpoint handleCancellation
WARNING: Unmatched cancel notification for request id 1080
2025.10.08 01:08:40 INFO  no build target found for /home/alex/IdeaProjects/ILang/src/main/scala/parser/SyntaxAnalyzer.scala. Using presentation compiler with project's scala-library version: 3.3.6
2025.10.08 01:08:41 INFO  no build target found for /home/alex/IdeaProjects/ILang/src/main/scala/parser/SyntaxAnalyzer.scala. Using presentation compiler with project's scala-library version: 3.3.6
2025.10.08 01:08:42 INFO  no build target found for /home/alex/IdeaProjects/ILang/src/main/scala/parser/SyntaxAnalyzer.scala. Using presentation compiler with project's scala-library version: 3.3.6
2025.10.08 01:08:41 INFO  no build target found for /home/alex/IdeaProjects/ILang/src/main/scala/parser/SyntaxAnalyzer.scala. Using presentation compiler with project's scala-library version: 3.3.6
2025.10.08 01:08:42 INFO  no build target found for /home/alex/IdeaProjects/ILang/src/main/scala/parser/SyntaxAnalyzer.scala. Using presentation compiler with project's scala-library version: 3.3.6
2025.10.08 01:08:41 INFO  no build target found for /home/alex/IdeaProjects/ILang/src/main/scala/parser/SyntaxAnalyzer.scala. Using presentation compiler with project's scala-library version: 3.3.6
2025.10.08 01:08:42 INFO  no build target found for /home/alex/IdeaProjects/ILang/src/main/scala/parser/SyntaxAnalyzer.scala. Using presentation compiler with project's scala-library version: 3.3.6
2025.10.08 01:08:41 INFO  no build target found for /home/alex/IdeaProjects/ILang/src/main/scala/parser/SyntaxAnalyzer.scala. Using presentation compiler with project's scala-library version: 3.3.6
2025.10.08 01:08:42 INFO  no build target found for /home/alex/IdeaProjects/ILang/src/main/scala/parser/SyntaxAnalyzer.scala. Using presentation compiler with project's scala-library version: 3.3.6
2025.10.08 01:08:43 INFO  no build target found for /home/alex/IdeaProjects/ILang/src/main/scala/parser/SyntaxAnalyzer.scala. Using presentation compiler with project's scala-library version: 3.3.6
2025.10.08 01:08:43 INFO  no build target found for /home/alex/IdeaProjects/ILang/src/main/scala/parser/SyntaxAnalyzer.scala. Using presentation compiler with project's scala-library version: 3.3.6
2025.10.08 01:08:43 INFO  no build target found for /home/alex/IdeaProjects/ILang/src/main/scala/parser/SyntaxAnalyzer.scala. Using presentation compiler with project's scala-library version: 3.3.6
2025.10.08 01:08:43 INFO  no build target found for /home/alex/IdeaProjects/ILang/src/main/scala/parser/SyntaxAnalyzer.scala. Using presentation compiler with project's scala-library version: 3.3.6
2025.10.08 01:08:43 INFO  no build target found for /home/alex/IdeaProjects/ILang/src/main/scala/parser/SyntaxAnalyzer.scala. Using presentation compiler with project's scala-library version: 3.3.6
2025.10.08 01:08:43 INFO  no build target found for /home/alex/IdeaProjects/ILang/src/main/scala/parser/SyntaxAnalyzer.scala. Using presentation compiler with project's scala-library version: 3.3.6
2025.10.08 01:08:43 INFO  no build target found for /home/alex/IdeaProjects/ILang/src/main/scala/parser/SyntaxAnalyzer.scala. Using presentation compiler with project's scala-library version: 3.3.6
2025.10.08 01:08:43 INFO  no build target found for /home/alex/IdeaProjects/ILang/src/main/scala/parser/SyntaxAnalyzer.scala. Using presentation compiler with project's scala-library version: 3.3.6
2025.10.08 01:08:43 INFO  no build target found for /home/alex/IdeaProjects/ILang/src/main/scala/parser/SyntaxAnalyzer.scala. Using presentation compiler with project's scala-library version: 3.3.6
2025.10.08 01:08:44 INFO  no build target found for /home/alex/IdeaProjects/ILang/src/main/scala/parser/SyntaxAnalyzer.scala. Using presentation compiler with project's scala-library version: 3.3.6
2025.10.08 01:08:44 INFO  no build target found for /home/alex/IdeaProjects/ILang/src/main/scala/parser/SyntaxAnalyzer.scala. Using presentation compiler with project's scala-library version: 3.3.6
2025.10.08 01:08:44 INFO  no build target found for /home/alex/IdeaProjects/ILang/src/main/scala/parser/SyntaxAnalyzer.scala. Using presentation compiler with project's scala-library version: 3.3.6
2025.10.08 01:08:44 INFO  no build target found for /home/alex/IdeaProjects/ILang/src/main/scala/parser/SyntaxAnalyzer.scala. Using presentation compiler with project's scala-library version: 3.3.6
2025.10.08 01:08:44 INFO  no build target found for /home/alex/IdeaProjects/ILang/src/main/scala/parser/SyntaxAnalyzer.scala. Using presentation compiler with project's scala-library version: 3.3.6
2025.10.08 01:08:44 INFO  no build target found for /home/alex/IdeaProjects/ILang/src/main/scala/parser/SyntaxAnalyzer.scala. Using presentation compiler with project's scala-library version: 3.3.6
Oct 08, 2025 1:08:44 AM org.eclipse.lsp4j.jsonrpc.RemoteEndpoint handleCancellation
WARNING: Unmatched cancel notification for request id 1094
2025.10.08 01:08:44 INFO  no build target found for /home/alex/IdeaProjects/ILang/src/main/scala/parser/SyntaxAnalyzer.scala. Using presentation compiler with project's scala-library version: 3.3.6
2025.10.08 01:08:44 INFO  no build target found for /home/alex/IdeaProjects/ILang/src/main/scala/parser/SyntaxAnalyzer.scala. Using presentation compiler with project's scala-library version: 3.3.6
Oct 08, 2025 1:08:45 AM org.eclipse.lsp4j.jsonrpc.RemoteEndpoint handleCancellation
WARNING: Unmatched cancel notification for request id 1096
2025.10.08 01:08:45 INFO  no build target found for /home/alex/IdeaProjects/ILang/src/main/scala/parser/SyntaxAnalyzer.scala. Using presentation compiler with project's scala-library version: 3.3.6
2025.10.08 01:08:45 INFO  no build target found for /home/alex/IdeaProjects/ILang/src/main/scala/parser/SyntaxAnalyzer.scala. Using presentation compiler with project's scala-library version: 3.3.6
2025.10.08 01:08:45 INFO  no build target found for /home/alex/IdeaProjects/ILang/src/main/scala/parser/SyntaxAnalyzer.scala. Using presentation compiler with project's scala-library version: 3.3.6
2025.10.08 01:08:45 INFO  no build target found for /home/alex/IdeaProjects/ILang/src/main/scala/parser/SyntaxAnalyzer.scala. Using presentation compiler with project's scala-library version: 3.3.6
2025.10.08 01:08:45 INFO  no build target found for /home/alex/IdeaProjects/ILang/src/main/scala/parser/SyntaxAnalyzer.scala. Using presentation compiler with project's scala-library version: 3.3.6
2025.10.08 01:08:45 INFO  no build target found for /home/alex/IdeaProjects/ILang/src/main/scala/parser/SyntaxAnalyzer.scala. Using presentation compiler with project's scala-library version: 3.3.6
2025.10.08 01:08:45 INFO  no build target found for /home/alex/IdeaProjects/ILang/src/main/scala/parser/SyntaxAnalyzer.scala. Using presentation compiler with project's scala-library version: 3.3.6
2025.10.08 01:08:45 INFO  no build target found for /home/alex/IdeaProjects/ILang/src/main/scala/parser/SyntaxAnalyzer.scala. Using presentation compiler with project's scala-library version: 3.3.6
2025.10.08 01:08:46 INFO  no build target found for /home/alex/IdeaProjects/ILang/src/main/scala/parser/SyntaxAnalyzer.scala. Using presentation compiler with project's scala-library version: 3.3.6
2025.10.08 01:08:45 INFO  no build target found for /home/alex/IdeaProjects/ILang/src/main/scala/parser/SyntaxAnalyzer.scala. Using presentation compiler with project's scala-library version: 3.3.6
2025.10.08 01:08:46 INFO  no build target found for /home/alex/IdeaProjects/ILang/src/main/scala/parser/SyntaxAnalyzer.scala. Using presentation compiler with project's scala-library version: 3.3.6
2025.10.08 01:08:47 INFO  no build target found for /home/alex/IdeaProjects/ILang/src/main/scala/parser/SyntaxAnalyzer.scala. Using presentation compiler with project's scala-library version: 3.3.6
2025.10.08 01:08:46 INFO  no build target found for /home/alex/IdeaProjects/ILang/src/main/scala/parser/SyntaxAnalyzer.scala. Using presentation compiler with project's scala-library version: 3.3.6
2025.10.08 01:08:47 INFO  no build target found for /home/alex/IdeaProjects/ILang/src/main/scala/parser/SyntaxAnalyzer.scala. Using presentation compiler with project's scala-library version: 3.3.6
2025.10.08 01:08:46 INFO  no build target found for /home/alex/IdeaProjects/ILang/src/main/scala/parser/SyntaxAnalyzer.scala. Using presentation compiler with project's scala-library version: 3.3.6
2025.10.08 01:08:47 INFO  no build target found for /home/alex/IdeaProjects/ILang/src/main/scala/parser/SyntaxAnalyzer.scala. Using presentation compiler with project's scala-library version: 3.3.6
2025.10.08 01:08:48 INFO  no build target found for /home/alex/IdeaProjects/ILang/src/main/scala/parser/SyntaxAnalyzer.scala. Using presentation compiler with project's scala-library version: 3.3.6
2025.10.08 01:08:47 INFO  no build target found for /home/alex/IdeaProjects/ILang/src/main/scala/parser/SyntaxAnalyzer.scala. Using presentation compiler with project's scala-library version: 3.3.6
2025.10.08 01:08:48 INFO  no build target found for /home/alex/IdeaProjects/ILang/src/main/scala/parser/SyntaxAnalyzer.scala. Using presentation compiler with project's scala-library version: 3.3.6
2025.10.08 01:08:48 INFO  no build target found for /home/alex/IdeaProjects/ILang/src/main/scala/parser/SyntaxAnalyzer.scala. Using presentation compiler with project's scala-library version: 3.3.6
2025.10.08 01:08:48 INFO  no build target found for /home/alex/IdeaProjects/ILang/src/main/scala/parser/SyntaxAnalyzer.scala. Using presentation compiler with project's scala-library version: 3.3.6
2025.10.08 01:08:48 INFO  no build target found for /home/alex/IdeaProjects/ILang/src/main/scala/parser/SyntaxAnalyzer.scala. Using presentation compiler with project's scala-library version: 3.3.6
2025.10.08 01:08:48 INFO  no build target found for /home/alex/IdeaProjects/ILang/src/main/scala/parser/SyntaxAnalyzer.scala. Using presentation compiler with project's scala-library version: 3.3.6
2025.10.08 01:08:49 INFO  no build target found for /home/alex/IdeaProjects/ILang/src/main/scala/parser/SyntaxAnalyzer.scala. Using presentation compiler with project's scala-library version: 3.3.6
2025.10.08 01:08:49 INFO  no build target found for /home/alex/IdeaProjects/ILang/src/main/scala/parser/SyntaxAnalyzer.scala. Using presentation compiler with project's scala-library version: 3.3.6
2025.10.08 01:08:49 INFO  no build target found for /home/alex/IdeaProjects/ILang/src/main/scala/parser/SyntaxAnalyzer.scala. Using presentation compiler with project's scala-library version: 3.3.6
2025.10.08 01:08:49 INFO  no build target found for /home/alex/IdeaProjects/ILang/src/main/scala/parser/SyntaxAnalyzer.scala. Using presentation compiler with project's scala-library version: 3.3.6
2025.10.08 01:08:49 INFO  no build target found for /home/alex/IdeaProjects/ILang/src/main/scala/parser/SyntaxAnalyzer.scala. Using presentation compiler with project's scala-library version: 3.3.6
2025.10.08 01:08:49 INFO  no build target found for /home/alex/IdeaProjects/ILang/src/main/scala/parser/SyntaxAnalyzer.scala. Using presentation compiler with project's scala-library version: 3.3.6
2025.10.08 01:08:50 INFO  no build target found for /home/alex/IdeaProjects/ILang/src/main/scala/parser/SyntaxAnalyzer.scala. Using presentation compiler with project's scala-library version: 3.3.6
2025.10.08 01:08:49 INFO  no build target found for /home/alex/IdeaProjects/ILang/src/main/scala/parser/SyntaxAnalyzer.scala. Using presentation compiler with project's scala-library version: 3.3.6
2025.10.08 01:08:50 INFO  no build target found for /home/alex/IdeaProjects/ILang/src/main/scala/parser/SyntaxAnalyzer.scala. Using presentation compiler with project's scala-library version: 3.3.6
2025.10.08 01:08:50 INFO  no build target found for /home/alex/IdeaProjects/ILang/src/main/scala/parser/SyntaxAnalyzer.scala. Using presentation compiler with project's scala-library version: 3.3.6
2025.10.08 01:08:50 INFO  no build target found for /home/alex/IdeaProjects/ILang/src/main/scala/parser/SyntaxAnalyzer.scala. Using presentation compiler with project's scala-library version: 3.3.6
2025.10.08 01:08:50 INFO  no build target found for /home/alex/IdeaProjects/ILang/src/main/scala/parser/SyntaxAnalyzer.scala. Using presentation compiler with project's scala-library version: 3.3.6
2025.10.08 01:08:50 INFO  no build target found for /home/alex/IdeaProjects/ILang/src/main/scala/parser/SyntaxAnalyzer.scala. Using presentation compiler with project's scala-library version: 3.3.6
2025.10.08 01:08:50 INFO  no build target found for /home/alex/IdeaProjects/ILang/src/main/scala/parser/SyntaxAnalyzer.scala. Using presentation compiler with project's scala-library version: 3.3.6
Oct 08, 2025 1:08:50 AM org.eclipse.lsp4j.jsonrpc.RemoteEndpoint handleCancellation
WARNING: Unmatched cancel notification for request id 1117
2025.10.08 01:08:50 INFO  no build target found for /home/alex/IdeaProjects/ILang/src/main/scala/parser/SyntaxAnalyzer.scala. Using presentation compiler with project's scala-library version: 3.3.6
2025.10.08 01:08:50 INFO  no build target found for /home/alex/IdeaProjects/ILang/src/main/scala/parser/SyntaxAnalyzer.scala. Using presentation compiler with project's scala-library version: 3.3.6
2025.10.08 01:08:50 INFO  no build target found for /home/alex/IdeaProjects/ILang/src/main/scala/parser/SyntaxAnalyzer.scala. Using presentation compiler with project's scala-library version: 3.3.6
2025.10.08 01:08:50 INFO  no build target found for /home/alex/IdeaProjects/ILang/src/main/scala/parser/SyntaxAnalyzer.scala. Using presentation compiler with project's scala-library version: 3.3.6
2025.10.08 01:08:50 INFO  no build target found for /home/alex/IdeaProjects/ILang/src/main/scala/parser/SyntaxAnalyzer.scala. Using presentation compiler with project's scala-library version: 3.3.6
2025.10.08 01:08:51 INFO  no build target found for /home/alex/IdeaProjects/ILang/src/main/scala/parser/SyntaxAnalyzer.scala. Using presentation compiler with project's scala-library version: 3.3.6
2025.10.08 01:08:51 INFO  no build target found for /home/alex/IdeaProjects/ILang/src/main/scala/parser/SyntaxAnalyzer.scala. Using presentation compiler with project's scala-library version: 3.3.6
2025.10.08 01:08:51 INFO  no build target found for /home/alex/IdeaProjects/ILang/src/main/scala/parser/SyntaxAnalyzer.scala. Using presentation compiler with project's scala-library version: 3.3.6
2025.10.08 01:08:51 INFO  no build target found for /home/alex/IdeaProjects/ILang/src/main/scala/parser/SyntaxAnalyzer.scala. Using presentation compiler with project's scala-library version: 3.3.6
2025.10.08 01:08:51 INFO  no build target found for /home/alex/IdeaProjects/ILang/src/main/scala/parser/SyntaxAnalyzer.scala. Using presentation compiler with project's scala-library version: 3.3.6
2025.10.08 01:08:51 INFO  no build target found for /home/alex/IdeaProjects/ILang/src/main/scala/parser/SyntaxAnalyzer.scala. Using presentation compiler with project's scala-library version: 3.3.6
2025.10.08 01:08:51 INFO  no build target found for /home/alex/IdeaProjects/ILang/src/main/scala/parser/SyntaxAnalyzer.scala. Using presentation compiler with project's scala-library version: 3.3.6
2025.10.08 01:08:51 INFO  no build target found for /home/alex/IdeaProjects/ILang/src/main/scala/parser/SyntaxAnalyzer.scala. Using presentation compiler with project's scala-library version: 3.3.6
2025.10.08 01:08:52 INFO  no build target found for /home/alex/IdeaProjects/ILang/src/main/scala/parser/SyntaxAnalyzer.scala. Using presentation compiler with project's scala-library version: 3.3.6
2025.10.08 01:08:51 INFO  no build target found for /home/alex/IdeaProjects/ILang/src/main/scala/parser/SyntaxAnalyzer.scala. Using presentation compiler with project's scala-library version: 3.3.6
2025.10.08 01:08:52 INFO  no build target found for /home/alex/IdeaProjects/ILang/src/main/scala/parser/SyntaxAnalyzer.scala. Using presentation compiler with project's scala-library version: 3.3.6
2025.10.08 01:08:53 INFO  no build target found for /home/alex/IdeaProjects/ILang/src/main/scala/parser/SyntaxAnalyzer.scala. Using presentation compiler with project's scala-library version: 3.3.6
2025.10.08 01:08:52 INFO  no build target found for /home/alex/IdeaProjects/ILang/src/main/scala/parser/SyntaxAnalyzer.scala. Using presentation compiler with project's scala-library version: 3.3.6
2025.10.08 01:08:53 INFO  no build target found for /home/alex/IdeaProjects/ILang/src/main/scala/parser/SyntaxAnalyzer.scala. Using presentation compiler with project's scala-library version: 3.3.6
Oct 08, 2025 1:08:53 AM org.eclipse.lsp4j.jsonrpc.RemoteEndpoint handleCancellation
WARNING: Unmatched cancel notification for request id 1128
2025.10.08 01:08:52 INFO  no build target found for /home/alex/IdeaProjects/ILang/src/main/scala/parser/SyntaxAnalyzer.scala. Using presentation compiler with project's scala-library version: 3.3.6
2025.10.08 01:08:53 INFO  no build target found for /home/alex/IdeaProjects/ILang/src/main/scala/parser/SyntaxAnalyzer.scala. Using presentation compiler with project's scala-library version: 3.3.6
2025.10.08 01:08:53 INFO  no build target found for /home/alex/IdeaProjects/ILang/src/main/scala/parser/SyntaxAnalyzer.scala. Using presentation compiler with project's scala-library version: 3.3.6
2025.10.08 01:08:53 INFO  no build target found for /home/alex/IdeaProjects/ILang/src/main/scala/parser/SyntaxAnalyzer.scala. Using presentation compiler with project's scala-library version: 3.3.6
2025.10.08 01:08:53 INFO  no build target found for /home/alex/IdeaProjects/ILang/src/main/scala/parser/SyntaxAnalyzer.scala. Using presentation compiler with project's scala-library version: 3.3.6
2025.10.08 01:08:53 INFO  no build target found for /home/alex/IdeaProjects/ILang/src/main/scala/parser/SyntaxAnalyzer.scala. Using presentation compiler with project's scala-library version: 3.3.6
Oct 08, 2025 1:08:53 AM org.eclipse.lsp4j.jsonrpc.RemoteEndpoint handleCancellation
WARNING: Unmatched cancel notification for request id 1134
2025.10.08 01:08:53 INFO  no build target found for /home/alex/IdeaProjects/ILang/src/main/scala/parser/SyntaxAnalyzer.scala. Using presentation compiler with project's scala-library version: 3.3.6
2025.10.08 01:08:53 INFO  no build target found for /home/alex/IdeaProjects/ILang/src/main/scala/parser/SyntaxAnalyzer.scala. Using presentation compiler with project's scala-library version: 3.3.6
2025.10.08 01:08:54 INFO  no build target found for /home/alex/IdeaProjects/ILang/src/main/scala/parser/SyntaxAnalyzer.scala. Using presentation compiler with project's scala-library version: 3.3.6
2025.10.08 01:08:53 INFO  no build target found for /home/alex/IdeaProjects/ILang/src/main/scala/parser/SyntaxAnalyzer.scala. Using presentation compiler with project's scala-library version: 3.3.6
2025.10.08 01:08:53 INFO  no build target found for /home/alex/IdeaProjects/ILang/src/main/scala/parser/SyntaxAnalyzer.scala. Using presentation compiler with project's scala-library version: 3.3.6
2025.10.08 01:08:53 INFO  no build target found for /home/alex/IdeaProjects/ILang/src/main/scala/parser/SyntaxAnalyzer.scala. Using presentation compiler with project's scala-library version: 3.3.6
2025.10.08 01:08:54 INFO  no build target found for /home/alex/IdeaProjects/ILang/src/main/scala/parser/SyntaxAnalyzer.scala. Using presentation compiler with project's scala-library version: 3.3.6
2025.10.08 01:08:53 INFO  no build target found for /home/alex/IdeaProjects/ILang/src/main/scala/parser/SyntaxAnalyzer.scala. Using presentation compiler with project's scala-library version: 3.3.6
2025.10.08 01:08:53 INFO  no build target found for /home/alex/IdeaProjects/ILang/src/main/scala/parser/SyntaxAnalyzer.scala. Using presentation compiler with project's scala-library version: 3.3.6
2025.10.08 01:08:53 INFO  no build target found for /home/alex/IdeaProjects/ILang/src/main/scala/parser/SyntaxAnalyzer.scala. Using presentation compiler with project's scala-library version: 3.3.6
2025.10.08 01:08:53 INFO  no build target found for /home/alex/IdeaProjects/ILang/src/main/scala/parser/SyntaxAnalyzer.scala. Using presentation compiler with project's scala-library version: 3.3.6
2025.10.08 01:08:54 INFO  no build target found for /home/alex/IdeaProjects/ILang/src/main/scala/parser/SyntaxAnalyzer.scala. Using presentation compiler with project's scala-library version: 3.3.6
2025.10.08 01:08:53 INFO  no build target found for /home/alex/IdeaProjects/ILang/src/main/scala/parser/SyntaxAnalyzer.scala. Using presentation compiler with project's scala-library version: 3.3.6
2025.10.08 01:08:54 INFO  no build target found for /home/alex/IdeaProjects/ILang/src/main/scala/parser/SyntaxAnalyzer.scala. Using presentation compiler with project's scala-library version: 3.3.6
2025.10.08 01:08:54 INFO  no build target found for /home/alex/IdeaProjects/ILang/src/main/scala/parser/SyntaxAnalyzer.scala. Using presentation compiler with project's scala-library version: 3.3.6
2025.10.08 01:08:55 INFO  no build target found for /home/alex/IdeaProjects/ILang/src/main/scala/parser/SyntaxAnalyzer.scala. Using presentation compiler with project's scala-library version: 3.3.6
2025.10.08 01:08:54 INFO  no build target found for /home/alex/IdeaProjects/ILang/src/main/scala/parser/SyntaxAnalyzer.scala. Using presentation compiler with project's scala-library version: 3.3.6
2025.10.08 01:08:55 INFO  no build target found for /home/alex/IdeaProjects/ILang/src/main/scala/parser/SyntaxAnalyzer.scala. Using presentation compiler with project's scala-library version: 3.3.6
2025.10.08 01:08:54 INFO  no build target found for /home/alex/IdeaProjects/ILang/src/main/scala/parser/SyntaxAnalyzer.scala. Using presentation compiler with project's scala-library version: 3.3.6
2025.10.08 01:08:54 INFO  no build target found for /home/alex/IdeaProjects/ILang/src/main/scala/parser/SyntaxAnalyzer.scala. Using presentation compiler with project's scala-library version: 3.3.6
2025.10.08 01:08:54 INFO  no build target found for /home/alex/IdeaProjects/ILang/src/main/scala/parser/SyntaxAnalyzer.scala. Using presentation compiler with project's scala-library version: 3.3.6
2025.10.08 01:08:54 INFO  no build target found for /home/alex/IdeaProjects/ILang/src/main/scala/parser/SyntaxAnalyzer.scala. Using presentation compiler with project's scala-library version: 3.3.6
2025.10.08 01:08:54 INFO  no build target found for /home/alex/IdeaProjects/ILang/src/main/scala/parser/SyntaxAnalyzer.scala. Using presentation compiler with project's scala-library version: 3.3.6
2025.10.08 01:08:54 INFO  no build target found for /home/alex/IdeaProjects/ILang/src/main/scala/parser/SyntaxAnalyzer.scala. Using presentation compiler with project's scala-library version: 3.3.6
2025.10.08 01:08:54 INFO  no build target found for /home/alex/IdeaProjects/ILang/src/main/scala/parser/SyntaxAnalyzer.scala. Using presentation compiler with project's scala-library version: 3.3.6
2025.10.08 01:08:54 INFO  no build target found for /home/alex/IdeaProjects/ILang/src/main/scala/parser/SyntaxAnalyzer.scala. Using presentation compiler with project's scala-library version: 3.3.6
2025.10.08 01:08:54 INFO  no build target found for /home/alex/IdeaProjects/ILang/src/main/scala/parser/SyntaxAnalyzer.scala. Using presentation compiler with project's scala-library version: 3.3.6
2025.10.08 01:08:54 INFO  no build target found for /home/alex/IdeaProjects/ILang/src/main/scala/parser/SyntaxAnalyzer.scala. Using presentation compiler with project's scala-library version: 3.3.6
2025.10.08 01:08:55 INFO  no build target found for /home/alex/IdeaProjects/ILang/src/main/scala/parser/SyntaxAnalyzer.scala. Using presentation compiler with project's scala-library version: 3.3.6
2025.10.08 01:08:55 INFO  no build target found for /home/alex/IdeaProjects/ILang/src/main/scala/parser/SyntaxAnalyzer.scala. Using presentation compiler with project's scala-library version: 3.3.6
2025.10.08 01:08:55 INFO  no build target found for /home/alex/IdeaProjects/ILang/src/main/scala/parser/SyntaxAnalyzer.scala. Using presentation compiler with project's scala-library version: 3.3.6
2025.10.08 01:08:55 INFO  no build target found for /home/alex/IdeaProjects/ILang/src/main/scala/parser/SyntaxAnalyzer.scala. Using presentation compiler with project's scala-library version: 3.3.6
2025.10.08 01:08:55 INFO  no build target found for /home/alex/IdeaProjects/ILang/src/main/scala/parser/SyntaxAnalyzer.scala. Using presentation compiler with project's scala-library version: 3.3.6
2025.10.08 01:08:55 INFO  no build target found for /home/alex/IdeaProjects/ILang/src/main/scala/parser/SyntaxAnalyzer.scala. Using presentation compiler with project's scala-library version: 3.3.6
2025.10.08 01:08:56 INFO  no build target found for /home/alex/IdeaProjects/ILang/src/main/scala/parser/SyntaxAnalyzer.scala. Using presentation compiler with project's scala-library version: 3.3.6
2025.10.08 01:08:55 INFO  no build target found for /home/alex/IdeaProjects/ILang/src/main/scala/parser/SyntaxAnalyzer.scala. Using presentation compiler with project's scala-library version: 3.3.6
2025.10.08 01:08:56 INFO  no build target found for /home/alex/IdeaProjects/ILang/src/main/scala/parser/SyntaxAnalyzer.scala. Using presentation compiler with project's scala-library version: 3.3.6
2025.10.08 01:08:55 INFO  no build target found for /home/alex/IdeaProjects/ILang/src/main/scala/parser/SyntaxAnalyzer.scala. Using presentation compiler with project's scala-library version: 3.3.6
2025.10.08 01:08:56 INFO  no build target found for /home/alex/IdeaProjects/ILang/src/main/scala/parser/SyntaxAnalyzer.scala. Using presentation compiler with project's scala-library version: 3.3.6
2025.10.08 01:08:56 INFO  no build target found for /home/alex/IdeaProjects/ILang/src/main/scala/parser/SyntaxAnalyzer.scala. Using presentation compiler with project's scala-library version: 3.3.6
Oct 08, 2025 1:08:56 AM org.eclipse.lsp4j.jsonrpc.RemoteEndpoint handleCancellation
WARNING: Unmatched cancel notification for request id 1164
2025.10.08 01:08:56 INFO  no build target found for /home/alex/IdeaProjects/ILang/src/main/scala/parser/SyntaxAnalyzer.scala. Using presentation compiler with project's scala-library version: 3.3.6
2025.10.08 01:08:56 INFO  no build target found for /home/alex/IdeaProjects/ILang/src/main/scala/parser/SyntaxAnalyzer.scala. Using presentation compiler with project's scala-library version: 3.3.6
2025.10.08 01:08:56 INFO  no build target found for /home/alex/IdeaProjects/ILang/src/main/scala/parser/SyntaxAnalyzer.scala. Using presentation compiler with project's scala-library version: 3.3.6
2025.10.08 01:08:57 INFO  no build target found for /home/alex/IdeaProjects/ILang/src/main/scala/parser/SyntaxAnalyzer.scala. Using presentation compiler with project's scala-library version: 3.3.6
2025.10.08 01:08:56 INFO  no build target found for /home/alex/IdeaProjects/ILang/src/main/scala/parser/SyntaxAnalyzer.scala. Using presentation compiler with project's scala-library version: 3.3.6
2025.10.08 01:08:57 INFO  no build target found for /home/alex/IdeaProjects/ILang/src/main/scala/parser/SyntaxAnalyzer.scala. Using presentation compiler with project's scala-library version: 3.3.6
2025.10.08 01:08:58 INFO  no build target found for /home/alex/IdeaProjects/ILang/src/main/scala/parser/SyntaxAnalyzer.scala. Using presentation compiler with project's scala-library version: 3.3.6
2025.10.08 01:08:57 INFO  no build target found for /home/alex/IdeaProjects/ILang/src/main/scala/parser/SyntaxAnalyzer.scala. Using presentation compiler with project's scala-library version: 3.3.6
2025.10.08 01:08:58 INFO  no build target found for /home/alex/IdeaProjects/ILang/src/main/scala/parser/SyntaxAnalyzer.scala. Using presentation compiler with project's scala-library version: 3.3.6
2025.10.08 01:08:57 INFO  no build target found for /home/alex/IdeaProjects/ILang/src/main/scala/parser/SyntaxAnalyzer.scala. Using presentation compiler with project's scala-library version: 3.3.6
2025.10.08 01:08:58 INFO  no build target found for /home/alex/IdeaProjects/ILang/src/main/scala/parser/SyntaxAnalyzer.scala. Using presentation compiler with project's scala-library version: 3.3.6
2025.10.08 01:08:58 INFO  no build target found for /home/alex/IdeaProjects/ILang/src/main/scala/parser/SyntaxAnalyzer.scala. Using presentation compiler with project's scala-library version: 3.3.6
2025.10.08 01:08:57 INFO  no build target found for /home/alex/IdeaProjects/ILang/src/main/scala/parser/SyntaxAnalyzer.scala. Using presentation compiler with project's scala-library version: 3.3.6
2025.10.08 01:08:58 INFO  no build target found for /home/alex/IdeaProjects/ILang/src/main/scala/parser/SyntaxAnalyzer.scala. Using presentation compiler with project's scala-library version: 3.3.6
2025.10.08 01:08:59 INFO  no build target found for /home/alex/IdeaProjects/ILang/src/main/scala/parser/SyntaxAnalyzer.scala. Using presentation compiler with project's scala-library version: 3.3.6
2025.10.08 01:08:59 INFO  no build target found for /home/alex/IdeaProjects/ILang/src/main/scala/parser/SyntaxAnalyzer.scala. Using presentation compiler with project's scala-library version: 3.3.6
2025.10.08 01:08:59 INFO  no build target found for /home/alex/IdeaProjects/ILang/src/main/scala/parser/SyntaxAnalyzer.scala. Using presentation compiler with project's scala-library version: 3.3.6
2025.10.08 01:08:59 INFO  no build target found for /home/alex/IdeaProjects/ILang/src/main/scala/parser/SyntaxAnalyzer.scala. Using presentation compiler with project's scala-library version: 3.3.6
2025.10.08 01:08:59 INFO  no build target found for /home/alex/IdeaProjects/ILang/src/main/scala/parser/SyntaxAnalyzer.scala. Using presentation compiler with project's scala-library version: 3.3.6
2025.10.08 01:08:59 INFO  no build target found for /home/alex/IdeaProjects/ILang/src/main/scala/parser/SyntaxAnalyzer.scala. Using presentation compiler with project's scala-library version: 3.3.6
2025.10.08 01:08:59 INFO  no build target found for /home/alex/IdeaProjects/ILang/src/main/scala/parser/SyntaxAnalyzer.scala. Using presentation compiler with project's scala-library version: 3.3.6
2025.10.08 01:08:59 INFO  no build target found for /home/alex/IdeaProjects/ILang/src/main/scala/parser/SyntaxAnalyzer.scala. Using presentation compiler with project's scala-library version: 3.3.6
2025.10.08 01:08:59 INFO  no build target found for /home/alex/IdeaProjects/ILang/src/main/scala/parser/SyntaxAnalyzer.scala. Using presentation compiler with project's scala-library version: 3.3.6
2025.10.08 01:09:00 INFO  no build target found for /home/alex/IdeaProjects/ILang/src/main/scala/parser/SyntaxAnalyzer.scala. Using presentation compiler with project's scala-library version: 3.3.6
2025.10.08 01:09:00 INFO  no build target found for /home/alex/IdeaProjects/ILang/src/main/scala/parser/SyntaxAnalyzer.scala. Using presentation compiler with project's scala-library version: 3.3.6
2025.10.08 01:09:00 INFO  no build target found for /home/alex/IdeaProjects/ILang/src/main/scala/parser/SyntaxAnalyzer.scala. Using presentation compiler with project's scala-library version: 3.3.6
2025.10.08 01:09:00 INFO  no build target found for /home/alex/IdeaProjects/ILang/src/main/scala/parser/SyntaxAnalyzer.scala. Using presentation compiler with project's scala-library version: 3.3.6
2025.10.08 01:09:00 INFO  no build target found for /home/alex/IdeaProjects/ILang/src/main/scala/parser/SyntaxAnalyzer.scala. Using presentation compiler with project's scala-library version: 3.3.6
2025.10.08 01:09:00 INFO  no build target found for /home/alex/IdeaProjects/ILang/src/main/scala/parser/SyntaxAnalyzer.scala. Using presentation compiler with project's scala-library version: 3.3.6
2025.10.08 01:09:00 INFO  no build target found for /home/alex/IdeaProjects/ILang/src/main/scala/parser/SyntaxAnalyzer.scala. Using presentation compiler with project's scala-library version: 3.3.6
2025.10.08 01:09:00 INFO  no build target found for /home/alex/IdeaProjects/ILang/src/main/scala/parser/SyntaxAnalyzer.scala. Using presentation compiler with project's scala-library version: 3.3.6
Oct 08, 2025 1:09:01 AM org.eclipse.lsp4j.jsonrpc.RemoteEndpoint handleCancellation
WARNING: Unmatched cancel notification for request id 1184
2025.10.08 01:09:00 INFO  no build target found for /home/alex/IdeaProjects/ILang/src/main/scala/parser/SyntaxAnalyzer.scala. Using presentation compiler with project's scala-library version: 3.3.6
2025.10.08 01:09:00 INFO  no build target found for /home/alex/IdeaProjects/ILang/src/main/scala/parser/SyntaxAnalyzer.scala. Using presentation compiler with project's scala-library version: 3.3.6
2025.10.08 01:09:00 INFO  no build target found for /home/alex/IdeaProjects/ILang/src/main/scala/parser/SyntaxAnalyzer.scala. Using presentation compiler with project's scala-library version: 3.3.6
2025.10.08 01:09:00 INFO  no build target found for /home/alex/IdeaProjects/ILang/src/main/scala/parser/SyntaxAnalyzer.scala. Using presentation compiler with project's scala-library version: 3.3.6
2025.10.08 01:09:00 INFO  no build target found for /home/alex/IdeaProjects/ILang/src/main/scala/parser/SyntaxAnalyzer.scala. Using presentation compiler with project's scala-library version: 3.3.6
2025.10.08 01:09:00 INFO  no build target found for /home/alex/IdeaProjects/ILang/src/main/scala/parser/SyntaxAnalyzer.scala. Using presentation compiler with project's scala-library version: 3.3.6
2025.10.08 01:09:01 INFO  no build target found for /home/alex/IdeaProjects/ILang/src/main/scala/parser/SyntaxAnalyzer.scala. Using presentation compiler with project's scala-library version: 3.3.6
2025.10.08 01:09:01 INFO  no build target found for /home/alex/IdeaProjects/ILang/src/main/scala/parser/SyntaxAnalyzer.scala. Using presentation compiler with project's scala-library version: 3.3.6
2025.10.08 01:09:01 INFO  no build target found for /home/alex/IdeaProjects/ILang/src/main/scala/parser/SyntaxAnalyzer.scala. Using presentation compiler with project's scala-library version: 3.3.6
2025.10.08 01:09:01 INFO  no build target found for /home/alex/IdeaProjects/ILang/src/main/scala/parser/SyntaxAnalyzer.scala. Using presentation compiler with project's scala-library version: 3.3.6
2025.10.08 01:09:01 INFO  no build target found for /home/alex/IdeaProjects/ILang/src/main/scala/parser/SyntaxAnalyzer.scala. Using presentation compiler with project's scala-library version: 3.3.6
2025.10.08 01:09:01 INFO  no build target found for /home/alex/IdeaProjects/ILang/src/main/scala/parser/SyntaxAnalyzer.scala. Using presentation compiler with project's scala-library version: 3.3.6
2025.10.08 01:09:01 INFO  no build target found for /home/alex/IdeaProjects/ILang/src/main/scala/parser/SyntaxAnalyzer.scala. Using presentation compiler with project's scala-library version: 3.3.6
2025.10.08 01:09:01 INFO  no build target found for /home/alex/IdeaProjects/ILang/src/main/scala/parser/SyntaxAnalyzer.scala. Using presentation compiler with project's scala-library version: 3.3.6
2025.10.08 01:09:01 INFO  no build target found for /home/alex/IdeaProjects/ILang/src/main/scala/parser/SyntaxAnalyzer.scala. Using presentation compiler with project's scala-library version: 3.3.6
2025.10.08 01:09:03 INFO  no build target found for /home/alex/IdeaProjects/ILang/src/main/scala/parser/SyntaxAnalyzer.scala. Using presentation compiler with project's scala-library version: 3.3.6
2025.10.08 01:09:03 INFO  no build target found for /home/alex/IdeaProjects/ILang/src/main/scala/parser/SyntaxAnalyzer.scala. Using presentation compiler with project's scala-library version: 3.3.6
2025.10.08 01:09:03 INFO  no build target found for /home/alex/IdeaProjects/ILang/src/main/scala/parser/SyntaxAnalyzer.scala. Using presentation compiler with project's scala-library version: 3.3.6
2025.10.08 01:09:03 INFO  no build target found for /home/alex/IdeaProjects/ILang/src/main/scala/parser/SyntaxAnalyzer.scala. Using presentation compiler with project's scala-library version: 3.3.6
2025.10.08 01:09:03 INFO  no build target found for /home/alex/IdeaProjects/ILang/src/main/scala/parser/SyntaxAnalyzer.scala. Using presentation compiler with project's scala-library version: 3.3.6
2025.10.08 01:09:03 INFO  no build target found for /home/alex/IdeaProjects/ILang/src/main/scala/parser/SyntaxAnalyzer.scala. Using presentation compiler with project's scala-library version: 3.3.6
2025.10.08 01:09:03 INFO  no build target found for /home/alex/IdeaProjects/ILang/src/main/scala/parser/SyntaxAnalyzer.scala. Using presentation compiler with project's scala-library version: 3.3.6
2025.10.08 01:09:03 INFO  no build target found for /home/alex/IdeaProjects/ILang/src/main/scala/parser/SyntaxAnalyzer.scala. Using presentation compiler with project's scala-library version: 3.3.6
2025.10.08 01:09:04 INFO  no build target found for /home/alex/IdeaProjects/ILang/src/main/scala/parser/SyntaxAnalyzer.scala. Using presentation compiler with project's scala-library version: 3.3.6
2025.10.08 01:09:04 INFO  no build target found for /home/alex/IdeaProjects/ILang/src/main/scala/parser/SyntaxAnalyzer.scala. Using presentation compiler with project's scala-library version: 3.3.6
2025.10.08 01:09:03 INFO  no build target found for /home/alex/IdeaProjects/ILang/src/main/scala/parser/SyntaxAnalyzer.scala. Using presentation compiler with project's scala-library version: 3.3.6
2025.10.08 01:09:04 INFO  no build target found for /home/alex/IdeaProjects/ILang/src/main/scala/parser/SyntaxAnalyzer.scala. Using presentation compiler with project's scala-library version: 3.3.6
2025.10.08 01:09:04 INFO  no build target found for /home/alex/IdeaProjects/ILang/src/main/scala/parser/SyntaxAnalyzer.scala. Using presentation compiler with project's scala-library version: 3.3.6
2025.10.08 01:09:04 INFO  no build target found for /home/alex/IdeaProjects/ILang/src/main/scala/parser/SyntaxAnalyzer.scala. Using presentation compiler with project's scala-library version: 3.3.6
2025.10.08 01:09:05 INFO  no build target found for /home/alex/IdeaProjects/ILang/src/main/scala/parser/SyntaxAnalyzer.scala. Using presentation compiler with project's scala-library version: 3.3.6
2025.10.08 01:09:04 INFO  no build target found for /home/alex/IdeaProjects/ILang/src/main/scala/parser/SyntaxAnalyzer.scala. Using presentation compiler with project's scala-library version: 3.3.6
2025.10.08 01:09:04 INFO  no build target found for /home/alex/IdeaProjects/ILang/src/main/scala/parser/SyntaxAnalyzer.scala. Using presentation compiler with project's scala-library version: 3.3.6
2025.10.08 01:09:05 INFO  no build target found for /home/alex/IdeaProjects/ILang/src/main/scala/parser/SyntaxAnalyzer.scala. Using presentation compiler with project's scala-library version: 3.3.6
2025.10.08 01:09:05 INFO  no build target found for /home/alex/IdeaProjects/ILang/src/main/scala/parser/SyntaxAnalyzer.scala. Using presentation compiler with project's scala-library version: 3.3.6
2025.10.08 01:09:05 INFO  no build target found for /home/alex/IdeaProjects/ILang/src/main/scala/parser/SyntaxAnalyzer.scala. Using presentation compiler with project's scala-library version: 3.3.6
2025.10.08 01:09:05 INFO  no build target found for /home/alex/IdeaProjects/ILang/src/main/scala/parser/SyntaxAnalyzer.scala. Using presentation compiler with project's scala-library version: 3.3.6
Oct 08, 2025 1:09:06 AM org.eclipse.lsp4j.jsonrpc.RemoteEndpoint handleCancellation
WARNING: Unmatched cancel notification for request id 1205
2025.10.08 01:09:05 INFO  no build target found for /home/alex/IdeaProjects/ILang/src/main/scala/parser/SyntaxAnalyzer.scala. Using presentation compiler with project's scala-library version: 3.3.6
2025.10.08 01:09:05 INFO  no build target found for /home/alex/IdeaProjects/ILang/src/main/scala/parser/SyntaxAnalyzer.scala. Using presentation compiler with project's scala-library version: 3.3.6
Oct 08, 2025 1:09:06 AM org.eclipse.lsp4j.jsonrpc.RemoteEndpoint handleCancellation
WARNING: Unmatched cancel notification for request id 1207
2025.10.08 01:09:05 INFO  no build target found for /home/alex/IdeaProjects/ILang/src/main/scala/parser/SyntaxAnalyzer.scala. Using presentation compiler with project's scala-library version: 3.3.6
2025.10.08 01:09:05 INFO  no build target found for /home/alex/IdeaProjects/ILang/src/main/scala/parser/SyntaxAnalyzer.scala. Using presentation compiler with project's scala-library version: 3.3.6
2025.10.08 01:09:05 INFO  no build target found for /home/alex/IdeaProjects/ILang/src/main/scala/parser/SyntaxAnalyzer.scala. Using presentation compiler with project's scala-library version: 3.3.6
2025.10.08 01:09:06 INFO  no build target found for /home/alex/IdeaProjects/ILang/src/main/scala/parser/SyntaxAnalyzer.scala. Using presentation compiler with project's scala-library version: 3.3.6
2025.10.08 01:09:05 INFO  no build target found for /home/alex/IdeaProjects/ILang/src/main/scala/parser/SyntaxAnalyzer.scala. Using presentation compiler with project's scala-library version: 3.3.6
2025.10.08 01:09:05 INFO  no build target found for /home/alex/IdeaProjects/ILang/src/main/scala/parser/SyntaxAnalyzer.scala. Using presentation compiler with project's scala-library version: 3.3.6
2025.10.08 01:09:05 INFO  no build target found for /home/alex/IdeaProjects/ILang/src/main/scala/parser/SyntaxAnalyzer.scala. Using presentation compiler with project's scala-library version: 3.3.6
2025.10.08 01:09:05 INFO  no build target found for /home/alex/IdeaProjects/ILang/src/main/scala/parser/SyntaxAnalyzer.scala. Using presentation compiler with project's scala-library version: 3.3.6
2025.10.08 01:09:06 INFO  no build target found for /home/alex/IdeaProjects/ILang/src/main/scala/parser/SyntaxAnalyzer.scala. Using presentation compiler with project's scala-library version: 3.3.6
2025.10.08 01:09:07 INFO  no build target found for /home/alex/IdeaProjects/ILang/src/main/scala/parser/SyntaxAnalyzer.scala. Using presentation compiler with project's scala-library version: 3.3.6
2025.10.08 01:09:07 INFO  no build target found for /home/alex/IdeaProjects/ILang/src/main/scala/parser/SyntaxAnalyzer.scala. Using presentation compiler with project's scala-library version: 3.3.6
2025.10.08 01:09:07 INFO  no build target found for /home/alex/IdeaProjects/ILang/src/main/scala/parser/SyntaxAnalyzer.scala. Using presentation compiler with project's scala-library version: 3.3.6
2025.10.08 01:09:06 INFO  no build target found for /home/alex/IdeaProjects/ILang/src/main/scala/parser/SyntaxAnalyzer.scala. Using presentation compiler with project's scala-library version: 3.3.6
2025.10.08 01:09:07 INFO  no build target found for /home/alex/IdeaProjects/ILang/src/main/scala/parser/SyntaxAnalyzer.scala. Using presentation compiler with project's scala-library version: 3.3.6
2025.10.08 01:09:07 INFO  no build target found for /home/alex/IdeaProjects/ILang/src/main/scala/parser/SyntaxAnalyzer.scala. Using presentation compiler with project's scala-library version: 3.3.6
2025.10.08 01:09:07 INFO  no build target found for /home/alex/IdeaProjects/ILang/src/main/scala/parser/SyntaxAnalyzer.scala. Using presentation compiler with project's scala-library version: 3.3.6
2025.10.08 01:09:07 INFO  no build target found for /home/alex/IdeaProjects/ILang/src/main/scala/parser/SyntaxAnalyzer.scala. Using presentation compiler with project's scala-library version: 3.3.6
2025.10.08 01:09:08 INFO  no build target found for /home/alex/IdeaProjects/ILang/src/main/scala/parser/SyntaxAnalyzer.scala. Using presentation compiler with project's scala-library version: 3.3.6
2025.10.08 01:09:08 INFO  no build target found for /home/alex/IdeaProjects/ILang/src/main/scala/parser/SyntaxAnalyzer.scala. Using presentation compiler with project's scala-library version: 3.3.6
2025.10.08 01:09:08 INFO  no build target found for /home/alex/IdeaProjects/ILang/src/main/scala/parser/SyntaxAnalyzer.scala. Using presentation compiler with project's scala-library version: 3.3.6
2025.10.08 01:09:08 INFO  no build target found for /home/alex/IdeaProjects/ILang/src/main/scala/parser/SyntaxAnalyzer.scala. Using presentation compiler with project's scala-library version: 3.3.6
2025.10.08 01:09:08 INFO  no build target found for /home/alex/IdeaProjects/ILang/src/main/scala/parser/SyntaxAnalyzer.scala. Using presentation compiler with project's scala-library version: 3.3.6
2025.10.08 01:09:08 INFO  no build target found for /home/alex/IdeaProjects/ILang/src/main/scala/parser/SyntaxAnalyzer.scala. Using presentation compiler with project's scala-library version: 3.3.6
2025.10.08 01:09:08 INFO  no build target found for /home/alex/IdeaProjects/ILang/src/main/scala/parser/SyntaxAnalyzer.scala. Using presentation compiler with project's scala-library version: 3.3.6
Oct 08, 2025 1:09:08 AM org.eclipse.lsp4j.jsonrpc.RemoteEndpoint handleCancellation
WARNING: Unmatched cancel notification for request id 1225
2025.10.08 01:09:08 INFO  no build target found for /home/alex/IdeaProjects/ILang/src/main/scala/parser/SyntaxAnalyzer.scala. Using presentation compiler with project's scala-library version: 3.3.6
2025.10.08 01:09:08 INFO  no build target found for /home/alex/IdeaProjects/ILang/src/main/scala/parser/SyntaxAnalyzer.scala. Using presentation compiler with project's scala-library version: 3.3.6
2025.10.08 01:09:08 INFO  no build target found for /home/alex/IdeaProjects/ILang/src/main/scala/parser/SyntaxAnalyzer.scala. Using presentation compiler with project's scala-library version: 3.3.6
2025.10.08 01:09:07 INFO  no build target found for /home/alex/IdeaProjects/ILang/src/main/scala/parser/SyntaxAnalyzer.scala. Using presentation compiler with project's scala-library version: 3.3.6
2025.10.08 01:09:08 INFO  no build target found for /home/alex/IdeaProjects/ILang/src/main/scala/parser/SyntaxAnalyzer.scala. Using presentation compiler with project's scala-library version: 3.3.6
Oct 08, 2025 1:09:08 AM org.eclipse.lsp4j.jsonrpc.RemoteEndpoint handleCancellation
WARNING: Unmatched cancel notification for request id 1230
2025.10.08 01:09:08 INFO  no build target found for /home/alex/IdeaProjects/ILang/src/main/scala/parser/SyntaxAnalyzer.scala. Using presentation compiler with project's scala-library version: 3.3.6
2025.10.08 01:09:08 INFO  no build target found for /home/alex/IdeaProjects/ILang/src/main/scala/parser/SyntaxAnalyzer.scala. Using presentation compiler with project's scala-library version: 3.3.6
2025.10.08 01:09:08 INFO  no build target found for /home/alex/IdeaProjects/ILang/src/main/scala/parser/SyntaxAnalyzer.scala. Using presentation compiler with project's scala-library version: 3.3.6
2025.10.08 01:09:08 INFO  no build target found for /home/alex/IdeaProjects/ILang/src/main/scala/parser/SyntaxAnalyzer.scala. Using presentation compiler with project's scala-library version: 3.3.6
2025.10.08 01:09:09 INFO  no build target found for /home/alex/IdeaProjects/ILang/src/main/scala/parser/SyntaxAnalyzer.scala. Using presentation compiler with project's scala-library version: 3.3.6
2025.10.08 01:09:08 INFO  no build target found for /home/alex/IdeaProjects/ILang/src/main/scala/parser/SyntaxAnalyzer.scala. Using presentation compiler with project's scala-library version: 3.3.6
2025.10.08 01:09:09 INFO  no build target found for /home/alex/IdeaProjects/ILang/src/main/scala/parser/SyntaxAnalyzer.scala. Using presentation compiler with project's scala-library version: 3.3.6
2025.10.08 01:09:09 INFO  no build target found for /home/alex/IdeaProjects/ILang/src/main/scala/parser/SyntaxAnalyzer.scala. Using presentation compiler with project's scala-library version: 3.3.6
2025.10.08 01:09:09 INFO  no build target found for /home/alex/IdeaProjects/ILang/src/main/scala/parser/SyntaxAnalyzer.scala. Using presentation compiler with project's scala-library version: 3.3.6
2025.10.08 01:09:09 INFO  no build target found for /home/alex/IdeaProjects/ILang/src/main/scala/parser/SyntaxAnalyzer.scala. Using presentation compiler with project's scala-library version: 3.3.6
2025.10.08 01:09:09 INFO  no build target found for /home/alex/IdeaProjects/ILang/src/main/scala/parser/SyntaxAnalyzer.scala. Using presentation compiler with project's scala-library version: 3.3.6
2025.10.08 01:09:09 INFO  no build target found for /home/alex/IdeaProjects/ILang/src/main/scala/parser/SyntaxAnalyzer.scala. Using presentation compiler with project's scala-library version: 3.3.6
2025.10.08 01:09:09 INFO  no build target found for /home/alex/IdeaProjects/ILang/src/main/scala/parser/SyntaxAnalyzer.scala. Using presentation compiler with project's scala-library version: 3.3.6
2025.10.08 01:09:09 INFO  no build target found for /home/alex/IdeaProjects/ILang/src/main/scala/parser/SyntaxAnalyzer.scala. Using presentation compiler with project's scala-library version: 3.3.6
2025.10.08 01:09:09 INFO  no build target found for /home/alex/IdeaProjects/ILang/src/main/scala/parser/SyntaxAnalyzer.scala. Using presentation compiler with project's scala-library version: 3.3.6
2025.10.08 01:09:09 INFO  no build target found for /home/alex/IdeaProjects/ILang/src/main/scala/parser/SyntaxAnalyzer.scala. Using presentation compiler with project's scala-library version: 3.3.6
2025.10.08 01:09:09 INFO  no build target found for /home/alex/IdeaProjects/ILang/src/main/scala/parser/SyntaxAnalyzer.scala. Using presentation compiler with project's scala-library version: 3.3.6
2025.10.08 01:09:09 INFO  no build target found for /home/alex/IdeaProjects/ILang/src/main/scala/parser/SyntaxAnalyzer.scala. Using presentation compiler with project's scala-library version: 3.3.6
2025.10.08 01:09:09 INFO  no build target found for /home/alex/IdeaProjects/ILang/src/main/scala/parser/SyntaxAnalyzer.scala. Using presentation compiler with project's scala-library version: 3.3.6
2025.10.08 01:09:10 INFO  no build target found for /home/alex/IdeaProjects/ILang/src/main/scala/parser/SyntaxAnalyzer.scala. Using presentation compiler with project's scala-library version: 3.3.6
2025.10.08 01:09:09 INFO  no build target found for /home/alex/IdeaProjects/ILang/src/main/scala/parser/SyntaxAnalyzer.scala. Using presentation compiler with project's scala-library version: 3.3.6
2025.10.08 01:09:10 INFO  no build target found for /home/alex/IdeaProjects/ILang/src/main/scala/parser/SyntaxAnalyzer.scala. Using presentation compiler with project's scala-library version: 3.3.6
2025.10.08 01:09:10 INFO  no build target found for /home/alex/IdeaProjects/ILang/src/main/scala/parser/SyntaxAnalyzer.scala. Using presentation compiler with project's scala-library version: 3.3.6
2025.10.08 01:09:10 INFO  no build target found for /home/alex/IdeaProjects/ILang/src/main/scala/parser/SyntaxAnalyzer.scala. Using presentation compiler with project's scala-library version: 3.3.6
2025.10.08 01:09:11 INFO  no build target found for /home/alex/IdeaProjects/ILang/src/main/scala/parser/SyntaxAnalyzer.scala. Using presentation compiler with project's scala-library version: 3.3.6
2025.10.08 01:09:10 INFO  no build target found for /home/alex/IdeaProjects/ILang/src/main/scala/parser/SyntaxAnalyzer.scala. Using presentation compiler with project's scala-library version: 3.3.6
2025.10.08 01:09:10 INFO  no build target found for /home/alex/IdeaProjects/ILang/src/main/scala/parser/SyntaxAnalyzer.scala. Using presentation compiler with project's scala-library version: 3.3.6
2025.10.08 01:09:10 INFO  no build target found for /home/alex/IdeaProjects/ILang/src/main/scala/parser/SyntaxAnalyzer.scala. Using presentation compiler with project's scala-library version: 3.3.6
2025.10.08 01:09:11 INFO  no build target found for /home/alex/IdeaProjects/ILang/src/main/scala/parser/SyntaxAnalyzer.scala. Using presentation compiler with project's scala-library version: 3.3.6
2025.10.08 01:09:11 INFO  no build target found for /home/alex/IdeaProjects/ILang/src/main/scala/parser/SyntaxAnalyzer.scala. Using presentation compiler with project's scala-library version: 3.3.6
2025.10.08 01:09:11 INFO  no build target found for /home/alex/IdeaProjects/ILang/src/main/scala/parser/SyntaxAnalyzer.scala. Using presentation compiler with project's scala-library version: 3.3.6
2025.10.08 01:09:11 INFO  no build target found for /home/alex/IdeaProjects/ILang/src/main/scala/parser/SyntaxAnalyzer.scala. Using presentation compiler with project's scala-library version: 3.3.6
2025.10.08 01:09:11 INFO  no build target found for /home/alex/IdeaProjects/ILang/src/main/scala/parser/SyntaxAnalyzer.scala. Using presentation compiler with project's scala-library version: 3.3.6
2025.10.08 01:09:11 INFO  no build target found for /home/alex/IdeaProjects/ILang/src/main/scala/parser/SyntaxAnalyzer.scala. Using presentation compiler with project's scala-library version: 3.3.6
2025.10.08 01:09:11 INFO  no build target found for /home/alex/IdeaProjects/ILang/src/main/scala/parser/SyntaxAnalyzer.scala. Using presentation compiler with project's scala-library version: 3.3.6
2025.10.08 01:09:11 INFO  no build target found for /home/alex/IdeaProjects/ILang/src/main/scala/parser/SyntaxAnalyzer.scala. Using presentation compiler with project's scala-library version: 3.3.6
2025.10.08 01:09:11 INFO  no build target found for /home/alex/IdeaProjects/ILang/src/main/scala/parser/SyntaxAnalyzer.scala. Using presentation compiler with project's scala-library version: 3.3.6
2025.10.08 01:09:11 INFO  no build target found for /home/alex/IdeaProjects/ILang/src/main/scala/parser/SyntaxAnalyzer.scala. Using presentation compiler with project's scala-library version: 3.3.6
2025.10.08 01:09:11 INFO  no build target found for /home/alex/IdeaProjects/ILang/src/main/scala/parser/SyntaxAnalyzer.scala. Using presentation compiler with project's scala-library version: 3.3.6
2025.10.08 01:09:11 INFO  no build target found for /home/alex/IdeaProjects/ILang/src/main/scala/parser/SyntaxAnalyzer.scala. Using presentation compiler with project's scala-library version: 3.3.6
2025.10.08 01:09:11 INFO  no build target found for /home/alex/IdeaProjects/ILang/src/main/scala/parser/SyntaxAnalyzer.scala. Using presentation compiler with project's scala-library version: 3.3.6
2025.10.08 01:09:11 INFO  no build target found for /home/alex/IdeaProjects/ILang/src/main/scala/parser/SyntaxAnalyzer.scala. Using presentation compiler with project's scala-library version: 3.3.6
2025.10.08 01:09:12 INFO  no build target found for /home/alex/IdeaProjects/ILang/src/main/scala/parser/SyntaxAnalyzer.scala. Using presentation compiler with project's scala-library version: 3.3.6
2025.10.08 01:09:11 INFO  no build target found for /home/alex/IdeaProjects/ILang/src/main/scala/parser/SyntaxAnalyzer.scala. Using presentation compiler with project's scala-library version: 3.3.6
2025.10.08 01:09:12 INFO  no build target found for /home/alex/IdeaProjects/ILang/src/main/scala/parser/SyntaxAnalyzer.scala. Using presentation compiler with project's scala-library version: 3.3.6
2025.10.08 01:09:12 INFO  no build target found for /home/alex/IdeaProjects/ILang/src/main/scala/parser/SyntaxAnalyzer.scala. Using presentation compiler with project's scala-library version: 3.3.6
2025.10.08 01:09:12 INFO  no build target found for /home/alex/IdeaProjects/ILang/src/main/scala/parser/SyntaxAnalyzer.scala. Using presentation compiler with project's scala-library version: 3.3.6
2025.10.08 01:09:12 INFO  no build target found for /home/alex/IdeaProjects/ILang/src/main/scala/parser/SyntaxAnalyzer.scala. Using presentation compiler with project's scala-library version: 3.3.6
2025.10.08 01:09:12 INFO  no build target found for /home/alex/IdeaProjects/ILang/src/main/scala/parser/SyntaxAnalyzer.scala. Using presentation compiler with project's scala-library version: 3.3.6
2025.10.08 01:09:12 INFO  no build target found for /home/alex/IdeaProjects/ILang/src/main/scala/parser/SyntaxAnalyzer.scala. Using presentation compiler with project's scala-library version: 3.3.6
2025.10.08 01:09:12 INFO  no build target found for /home/alex/IdeaProjects/ILang/src/main/scala/parser/SyntaxAnalyzer.scala. Using presentation compiler with project's scala-library version: 3.3.6
2025.10.08 01:09:12 INFO  no build target found for /home/alex/IdeaProjects/ILang/src/main/scala/parser/SyntaxAnalyzer.scala. Using presentation compiler with project's scala-library version: 3.3.6
2025.10.08 01:09:12 INFO  no build target found for /home/alex/IdeaProjects/ILang/src/main/scala/parser/SyntaxAnalyzer.scala. Using presentation compiler with project's scala-library version: 3.3.6
2025.10.08 01:09:12 INFO  no build target found for /home/alex/IdeaProjects/ILang/src/main/scala/parser/SyntaxAnalyzer.scala. Using presentation compiler with project's scala-library version: 3.3.6
2025.10.08 01:09:12 INFO  no build target found for /home/alex/IdeaProjects/ILang/src/main/scala/parser/SyntaxAnalyzer.scala. Using presentation compiler with project's scala-library version: 3.3.6
2025.10.08 01:09:12 INFO  no build target found for /home/alex/IdeaProjects/ILang/src/main/scala/parser/SyntaxAnalyzer.scala. Using presentation compiler with project's scala-library version: 3.3.6
2025.10.08 01:09:13 INFO  no build target found for /home/alex/IdeaProjects/ILang/src/main/scala/parser/SyntaxAnalyzer.scala. Using presentation compiler with project's scala-library version: 3.3.6
2025.10.08 01:09:12 INFO  no build target found for /home/alex/IdeaProjects/ILang/src/main/scala/parser/SyntaxAnalyzer.scala. Using presentation compiler with project's scala-library version: 3.3.6
2025.10.08 01:09:12 INFO  no build target found for /home/alex/IdeaProjects/ILang/src/main/scala/parser/SyntaxAnalyzer.scala. Using presentation compiler with project's scala-library version: 3.3.6
2025.10.08 01:09:12 INFO  no build target found for /home/alex/IdeaProjects/ILang/src/main/scala/parser/SyntaxAnalyzer.scala. Using presentation compiler with project's scala-library version: 3.3.6
2025.10.08 01:09:13 INFO  no build target found for /home/alex/IdeaProjects/ILang/src/main/scala/parser/SyntaxAnalyzer.scala. Using presentation compiler with project's scala-library version: 3.3.6
2025.10.08 01:09:13 INFO  no build target found for /home/alex/IdeaProjects/ILang/src/main/scala/parser/SyntaxAnalyzer.scala. Using presentation compiler with project's scala-library version: 3.3.6
2025.10.08 01:09:13 INFO  no build target found for /home/alex/IdeaProjects/ILang/src/main/scala/parser/SyntaxAnalyzer.scala. Using presentation compiler with project's scala-library version: 3.3.6
2025.10.08 01:09:13 INFO  no build target found for /home/alex/IdeaProjects/ILang/src/main/scala/parser/SyntaxAnalyzer.scala. Using presentation compiler with project's scala-library version: 3.3.6
2025.10.08 01:09:13 INFO  no build target found for /home/alex/IdeaProjects/ILang/src/main/scala/parser/SyntaxAnalyzer.scala. Using presentation compiler with project's scala-library version: 3.3.6
2025.10.08 01:09:13 INFO  no build target found for /home/alex/IdeaProjects/ILang/src/main/scala/parser/SyntaxAnalyzer.scala. Using presentation compiler with project's scala-library version: 3.3.6
2025.10.08 01:09:13 INFO  no build target found for /home/alex/IdeaProjects/ILang/src/main/scala/parser/SyntaxAnalyzer.scala. Using presentation compiler with project's scala-library version: 3.3.6
2025.10.08 01:09:13 INFO  no build target found for /home/alex/IdeaProjects/ILang/src/main/scala/parser/SyntaxAnalyzer.scala. Using presentation compiler with project's scala-library version: 3.3.6
2025.10.08 01:09:13 INFO  no build target found for /home/alex/IdeaProjects/ILang/src/main/scala/parser/SyntaxAnalyzer.scala. Using presentation compiler with project's scala-library version: 3.3.6
2025.10.08 01:09:13 INFO  no build target found for /home/alex/IdeaProjects/ILang/src/main/scala/parser/SyntaxAnalyzer.scala. Using presentation compiler with project's scala-library version: 3.3.6
2025.10.08 01:09:13 INFO  no build target found for /home/alex/IdeaProjects/ILang/src/main/scala/parser/SyntaxAnalyzer.scala. Using presentation compiler with project's scala-library version: 3.3.6
2025.10.08 01:09:13 INFO  no build target found for /home/alex/IdeaProjects/ILang/src/main/scala/parser/SyntaxAnalyzer.scala. Using presentation compiler with project's scala-library version: 3.3.6
2025.10.08 01:09:13 INFO  no build target found for /home/alex/IdeaProjects/ILang/src/main/scala/parser/SyntaxAnalyzer.scala. Using presentation compiler with project's scala-library version: 3.3.6
2025.10.08 01:09:14 INFO  no build target found for /home/alex/IdeaProjects/ILang/src/main/scala/parser/SyntaxAnalyzer.scala. Using presentation compiler with project's scala-library version: 3.3.6
2025.10.08 01:09:14 INFO  no build target found for /home/alex/IdeaProjects/ILang/src/main/scala/parser/SyntaxAnalyzer.scala. Using presentation compiler with project's scala-library version: 3.3.6
2025.10.08 01:09:13 INFO  no build target found for /home/alex/IdeaProjects/ILang/src/main/scala/parser/SyntaxAnalyzer.scala. Using presentation compiler with project's scala-library version: 3.3.6
2025.10.08 01:09:14 INFO  no build target found for /home/alex/IdeaProjects/ILang/src/main/scala/parser/SyntaxAnalyzer.scala. Using presentation compiler with project's scala-library version: 3.3.6
2025.10.08 01:09:14 INFO  no build target found for /home/alex/IdeaProjects/ILang/src/main/scala/parser/SyntaxAnalyzer.scala. Using presentation compiler with project's scala-library version: 3.3.6
2025.10.08 01:09:14 INFO  no build target found for /home/alex/IdeaProjects/ILang/src/main/scala/parser/SyntaxAnalyzer.scala. Using presentation compiler with project's scala-library version: 3.3.6
2025.10.08 01:09:15 INFO  no build target found for /home/alex/IdeaProjects/ILang/src/main/scala/parser/SyntaxAnalyzer.scala. Using presentation compiler with project's scala-library version: 3.3.6
2025.10.08 01:09:14 INFO  no build target found for /home/alex/IdeaProjects/ILang/src/main/scala/parser/SyntaxAnalyzer.scala. Using presentation compiler with project's scala-library version: 3.3.6
2025.10.08 01:09:15 INFO  no build target found for /home/alex/IdeaProjects/ILang/src/main/scala/parser/SyntaxAnalyzer.scala. Using presentation compiler with project's scala-library version: 3.3.6
2025.10.08 01:09:16 INFO  no build target found for /home/alex/IdeaProjects/ILang/src/main/scala/parser/SyntaxAnalyzer.scala. Using presentation compiler with project's scala-library version: 3.3.6
2025.10.08 01:09:15 INFO  no build target found for /home/alex/IdeaProjects/ILang/src/main/scala/parser/SyntaxAnalyzer.scala. Using presentation compiler with project's scala-library version: 3.3.6
2025.10.08 01:09:16 INFO  no build target found for /home/alex/IdeaProjects/ILang/src/main/scala/parser/SyntaxAnalyzer.scala. Using presentation compiler with project's scala-library version: 3.3.6
2025.10.08 01:09:15 INFO  no build target found for /home/alex/IdeaProjects/ILang/src/main/scala/parser/SyntaxAnalyzer.scala. Using presentation compiler with project's scala-library version: 3.3.6
2025.10.08 01:09:16 INFO  no build target found for /home/alex/IdeaProjects/ILang/src/main/scala/parser/SyntaxAnalyzer.scala. Using presentation compiler with project's scala-library version: 3.3.6
2025.10.08 01:09:16 INFO  no build target found for /home/alex/IdeaProjects/ILang/src/main/scala/parser/SyntaxAnalyzer.scala. Using presentation compiler with project's scala-library version: 3.3.6
2025.10.08 01:09:16 INFO  no build target found for /home/alex/IdeaProjects/ILang/src/main/scala/parser/SyntaxAnalyzer.scala. Using presentation compiler with project's scala-library version: 3.3.6
2025.10.08 01:09:16 INFO  no build target found for /home/alex/IdeaProjects/ILang/src/main/scala/parser/SyntaxAnalyzer.scala. Using presentation compiler with project's scala-library version: 3.3.6
2025.10.08 01:09:16 INFO  no build target found for /home/alex/IdeaProjects/ILang/src/main/scala/parser/SyntaxAnalyzer.scala. Using presentation compiler with project's scala-library version: 3.3.6
2025.10.08 01:09:16 INFO  no build target found for /home/alex/IdeaProjects/ILang/src/main/scala/parser/SyntaxAnalyzer.scala. Using presentation compiler with project's scala-library version: 3.3.6
2025.10.08 01:09:17 INFO  no build target found for /home/alex/IdeaProjects/ILang/src/main/scala/parser/SyntaxAnalyzer.scala. Using presentation compiler with project's scala-library version: 3.3.6
2025.10.08 01:09:17 INFO  no build target found for /home/alex/IdeaProjects/ILang/src/main/scala/parser/SyntaxAnalyzer.scala. Using presentation compiler with project's scala-library version: 3.3.6
2025.10.08 01:09:17 INFO  no build target found for /home/alex/IdeaProjects/ILang/src/main/scala/parser/SyntaxAnalyzer.scala. Using presentation compiler with project's scala-library version: 3.3.6
2025.10.08 01:09:17 INFO  no build target found for /home/alex/IdeaProjects/ILang/src/main/scala/parser/SyntaxAnalyzer.scala. Using presentation compiler with project's scala-library version: 3.3.6
Oct 08, 2025 1:09:17 AM org.eclipse.lsp4j.jsonrpc.RemoteEndpoint handleCancellation
WARNING: Unmatched cancel notification for request id 1302
2025.10.08 01:09:17 INFO  no build target found for /home/alex/IdeaProjects/ILang/src/main/scala/parser/SyntaxAnalyzer.scala. Using presentation compiler with project's scala-library version: 3.3.6
2025.10.08 01:09:17 INFO  no build target found for /home/alex/IdeaProjects/ILang/src/main/scala/parser/SyntaxAnalyzer.scala. Using presentation compiler with project's scala-library version: 3.3.6
2025.10.08 01:09:17 INFO  no build target found for /home/alex/IdeaProjects/ILang/src/main/scala/parser/SyntaxAnalyzer.scala. Using presentation compiler with project's scala-library version: 3.3.6
2025.10.08 01:09:17 INFO  no build target found for /home/alex/IdeaProjects/ILang/src/main/scala/parser/SyntaxAnalyzer.scala. Using presentation compiler with project's scala-library version: 3.3.6
2025.10.08 01:09:17 INFO  no build target found for /home/alex/IdeaProjects/ILang/src/main/scala/parser/SyntaxAnalyzer.scala. Using presentation compiler with project's scala-library version: 3.3.6
2025.10.08 01:09:18 INFO  no build target found for /home/alex/IdeaProjects/ILang/src/main/scala/parser/SyntaxAnalyzer.scala. Using presentation compiler with project's scala-library version: 3.3.6
2025.10.08 01:09:18 INFO  no build target found for /home/alex/IdeaProjects/ILang/src/main/scala/parser/SyntaxAnalyzer.scala. Using presentation compiler with project's scala-library version: 3.3.6
2025.10.08 01:09:17 INFO  no build target found for /home/alex/IdeaProjects/ILang/src/main/scala/parser/SyntaxAnalyzer.scala. Using presentation compiler with project's scala-library version: 3.3.6
2025.10.08 01:09:18 INFO  no build target found for /home/alex/IdeaProjects/ILang/src/main/scala/parser/SyntaxAnalyzer.scala. Using presentation compiler with project's scala-library version: 3.3.6
2025.10.08 01:09:18 INFO  no build target found for /home/alex/IdeaProjects/ILang/src/main/scala/parser/SyntaxAnalyzer.scala. Using presentation compiler with project's scala-library version: 3.3.6
2025.10.08 01:09:18 INFO  no build target found for /home/alex/IdeaProjects/ILang/src/main/scala/parser/SyntaxAnalyzer.scala. Using presentation compiler with project's scala-library version: 3.3.6
2025.10.08 01:09:18 INFO  no build target found for /home/alex/IdeaProjects/ILang/src/main/scala/parser/SyntaxAnalyzer.scala. Using presentation compiler with project's scala-library version: 3.3.6
2025.10.08 01:09:19 INFO  no build target found for /home/alex/IdeaProjects/ILang/src/main/scala/parser/SyntaxAnalyzer.scala. Using presentation compiler with project's scala-library version: 3.3.6
2025.10.08 01:09:18 INFO  no build target found for /home/alex/IdeaProjects/ILang/src/main/scala/parser/SyntaxAnalyzer.scala. Using presentation compiler with project's scala-library version: 3.3.6
2025.10.08 01:09:18 INFO  no build target found for /home/alex/IdeaProjects/ILang/src/main/scala/parser/SyntaxAnalyzer.scala. Using presentation compiler with project's scala-library version: 3.3.6
2025.10.08 01:09:19 INFO  no build target found for /home/alex/IdeaProjects/ILang/src/main/scala/parser/SyntaxAnalyzer.scala. Using presentation compiler with project's scala-library version: 3.3.6
2025.10.08 01:09:19 INFO  no build target found for /home/alex/IdeaProjects/ILang/src/main/scala/parser/SyntaxAnalyzer.scala. Using presentation compiler with project's scala-library version: 3.3.6
2025.10.08 01:09:19 INFO  no build target found for /home/alex/IdeaProjects/ILang/src/main/scala/parser/SyntaxAnalyzer.scala. Using presentation compiler with project's scala-library version: 3.3.6
2025.10.08 01:09:20 INFO  no build target found for /home/alex/IdeaProjects/ILang/src/main/scala/parser/SyntaxAnalyzer.scala. Using presentation compiler with project's scala-library version: 3.3.6
2025.10.08 01:09:19 INFO  no build target found for /home/alex/IdeaProjects/ILang/src/main/scala/parser/SyntaxAnalyzer.scala. Using presentation compiler with project's scala-library version: 3.3.6
2025.10.08 01:09:20 INFO  no build target found for /home/alex/IdeaProjects/ILang/src/main/scala/parser/SyntaxAnalyzer.scala. Using presentation compiler with project's scala-library version: 3.3.6
2025.10.08 01:09:19 INFO  no build target found for /home/alex/IdeaProjects/ILang/src/main/scala/parser/SyntaxAnalyzer.scala. Using presentation compiler with project's scala-library version: 3.3.6
2025.10.08 01:09:19 INFO  no build target found for /home/alex/IdeaProjects/ILang/src/main/scala/parser/SyntaxAnalyzer.scala. Using presentation compiler with project's scala-library version: 3.3.6
2025.10.08 01:09:20 INFO  no build target found for /home/alex/IdeaProjects/ILang/src/main/scala/parser/SyntaxAnalyzer.scala. Using presentation compiler with project's scala-library version: 3.3.6
2025.10.08 01:09:21 INFO  no build target found for /home/alex/IdeaProjects/ILang/src/main/scala/parser/SyntaxAnalyzer.scala. Using presentation compiler with project's scala-library version: 3.3.6
2025.10.08 01:09:21 INFO  no build target found for /home/alex/IdeaProjects/ILang/src/main/scala/parser/SyntaxAnalyzer.scala. Using presentation compiler with project's scala-library version: 3.3.6
2025.10.08 01:09:21 INFO  no build target found for /home/alex/IdeaProjects/ILang/src/main/scala/parser/SyntaxAnalyzer.scala. Using presentation compiler with project's scala-library version: 3.3.6
2025.10.08 01:09:20 INFO  no build target found for /home/alex/IdeaProjects/ILang/src/main/scala/parser/SyntaxAnalyzer.scala. Using presentation compiler with project's scala-library version: 3.3.6
2025.10.08 01:09:21 INFO  no build target found for /home/alex/IdeaProjects/ILang/src/main/scala/parser/SyntaxAnalyzer.scala. Using presentation compiler with project's scala-library version: 3.3.6
2025.10.08 01:09:21 INFO  no build target found for /home/alex/IdeaProjects/ILang/src/main/scala/parser/SyntaxAnalyzer.scala. Using presentation compiler with project's scala-library version: 3.3.6
2025.10.08 01:09:21 INFO  no build target found for /home/alex/IdeaProjects/ILang/src/main/scala/parser/SyntaxAnalyzer.scala. Using presentation compiler with project's scala-library version: 3.3.6
2025.10.08 01:09:22 INFO  no build target found for /home/alex/IdeaProjects/ILang/src/main/scala/parser/SyntaxAnalyzer.scala. Using presentation compiler with project's scala-library version: 3.3.6
2025.10.08 01:09:21 INFO  no build target found for /home/alex/IdeaProjects/ILang/src/main/scala/parser/SyntaxAnalyzer.scala. Using presentation compiler with project's scala-library version: 3.3.6
2025.10.08 01:09:22 INFO  no build target found for /home/alex/IdeaProjects/ILang/src/main/scala/parser/SyntaxAnalyzer.scala. Using presentation compiler with project's scala-library version: 3.3.6
2025.10.08 01:09:22 INFO  no build target found for /home/alex/IdeaProjects/ILang/src/main/scala/parser/SyntaxAnalyzer.scala. Using presentation compiler with project's scala-library version: 3.3.6
2025.10.08 01:09:22 INFO  no build target found for /home/alex/IdeaProjects/ILang/src/main/scala/parser/SyntaxAnalyzer.scala. Using presentation compiler with project's scala-library version: 3.3.6
2025.10.08 01:09:22 INFO  no build target found for /home/alex/IdeaProjects/ILang/src/main/scala/parser/SyntaxAnalyzer.scala. Using presentation compiler with project's scala-library version: 3.3.6
2025.10.08 01:09:22 INFO  no build target found for /home/alex/IdeaProjects/ILang/src/main/scala/parser/SyntaxAnalyzer.scala. Using presentation compiler with project's scala-library version: 3.3.6
2025.10.08 01:09:22 INFO  no build target found for /home/alex/IdeaProjects/ILang/src/main/scala/parser/SyntaxAnalyzer.scala. Using presentation compiler with project's scala-library version: 3.3.6
2025.10.08 01:09:22 INFO  no build target found for /home/alex/IdeaProjects/ILang/src/main/scala/parser/SyntaxAnalyzer.scala. Using presentation compiler with project's scala-library version: 3.3.6
2025.10.08 01:09:22 INFO  no build target found for /home/alex/IdeaProjects/ILang/src/main/scala/parser/SyntaxAnalyzer.scala. Using presentation compiler with project's scala-library version: 3.3.6
2025.10.08 01:09:22 INFO  no build target found for /home/alex/IdeaProjects/ILang/src/main/scala/parser/SyntaxAnalyzer.scala. Using presentation compiler with project's scala-library version: 3.3.6
2025.10.08 01:09:23 INFO  no build target found for /home/alex/IdeaProjects/ILang/src/main/scala/parser/SyntaxAnalyzer.scala. Using presentation compiler with project's scala-library version: 3.3.6
2025.10.08 01:09:22 INFO  no build target found for /home/alex/IdeaProjects/ILang/src/main/scala/parser/SyntaxAnalyzer.scala. Using presentation compiler with project's scala-library version: 3.3.6
2025.10.08 01:09:23 INFO  no build target found for /home/alex/IdeaProjects/ILang/src/main/scala/parser/SyntaxAnalyzer.scala. Using presentation compiler with project's scala-library version: 3.3.6
Oct 08, 2025 1:09:23 AM org.eclipse.lsp4j.jsonrpc.RemoteEndpoint handleCancellation
WARNING: Unmatched cancel notification for request id 1327
2025.10.08 01:09:23 INFO  no build target found for /home/alex/IdeaProjects/ILang/src/main/scala/parser/SyntaxAnalyzer.scala. Using presentation compiler with project's scala-library version: 3.3.6
2025.10.08 01:09:23 INFO  no build target found for /home/alex/IdeaProjects/ILang/src/main/scala/parser/SyntaxAnalyzer.scala. Using presentation compiler with project's scala-library version: 3.3.6
2025.10.08 01:09:23 INFO  no build target found for /home/alex/IdeaProjects/ILang/src/main/scala/parser/SyntaxAnalyzer.scala. Using presentation compiler with project's scala-library version: 3.3.6
2025.10.08 01:09:23 INFO  no build target found for /home/alex/IdeaProjects/ILang/src/main/scala/parser/SyntaxAnalyzer.scala. Using presentation compiler with project's scala-library version: 3.3.6
2025.10.08 01:09:24 INFO  no build target found for /home/alex/IdeaProjects/ILang/src/main/scala/parser/SyntaxAnalyzer.scala. Using presentation compiler with project's scala-library version: 3.3.6
2025.10.08 01:09:23 INFO  no build target found for /home/alex/IdeaProjects/ILang/src/main/scala/parser/SyntaxAnalyzer.scala. Using presentation compiler with project's scala-library version: 3.3.6
2025.10.08 01:09:23 INFO  no build target found for /home/alex/IdeaProjects/ILang/src/main/scala/parser/SyntaxAnalyzer.scala. Using presentation compiler with project's scala-library version: 3.3.6
2025.10.08 01:09:24 INFO  no build target found for /home/alex/IdeaProjects/ILang/src/main/scala/parser/SyntaxAnalyzer.scala. Using presentation compiler with project's scala-library version: 3.3.6
2025.10.08 01:09:23 INFO  no build target found for /home/alex/IdeaProjects/ILang/src/main/scala/parser/SyntaxAnalyzer.scala. Using presentation compiler with project's scala-library version: 3.3.6
2025.10.08 01:09:24 INFO  no build target found for /home/alex/IdeaProjects/ILang/src/main/scala/parser/SyntaxAnalyzer.scala. Using presentation compiler with project's scala-library version: 3.3.6
2025.10.08 01:09:24 INFO  no build target found for /home/alex/IdeaProjects/ILang/src/main/scala/parser/SyntaxAnalyzer.scala. Using presentation compiler with project's scala-library version: 3.3.6
2025.10.08 01:09:24 INFO  no build target found for /home/alex/IdeaProjects/ILang/src/main/scala/parser/SyntaxAnalyzer.scala. Using presentation compiler with project's scala-library version: 3.3.6
2025.10.08 01:09:25 INFO  no build target found for /home/alex/IdeaProjects/ILang/src/main/scala/parser/SyntaxAnalyzer.scala. Using presentation compiler with project's scala-library version: 3.3.6
2025.10.08 01:09:24 INFO  no build target found for /home/alex/IdeaProjects/ILang/src/main/scala/parser/SyntaxAnalyzer.scala. Using presentation compiler with project's scala-library version: 3.3.6
2025.10.08 01:09:25 INFO  no build target found for /home/alex/IdeaProjects/ILang/src/main/scala/parser/SyntaxAnalyzer.scala. Using presentation compiler with project's scala-library version: 3.3.6
2025.10.08 01:09:25 INFO  no build target found for /home/alex/IdeaProjects/ILang/src/main/scala/parser/SyntaxAnalyzer.scala. Using presentation compiler with project's scala-library version: 3.3.6
2025.10.08 01:09:25 INFO  no build target found for /home/alex/IdeaProjects/ILang/src/main/scala/parser/SyntaxAnalyzer.scala. Using presentation compiler with project's scala-library version: 3.3.6
2025.10.08 01:09:26 INFO  no build target found for /home/alex/IdeaProjects/ILang/src/main/scala/parser/SyntaxAnalyzer.scala. Using presentation compiler with project's scala-library version: 3.3.6
2025.10.08 01:09:25 INFO  no build target found for /home/alex/IdeaProjects/ILang/src/main/scala/parser/SyntaxAnalyzer.scala. Using presentation compiler with project's scala-library version: 3.3.6
2025.10.08 01:09:25 INFO  no build target found for /home/alex/IdeaProjects/ILang/src/main/scala/parser/SyntaxAnalyzer.scala. Using presentation compiler with project's scala-library version: 3.3.6
2025.10.08 01:09:25 INFO  no build target found for /home/alex/IdeaProjects/ILang/src/main/scala/parser/SyntaxAnalyzer.scala. Using presentation compiler with project's scala-library version: 3.3.6
2025.10.08 01:09:25 INFO  no build target found for /home/alex/IdeaProjects/ILang/src/main/scala/parser/SyntaxAnalyzer.scala. Using presentation compiler with project's scala-library version: 3.3.6
2025.10.08 01:09:26 INFO  no build target found for /home/alex/IdeaProjects/ILang/src/main/scala/parser/SyntaxAnalyzer.scala. Using presentation compiler with project's scala-library version: 3.3.6
2025.10.08 01:09:25 INFO  no build target found for /home/alex/IdeaProjects/ILang/src/main/scala/parser/SyntaxAnalyzer.scala. Using presentation compiler with project's scala-library version: 3.3.6
2025.10.08 01:09:25 INFO  no build target found for /home/alex/IdeaProjects/ILang/src/main/scala/parser/SyntaxAnalyzer.scala. Using presentation compiler with project's scala-library version: 3.3.6
2025.10.08 01:09:27 INFO  no build target found for /home/alex/IdeaProjects/ILang/src/main/scala/parser/SyntaxAnalyzer.scala. Using presentation compiler with project's scala-library version: 3.3.6
2025.10.08 01:09:26 INFO  no build target found for /home/alex/IdeaProjects/ILang/src/main/scala/parser/SyntaxAnalyzer.scala. Using presentation compiler with project's scala-library version: 3.3.6
2025.10.08 01:09:27 INFO  no build target found for /home/alex/IdeaProjects/ILang/src/main/scala/parser/SyntaxAnalyzer.scala. Using presentation compiler with project's scala-library version: 3.3.6
2025.10.08 01:09:27 INFO  no build target found for /home/alex/IdeaProjects/ILang/src/main/scala/parser/SyntaxAnalyzer.scala. Using presentation compiler with project's scala-library version: 3.3.6
2025.10.08 01:09:27 INFO  no build target found for /home/alex/IdeaProjects/ILang/src/main/scala/parser/SyntaxAnalyzer.scala. Using presentation compiler with project's scala-library version: 3.3.6
2025.10.08 01:09:27 INFO  no build target found for /home/alex/IdeaProjects/ILang/src/main/scala/parser/SyntaxAnalyzer.scala. Using presentation compiler with project's scala-library version: 3.3.6
2025.10.08 01:09:27 INFO  no build target found for /home/alex/IdeaProjects/ILang/src/main/scala/parser/SyntaxAnalyzer.scala. Using presentation compiler with project's scala-library version: 3.3.6
2025.10.08 01:09:27 INFO  no build target found for /home/alex/IdeaProjects/ILang/src/main/scala/parser/SyntaxAnalyzer.scala. Using presentation compiler with project's scala-library version: 3.3.6
2025.10.08 01:09:27 INFO  no build target found for /home/alex/IdeaProjects/ILang/src/main/scala/parser/SyntaxAnalyzer.scala. Using presentation compiler with project's scala-library version: 3.3.6
2025.10.08 01:09:28 INFO  no build target found for /home/alex/IdeaProjects/ILang/src/main/scala/parser/SyntaxAnalyzer.scala. Using presentation compiler with project's scala-library version: 3.3.6
2025.10.08 01:09:27 INFO  no build target found for /home/alex/IdeaProjects/ILang/src/main/scala/parser/SyntaxAnalyzer.scala. Using presentation compiler with project's scala-library version: 3.3.6
2025.10.08 01:09:28 INFO  no build target found for /home/alex/IdeaProjects/ILang/src/main/scala/parser/SyntaxAnalyzer.scala. Using presentation compiler with project's scala-library version: 3.3.6
2025.10.08 01:09:28 INFO  no build target found for /home/alex/IdeaProjects/ILang/src/main/scala/parser/SyntaxAnalyzer.scala. Using presentation compiler with project's scala-library version: 3.3.6
2025.10.08 01:09:28 INFO  no build target found for /home/alex/IdeaProjects/ILang/src/main/scala/parser/SyntaxAnalyzer.scala. Using presentation compiler with project's scala-library version: 3.3.6
2025.10.08 01:09:28 INFO  no build target found for /home/alex/IdeaProjects/ILang/src/main/scala/parser/SyntaxAnalyzer.scala. Using presentation compiler with project's scala-library version: 3.3.6
2025.10.08 01:09:28 INFO  no build target found for /home/alex/IdeaProjects/ILang/src/main/scala/parser/SyntaxAnalyzer.scala. Using presentation compiler with project's scala-library version: 3.3.6
2025.10.08 01:09:28 INFO  no build target found for /home/alex/IdeaProjects/ILang/src/main/scala/parser/SyntaxAnalyzer.scala. Using presentation compiler with project's scala-library version: 3.3.6
2025.10.08 01:09:29 INFO  no build target found for /home/alex/IdeaProjects/ILang/src/main/scala/parser/SyntaxAnalyzer.scala. Using presentation compiler with project's scala-library version: 3.3.6
2025.10.08 01:09:28 INFO  no build target found for /home/alex/IdeaProjects/ILang/src/main/scala/parser/SyntaxAnalyzer.scala. Using presentation compiler with project's scala-library version: 3.3.6
2025.10.08 01:09:29 INFO  no build target found for /home/alex/IdeaProjects/ILang/src/main/scala/parser/SyntaxAnalyzer.scala. Using presentation compiler with project's scala-library version: 3.3.6
2025.10.08 01:09:29 INFO  no build target found for /home/alex/IdeaProjects/ILang/src/main/scala/parser/SyntaxAnalyzer.scala. Using presentation compiler with project's scala-library version: 3.3.6
2025.10.08 01:09:29 INFO  no build target found for /home/alex/IdeaProjects/ILang/src/main/scala/parser/SyntaxAnalyzer.scala. Using presentation compiler with project's scala-library version: 3.3.6
2025.10.08 01:09:30 INFO  no build target found for /home/alex/IdeaProjects/ILang/src/main/scala/parser/SyntaxAnalyzer.scala. Using presentation compiler with project's scala-library version: 3.3.6
2025.10.08 01:09:29 INFO  no build target found for /home/alex/IdeaProjects/ILang/src/main/scala/parser/SyntaxAnalyzer.scala. Using presentation compiler with project's scala-library version: 3.3.6
2025.10.08 01:09:29 INFO  no build target found for /home/alex/IdeaProjects/ILang/src/main/scala/parser/SyntaxAnalyzer.scala. Using presentation compiler with project's scala-library version: 3.3.6
2025.10.08 01:09:30 INFO  no build target found for /home/alex/IdeaProjects/ILang/src/main/scala/parser/SyntaxAnalyzer.scala. Using presentation compiler with project's scala-library version: 3.3.6
2025.10.08 01:09:30 INFO  no build target found for /home/alex/IdeaProjects/ILang/src/main/scala/parser/SyntaxAnalyzer.scala. Using presentation compiler with project's scala-library version: 3.3.6
2025.10.08 01:09:30 INFO  no build target found for /home/alex/IdeaProjects/ILang/src/main/scala/parser/SyntaxAnalyzer.scala. Using presentation compiler with project's scala-library version: 3.3.6
2025.10.08 01:09:31 INFO  no build target found for /home/alex/IdeaProjects/ILang/src/main/scala/parser/SyntaxAnalyzer.scala. Using presentation compiler with project's scala-library version: 3.3.6
2025.10.08 01:09:30 INFO  no build target found for /home/alex/IdeaProjects/ILang/src/main/scala/parser/SyntaxAnalyzer.scala. Using presentation compiler with project's scala-library version: 3.3.6
2025.10.08 01:09:31 INFO  no build target found for /home/alex/IdeaProjects/ILang/src/main/scala/parser/SyntaxAnalyzer.scala. Using presentation compiler with project's scala-library version: 3.3.6
2025.10.08 01:09:30 INFO  no build target found for /home/alex/IdeaProjects/ILang/src/main/scala/parser/SyntaxAnalyzer.scala. Using presentation compiler with project's scala-library version: 3.3.6
2025.10.08 01:09:31 INFO  no build target found for /home/alex/IdeaProjects/ILang/src/main/scala/parser/SyntaxAnalyzer.scala. Using presentation compiler with project's scala-library version: 3.3.6
2025.10.08 01:09:32 INFO  no build target found for /home/alex/IdeaProjects/ILang/src/main/scala/parser/SyntaxAnalyzer.scala. Using presentation compiler with project's scala-library version: 3.3.6
2025.10.08 01:09:31 INFO  no build target found for /home/alex/IdeaProjects/ILang/src/main/scala/parser/SyntaxAnalyzer.scala. Using presentation compiler with project's scala-library version: 3.3.6
2025.10.08 01:09:32 INFO  no build target found for /home/alex/IdeaProjects/ILang/src/main/scala/parser/SyntaxAnalyzer.scala. Using presentation compiler with project's scala-library version: 3.3.6
2025.10.08 01:09:32 INFO  no build target found for /home/alex/IdeaProjects/ILang/src/main/scala/parser/SyntaxAnalyzer.scala. Using presentation compiler with project's scala-library version: 3.3.6
2025.10.08 01:09:32 INFO  no build target found for /home/alex/IdeaProjects/ILang/src/main/scala/parser/SyntaxAnalyzer.scala. Using presentation compiler with project's scala-library version: 3.3.6
2025.10.08 01:09:32 INFO  no build target found for /home/alex/IdeaProjects/ILang/src/main/scala/parser/SyntaxAnalyzer.scala. Using presentation compiler with project's scala-library version: 3.3.6
2025.10.08 01:09:32 INFO  no build target found for /home/alex/IdeaProjects/ILang/src/main/scala/parser/SyntaxAnalyzer.scala. Using presentation compiler with project's scala-library version: 3.3.6
2025.10.08 01:09:32 INFO  no build target found for /home/alex/IdeaProjects/ILang/src/main/scala/parser/SyntaxAnalyzer.scala. Using presentation compiler with project's scala-library version: 3.3.6
2025.10.08 01:09:32 INFO  no build target found for /home/alex/IdeaProjects/ILang/src/main/scala/parser/SyntaxAnalyzer.scala. Using presentation compiler with project's scala-library version: 3.3.6
2025.10.08 01:09:32 INFO  no build target found for /home/alex/IdeaProjects/ILang/src/main/scala/parser/SyntaxAnalyzer.scala. Using presentation compiler with project's scala-library version: 3.3.6
2025.10.08 01:09:32 INFO  no build target found for /home/alex/IdeaProjects/ILang/src/main/scala/parser/SyntaxAnalyzer.scala. Using presentation compiler with project's scala-library version: 3.3.6
2025.10.08 01:09:32 INFO  no build target found for /home/alex/IdeaProjects/ILang/src/main/scala/parser/SyntaxAnalyzer.scala. Using presentation compiler with project's scala-library version: 3.3.6
2025.10.08 01:09:32 INFO  no build target found for /home/alex/IdeaProjects/ILang/src/main/scala/parser/SyntaxAnalyzer.scala. Using presentation compiler with project's scala-library version: 3.3.6
2025.10.08 01:09:32 INFO  no build target found for /home/alex/IdeaProjects/ILang/src/main/scala/parser/SyntaxAnalyzer.scala. Using presentation compiler with project's scala-library version: 3.3.6
2025.10.08 01:09:33 INFO  no build target found for /home/alex/IdeaProjects/ILang/src/main/scala/parser/SyntaxAnalyzer.scala. Using presentation compiler with project's scala-library version: 3.3.6
2025.10.08 01:09:33 INFO  no build target found for /home/alex/IdeaProjects/ILang/src/main/scala/parser/SyntaxAnalyzer.scala. Using presentation compiler with project's scala-library version: 3.3.6
2025.10.08 01:09:33 INFO  no build target found for /home/alex/IdeaProjects/ILang/src/main/scala/parser/SyntaxAnalyzer.scala. Using presentation compiler with project's scala-library version: 3.3.6
2025.10.08 01:09:33 INFO  no build target found for /home/alex/IdeaProjects/ILang/src/main/scala/parser/SyntaxAnalyzer.scala. Using presentation compiler with project's scala-library version: 3.3.6
2025.10.08 01:09:33 INFO  no build target found for /home/alex/IdeaProjects/ILang/src/main/scala/parser/SyntaxAnalyzer.scala. Using presentation compiler with project's scala-library version: 3.3.6
2025.10.08 01:09:33 INFO  no build target found for /home/alex/IdeaProjects/ILang/src/main/scala/parser/SyntaxAnalyzer.scala. Using presentation compiler with project's scala-library version: 3.3.6
2025.10.08 01:09:33 INFO  no build target found for /home/alex/IdeaProjects/ILang/src/main/scala/parser/SyntaxAnalyzer.scala. Using presentation compiler with project's scala-library version: 3.3.6
2025.10.08 01:09:33 INFO  no build target found for /home/alex/IdeaProjects/ILang/src/main/scala/parser/SyntaxAnalyzer.scala. Using presentation compiler with project's scala-library version: 3.3.6
2025.10.08 01:09:33 INFO  no build target found for /home/alex/IdeaProjects/ILang/src/main/scala/parser/SyntaxAnalyzer.scala. Using presentation compiler with project's scala-library version: 3.3.6
2025.10.08 01:09:33 INFO  no build target found for /home/alex/IdeaProjects/ILang/src/main/scala/parser/SyntaxAnalyzer.scala. Using presentation compiler with project's scala-library version: 3.3.6
2025.10.08 01:09:33 INFO  no build target found for /home/alex/IdeaProjects/ILang/src/main/scala/parser/SyntaxAnalyzer.scala. Using presentation compiler with project's scala-library version: 3.3.6
2025.10.08 01:09:33 INFO  no build target found for /home/alex/IdeaProjects/ILang/src/main/scala/parser/SyntaxAnalyzer.scala. Using presentation compiler with project's scala-library version: 3.3.6
2025.10.08 01:09:33 INFO  no build target found for /home/alex/IdeaProjects/ILang/src/main/scala/parser/SyntaxAnalyzer.scala. Using presentation compiler with project's scala-library version: 3.3.6
2025.10.08 01:09:33 INFO  no build target found for /home/alex/IdeaProjects/ILang/src/main/scala/parser/SyntaxAnalyzer.scala. Using presentation compiler with project's scala-library version: 3.3.6
2025.10.08 01:09:33 INFO  no build target found for /home/alex/IdeaProjects/ILang/src/main/scala/parser/SyntaxAnalyzer.scala. Using presentation compiler with project's scala-library version: 3.3.6
2025.10.08 01:09:34 INFO  no build target found for /home/alex/IdeaProjects/ILang/src/main/scala/parser/SyntaxAnalyzer.scala. Using presentation compiler with project's scala-library version: 3.3.6
2025.10.08 01:09:34 INFO  no build target found for /home/alex/IdeaProjects/ILang/src/main/scala/parser/SyntaxAnalyzer.scala. Using presentation compiler with project's scala-library version: 3.3.6
2025.10.08 01:09:34 INFO  no build target found for /home/alex/IdeaProjects/ILang/src/main/scala/parser/SyntaxAnalyzer.scala. Using presentation compiler with project's scala-library version: 3.3.6
2025.10.08 01:09:34 INFO  no build target found for /home/alex/IdeaProjects/ILang/src/main/scala/parser/SyntaxAnalyzer.scala. Using presentation compiler with project's scala-library version: 3.3.6
2025.10.08 01:09:34 INFO  no build target found for /home/alex/IdeaProjects/ILang/src/main/scala/parser/SyntaxAnalyzer.scala. Using presentation compiler with project's scala-library version: 3.3.6
2025.10.08 01:09:34 INFO  no build target found for /home/alex/IdeaProjects/ILang/src/main/scala/parser/SyntaxAnalyzer.scala. Using presentation compiler with project's scala-library version: 3.3.6
2025.10.08 01:09:34 INFO  no build target found for /home/alex/IdeaProjects/ILang/src/main/scala/parser/SyntaxAnalyzer.scala. Using presentation compiler with project's scala-library version: 3.3.6
2025.10.08 01:09:34 INFO  no build target found for /home/alex/IdeaProjects/ILang/src/main/scala/parser/SyntaxAnalyzer.scala. Using presentation compiler with project's scala-library version: 3.3.6
2025.10.08 01:09:34 INFO  no build target found for /home/alex/IdeaProjects/ILang/src/main/scala/parser/SyntaxAnalyzer.scala. Using presentation compiler with project's scala-library version: 3.3.6
2025.10.08 01:09:34 INFO  no build target found for /home/alex/IdeaProjects/ILang/src/main/scala/parser/SyntaxAnalyzer.scala. Using presentation compiler with project's scala-library version: 3.3.6
2025.10.08 01:09:34 INFO  no build target found for /home/alex/IdeaProjects/ILang/src/main/scala/parser/SyntaxAnalyzer.scala. Using presentation compiler with project's scala-library version: 3.3.6
2025.10.08 01:09:34 INFO  no build target found for /home/alex/IdeaProjects/ILang/src/main/scala/parser/SyntaxAnalyzer.scala. Using presentation compiler with project's scala-library version: 3.3.6
2025.10.08 01:09:34 INFO  no build target found for /home/alex/IdeaProjects/ILang/src/main/scala/parser/SyntaxAnalyzer.scala. Using presentation compiler with project's scala-library version: 3.3.6
2025.10.08 01:09:34 INFO  no build target found for /home/alex/IdeaProjects/ILang/src/main/scala/parser/SyntaxAnalyzer.scala. Using presentation compiler with project's scala-library version: 3.3.6
2025.10.08 01:09:34 INFO  no build target found for /home/alex/IdeaProjects/ILang/src/main/scala/parser/SyntaxAnalyzer.scala. Using presentation compiler with project's scala-library version: 3.3.6
2025.10.08 01:09:34 INFO  no build target found for /home/alex/IdeaProjects/ILang/src/main/scala/parser/SyntaxAnalyzer.scala. Using presentation compiler with project's scala-library version: 3.3.6
2025.10.08 01:09:35 INFO  no build target found for /home/alex/IdeaProjects/ILang/src/main/scala/parser/SyntaxAnalyzer.scala. Using presentation compiler with project's scala-library version: 3.3.6
2025.10.08 01:09:35 INFO  no build target found for /home/alex/IdeaProjects/ILang/src/main/scala/parser/SyntaxAnalyzer.scala. Using presentation compiler with project's scala-library version: 3.3.6
2025.10.08 01:09:35 INFO  no build target found for /home/alex/IdeaProjects/ILang/src/main/scala/parser/SyntaxAnalyzer.scala. Using presentation compiler with project's scala-library version: 3.3.6
2025.10.08 01:09:35 INFO  no build target found for /home/alex/IdeaProjects/ILang/src/main/scala/parser/SyntaxAnalyzer.scala. Using presentation compiler with project's scala-library version: 3.3.6
2025.10.08 01:09:35 INFO  no build target found for /home/alex/IdeaProjects/ILang/src/main/scala/parser/SyntaxAnalyzer.scala. Using presentation compiler with project's scala-library version: 3.3.6
2025.10.08 01:09:35 INFO  no build target found for /home/alex/IdeaProjects/ILang/src/main/scala/parser/SyntaxAnalyzer.scala. Using presentation compiler with project's scala-library version: 3.3.6
2025.10.08 01:09:35 INFO  no build target found for /home/alex/IdeaProjects/ILang/src/main/scala/parser/SyntaxAnalyzer.scala. Using presentation compiler with project's scala-library version: 3.3.6
2025.10.08 01:09:35 INFO  no build target found for /home/alex/IdeaProjects/ILang/src/main/scala/parser/SyntaxAnalyzer.scala. Using presentation compiler with project's scala-library version: 3.3.6
2025.10.08 01:09:35 INFO  no build target found for /home/alex/IdeaProjects/ILang/src/main/scala/parser/SyntaxAnalyzer.scala. Using presentation compiler with project's scala-library version: 3.3.6
2025.10.08 01:09:35 INFO  no build target found for /home/alex/IdeaProjects/ILang/src/main/scala/parser/SyntaxAnalyzer.scala. Using presentation compiler with project's scala-library version: 3.3.6
2025.10.08 01:09:35 INFO  no build target found for /home/alex/IdeaProjects/ILang/src/main/scala/parser/SyntaxAnalyzer.scala. Using presentation compiler with project's scala-library version: 3.3.6
2025.10.08 01:09:35 INFO  no build target found for /home/alex/IdeaProjects/ILang/src/main/scala/parser/SyntaxAnalyzer.scala. Using presentation compiler with project's scala-library version: 3.3.6
2025.10.08 01:09:35 INFO  no build target found for /home/alex/IdeaProjects/ILang/src/main/scala/parser/SyntaxAnalyzer.scala. Using presentation compiler with project's scala-library version: 3.3.6
2025.10.08 01:09:35 INFO  no build target found for /home/alex/IdeaProjects/ILang/src/main/scala/parser/SyntaxAnalyzer.scala. Using presentation compiler with project's scala-library version: 3.3.6
2025.10.08 01:09:36 INFO  no build target found for /home/alex/IdeaProjects/ILang/src/main/scala/parser/SyntaxAnalyzer.scala. Using presentation compiler with project's scala-library version: 3.3.6
2025.10.08 01:09:36 INFO  no build target found for /home/alex/IdeaProjects/ILang/src/main/scala/parser/SyntaxAnalyzer.scala. Using presentation compiler with project's scala-library version: 3.3.6
2025.10.08 01:09:36 INFO  no build target found for /home/alex/IdeaProjects/ILang/src/main/scala/parser/SyntaxAnalyzer.scala. Using presentation compiler with project's scala-library version: 3.3.6
2025.10.08 01:09:36 INFO  no build target found for /home/alex/IdeaProjects/ILang/src/main/scala/parser/SyntaxAnalyzer.scala. Using presentation compiler with project's scala-library version: 3.3.6
2025.10.08 01:09:36 INFO  no build target found for /home/alex/IdeaProjects/ILang/src/main/scala/parser/SyntaxAnalyzer.scala. Using presentation compiler with project's scala-library version: 3.3.6
2025.10.08 01:09:36 INFO  no build target found for /home/alex/IdeaProjects/ILang/src/main/scala/parser/SyntaxAnalyzer.scala. Using presentation compiler with project's scala-library version: 3.3.6
2025.10.08 01:09:36 INFO  no build target found for /home/alex/IdeaProjects/ILang/src/main/scala/parser/SyntaxAnalyzer.scala. Using presentation compiler with project's scala-library version: 3.3.6
2025.10.08 01:09:36 INFO  no build target found for /home/alex/IdeaProjects/ILang/src/main/scala/parser/SyntaxAnalyzer.scala. Using presentation compiler with project's scala-library version: 3.3.6
2025.10.08 01:09:36 INFO  no build target found for /home/alex/IdeaProjects/ILang/src/main/scala/parser/SyntaxAnalyzer.scala. Using presentation compiler with project's scala-library version: 3.3.6
2025.10.08 01:09:36 INFO  no build target found for /home/alex/IdeaProjects/ILang/src/main/scala/parser/SyntaxAnalyzer.scala. Using presentation compiler with project's scala-library version: 3.3.6
2025.10.08 01:09:36 INFO  no build target found for /home/alex/IdeaProjects/ILang/src/main/scala/parser/SyntaxAnalyzer.scala. Using presentation compiler with project's scala-library version: 3.3.6
2025.10.08 01:09:36 INFO  no build target found for /home/alex/IdeaProjects/ILang/src/main/scala/parser/SyntaxAnalyzer.scala. Using presentation compiler with project's scala-library version: 3.3.6
2025.10.08 01:09:36 INFO  no build target found for /home/alex/IdeaProjects/ILang/src/main/scala/parser/SyntaxAnalyzer.scala. Using presentation compiler with project's scala-library version: 3.3.6
2025.10.08 01:09:36 INFO  no build target found for /home/alex/IdeaProjects/ILang/src/main/scala/parser/SyntaxAnalyzer.scala. Using presentation compiler with project's scala-library version: 3.3.6
2025.10.08 01:09:36 INFO  no build target found for /home/alex/IdeaProjects/ILang/src/main/scala/parser/SyntaxAnalyzer.scala. Using presentation compiler with project's scala-library version: 3.3.6
2025.10.08 01:09:36 INFO  no build target found for /home/alex/IdeaProjects/ILang/src/main/scala/parser/SyntaxAnalyzer.scala. Using presentation compiler with project's scala-library version: 3.3.6
2025.10.08 01:09:37 INFO  no build target found for /home/alex/IdeaProjects/ILang/src/main/scala/parser/SyntaxAnalyzer.scala. Using presentation compiler with project's scala-library version: 3.3.6
2025.10.08 01:09:37 INFO  no build target found for /home/alex/IdeaProjects/ILang/src/main/scala/parser/SyntaxAnalyzer.scala. Using presentation compiler with project's scala-library version: 3.3.6
2025.10.08 01:09:37 INFO  no build target found for /home/alex/IdeaProjects/ILang/src/main/scala/parser/SyntaxAnalyzer.scala. Using presentation compiler with project's scala-library version: 3.3.6
2025.10.08 01:09:36 INFO  no build target found for /home/alex/IdeaProjects/ILang/src/main/scala/parser/SyntaxAnalyzer.scala. Using presentation compiler with project's scala-library version: 3.3.6
2025.10.08 01:09:37 INFO  no build target found for /home/alex/IdeaProjects/ILang/src/main/scala/parser/SyntaxAnalyzer.scala. Using presentation compiler with project's scala-library version: 3.3.6
2025.10.08 01:09:37 INFO  no build target found for /home/alex/IdeaProjects/ILang/src/main/scala/parser/SyntaxAnalyzer.scala. Using presentation compiler with project's scala-library version: 3.3.6
2025.10.08 01:09:37 INFO  no build target found for /home/alex/IdeaProjects/ILang/src/main/scala/parser/SyntaxAnalyzer.scala. Using presentation compiler with project's scala-library version: 3.3.6
2025.10.08 01:09:37 INFO  no build target found for /home/alex/IdeaProjects/ILang/src/main/scala/parser/SyntaxAnalyzer.scala. Using presentation compiler with project's scala-library version: 3.3.6
2025.10.08 01:09:37 INFO  no build target found for /home/alex/IdeaProjects/ILang/src/main/scala/parser/SyntaxAnalyzer.scala. Using presentation compiler with project's scala-library version: 3.3.6
2025.10.08 01:09:37 INFO  no build target found for /home/alex/IdeaProjects/ILang/src/main/scala/parser/SyntaxAnalyzer.scala. Using presentation compiler with project's scala-library version: 3.3.6
2025.10.08 01:09:37 INFO  no build target found for /home/alex/IdeaProjects/ILang/src/main/scala/parser/SyntaxAnalyzer.scala. Using presentation compiler with project's scala-library version: 3.3.6
2025.10.08 01:09:37 INFO  no build target found for /home/alex/IdeaProjects/ILang/src/main/scala/parser/SyntaxAnalyzer.scala. Using presentation compiler with project's scala-library version: 3.3.6
Oct 08, 2025 1:09:37 AM org.eclipse.lsp4j.jsonrpc.RemoteEndpoint handleCancellation
WARNING: Unmatched cancel notification for request id 1430
2025.10.08 01:09:37 INFO  no build target found for /home/alex/IdeaProjects/ILang/src/main/scala/parser/SyntaxAnalyzer.scala. Using presentation compiler with project's scala-library version: 3.3.6
2025.10.08 01:09:37 INFO  no build target found for /home/alex/IdeaProjects/ILang/src/main/scala/parser/SyntaxAnalyzer.scala. Using presentation compiler with project's scala-library version: 3.3.6
2025.10.08 01:09:37 INFO  no build target found for /home/alex/IdeaProjects/ILang/src/main/scala/parser/SyntaxAnalyzer.scala. Using presentation compiler with project's scala-library version: 3.3.6
2025.10.08 01:09:37 INFO  no build target found for /home/alex/IdeaProjects/ILang/src/main/scala/parser/SyntaxAnalyzer.scala. Using presentation compiler with project's scala-library version: 3.3.6
Oct 08, 2025 1:09:37 AM org.eclipse.lsp4j.jsonrpc.RemoteEndpoint handleCancellation
WARNING: Unmatched cancel notification for request id 1433
2025.10.08 01:09:37 INFO  no build target found for /home/alex/IdeaProjects/ILang/src/main/scala/parser/SyntaxAnalyzer.scala. Using presentation compiler with project's scala-library version: 3.3.6
2025.10.08 01:09:37 INFO  no build target found for /home/alex/IdeaProjects/ILang/src/main/scala/parser/SyntaxAnalyzer.scala. Using presentation compiler with project's scala-library version: 3.3.6
2025.10.08 01:09:37 INFO  no build target found for /home/alex/IdeaProjects/ILang/src/main/scala/parser/SyntaxAnalyzer.scala. Using presentation compiler with project's scala-library version: 3.3.6
2025.10.08 01:09:37 INFO  no build target found for /home/alex/IdeaProjects/ILang/src/main/scala/parser/SyntaxAnalyzer.scala. Using presentation compiler with project's scala-library version: 3.3.6
2025.10.08 01:09:38 INFO  no build target found for /home/alex/IdeaProjects/ILang/src/main/scala/parser/SyntaxAnalyzer.scala. Using presentation compiler with project's scala-library version: 3.3.6
2025.10.08 01:09:38 INFO  no build target found for /home/alex/IdeaProjects/ILang/src/main/scala/parser/SyntaxAnalyzer.scala. Using presentation compiler with project's scala-library version: 3.3.6
2025.10.08 01:09:38 INFO  no build target found for /home/alex/IdeaProjects/ILang/src/main/scala/parser/SyntaxAnalyzer.scala. Using presentation compiler with project's scala-library version: 3.3.6
2025.10.08 01:09:38 INFO  no build target found for /home/alex/IdeaProjects/ILang/src/main/scala/parser/SyntaxAnalyzer.scala. Using presentation compiler with project's scala-library version: 3.3.6
2025.10.08 01:09:38 INFO  no build target found for /home/alex/IdeaProjects/ILang/src/main/scala/parser/SyntaxAnalyzer.scala. Using presentation compiler with project's scala-library version: 3.3.6
2025.10.08 01:09:38 INFO  no build target found for /home/alex/IdeaProjects/ILang/src/main/scala/parser/SyntaxAnalyzer.scala. Using presentation compiler with project's scala-library version: 3.3.6
2025.10.08 01:09:38 INFO  no build target found for /home/alex/IdeaProjects/ILang/src/main/scala/parser/SyntaxAnalyzer.scala. Using presentation compiler with project's scala-library version: 3.3.6
2025.10.08 01:09:38 INFO  no build target found for /home/alex/IdeaProjects/ILang/src/main/scala/parser/SyntaxAnalyzer.scala. Using presentation compiler with project's scala-library version: 3.3.6
2025.10.08 01:09:38 INFO  no build target found for /home/alex/IdeaProjects/ILang/src/main/scala/parser/SyntaxAnalyzer.scala. Using presentation compiler with project's scala-library version: 3.3.6
2025.10.08 01:09:38 INFO  no build target found for /home/alex/IdeaProjects/ILang/src/main/scala/parser/SyntaxAnalyzer.scala. Using presentation compiler with project's scala-library version: 3.3.6
2025.10.08 01:09:38 INFO  no build target found for /home/alex/IdeaProjects/ILang/src/main/scala/parser/SyntaxAnalyzer.scala. Using presentation compiler with project's scala-library version: 3.3.6
2025.10.08 01:09:38 INFO  no build target found for /home/alex/IdeaProjects/ILang/src/main/scala/parser/SyntaxAnalyzer.scala. Using presentation compiler with project's scala-library version: 3.3.6
2025.10.08 01:09:38 INFO  no build target found for /home/alex/IdeaProjects/ILang/src/main/scala/parser/SyntaxAnalyzer.scala. Using presentation compiler with project's scala-library version: 3.3.6
2025.10.08 01:09:38 INFO  no build target found for /home/alex/IdeaProjects/ILang/src/main/scala/parser/SyntaxAnalyzer.scala. Using presentation compiler with project's scala-library version: 3.3.6
2025.10.08 01:09:38 INFO  no build target found for /home/alex/IdeaProjects/ILang/src/main/scala/parser/SyntaxAnalyzer.scala. Using presentation compiler with project's scala-library version: 3.3.6
2025.10.08 01:09:38 INFO  no build target found for /home/alex/IdeaProjects/ILang/src/main/scala/parser/SyntaxAnalyzer.scala. Using presentation compiler with project's scala-library version: 3.3.6
2025.10.08 01:09:38 INFO  no build target found for /home/alex/IdeaProjects/ILang/src/main/scala/parser/SyntaxAnalyzer.scala. Using presentation compiler with project's scala-library version: 3.3.6
2025.10.08 01:09:38 INFO  no build target found for /home/alex/IdeaProjects/ILang/src/main/scala/parser/SyntaxAnalyzer.scala. Using presentation compiler with project's scala-library version: 3.3.6
2025.10.08 01:09:38 INFO  no build target found for /home/alex/IdeaProjects/ILang/src/main/scala/parser/SyntaxAnalyzer.scala. Using presentation compiler with project's scala-library version: 3.3.6
2025.10.08 01:09:38 INFO  no build target found for /home/alex/IdeaProjects/ILang/src/main/scala/parser/SyntaxAnalyzer.scala. Using presentation compiler with project's scala-library version: 3.3.6
2025.10.08 01:09:38 INFO  no build target found for /home/alex/IdeaProjects/ILang/src/main/scala/parser/SyntaxAnalyzer.scala. Using presentation compiler with project's scala-library version: 3.3.6
2025.10.08 01:09:38 INFO  no build target found for /home/alex/IdeaProjects/ILang/src/main/scala/parser/SyntaxAnalyzer.scala. Using presentation compiler with project's scala-library version: 3.3.6
Oct 08, 2025 1:09:39 AM org.eclipse.lsp4j.jsonrpc.RemoteEndpoint handleCancellation
WARNING: Unmatched cancel notification for request id 1458
2025.10.08 01:09:38 INFO  no build target found for /home/alex/IdeaProjects/ILang/src/main/scala/parser/SyntaxAnalyzer.scala. Using presentation compiler with project's scala-library version: 3.3.6
2025.10.08 01:09:38 INFO  no build target found for /home/alex/IdeaProjects/ILang/src/main/scala/parser/SyntaxAnalyzer.scala. Using presentation compiler with project's scala-library version: 3.3.6
2025.10.08 01:09:38 INFO  no build target found for /home/alex/IdeaProjects/ILang/src/main/scala/parser/SyntaxAnalyzer.scala. Using presentation compiler with project's scala-library version: 3.3.6
2025.10.08 01:09:38 INFO  no build target found for /home/alex/IdeaProjects/ILang/src/main/scala/parser/SyntaxAnalyzer.scala. Using presentation compiler with project's scala-library version: 3.3.6
2025.10.08 01:09:39 INFO  no build target found for /home/alex/IdeaProjects/ILang/src/main/scala/parser/SyntaxAnalyzer.scala. Using presentation compiler with project's scala-library version: 3.3.6
Oct 08, 2025 1:09:39 AM org.eclipse.lsp4j.jsonrpc.RemoteEndpoint handleCancellation
WARNING: Unmatched cancel notification for request id 1462
2025.10.08 01:09:39 INFO  no build target found for /home/alex/IdeaProjects/ILang/src/main/scala/parser/SyntaxAnalyzer.scala. Using presentation compiler with project's scala-library version: 3.3.6
Oct 08, 2025 1:09:39 AM org.eclipse.lsp4j.jsonrpc.RemoteEndpoint handleCancellation
WARNING: Unmatched cancel notification for request id 1463
2025.10.08 01:09:39 INFO  no build target found for /home/alex/IdeaProjects/ILang/src/main/scala/parser/SyntaxAnalyzer.scala. Using presentation compiler with project's scala-library version: 3.3.6
2025.10.08 01:09:39 INFO  no build target found for /home/alex/IdeaProjects/ILang/src/main/scala/parser/SyntaxAnalyzer.scala. Using presentation compiler with project's scala-library version: 3.3.6
2025.10.08 01:09:39 INFO  no build target found for /home/alex/IdeaProjects/ILang/src/main/scala/parser/SyntaxAnalyzer.scala. Using presentation compiler with project's scala-library version: 3.3.6
2025.10.08 01:09:39 INFO  no build target found for /home/alex/IdeaProjects/ILang/src/main/scala/parser/SyntaxAnalyzer.scala. Using presentation compiler with project's scala-library version: 3.3.6
2025.10.08 01:09:39 INFO  no build target found for /home/alex/IdeaProjects/ILang/src/main/scala/parser/SyntaxAnalyzer.scala. Using presentation compiler with project's scala-library version: 3.3.6
2025.10.08 01:09:39 INFO  no build target found for /home/alex/IdeaProjects/ILang/src/main/scala/parser/SyntaxAnalyzer.scala. Using presentation compiler with project's scala-library version: 3.3.6
2025.10.08 01:09:39 INFO  no build target found for /home/alex/IdeaProjects/ILang/src/main/scala/parser/SyntaxAnalyzer.scala. Using presentation compiler with project's scala-library version: 3.3.6
2025.10.08 01:09:39 INFO  no build target found for /home/alex/IdeaProjects/ILang/src/main/scala/parser/SyntaxAnalyzer.scala. Using presentation compiler with project's scala-library version: 3.3.6
2025.10.08 01:09:39 INFO  no build target found for /home/alex/IdeaProjects/ILang/src/main/scala/parser/SyntaxAnalyzer.scala. Using presentation compiler with project's scala-library version: 3.3.6
2025.10.08 01:09:39 INFO  no build target found for /home/alex/IdeaProjects/ILang/src/main/scala/parser/SyntaxAnalyzer.scala. Using presentation compiler with project's scala-library version: 3.3.6
Oct 08, 2025 1:09:39 AM org.eclipse.lsp4j.jsonrpc.RemoteEndpoint handleCancellation
WARNING: Unmatched cancel notification for request id 1471
2025.10.08 01:09:39 INFO  no build target found for /home/alex/IdeaProjects/ILang/src/main/scala/parser/SyntaxAnalyzer.scala. Using presentation compiler with project's scala-library version: 3.3.6
2025.10.08 01:09:39 INFO  no build target found for /home/alex/IdeaProjects/ILang/src/main/scala/parser/SyntaxAnalyzer.scala. Using presentation compiler with project's scala-library version: 3.3.6
Oct 08, 2025 1:09:39 AM org.eclipse.lsp4j.jsonrpc.RemoteEndpoint handleCancellation
WARNING: Unmatched cancel notification for request id 1473
2025.10.08 01:09:39 INFO  no build target found for /home/alex/IdeaProjects/ILang/src/main/scala/parser/SyntaxAnalyzer.scala. Using presentation compiler with project's scala-library version: 3.3.6
2025.10.08 01:09:39 INFO  no build target found for /home/alex/IdeaProjects/ILang/src/main/scala/parser/SyntaxAnalyzer.scala. Using presentation compiler with project's scala-library version: 3.3.6
2025.10.08 01:09:40 INFO  no build target found for /home/alex/IdeaProjects/ILang/src/main/scala/parser/SyntaxAnalyzer.scala. Using presentation compiler with project's scala-library version: 3.3.6
Oct 08, 2025 1:09:40 AM org.eclipse.lsp4j.jsonrpc.RemoteEndpoint handleCancellation
WARNING: Unmatched cancel notification for request id 1475
2025.10.08 01:09:39 INFO  no build target found for /home/alex/IdeaProjects/ILang/src/main/scala/parser/SyntaxAnalyzer.scala. Using presentation compiler with project's scala-library version: 3.3.6
2025.10.08 01:09:39 INFO  no build target found for /home/alex/IdeaProjects/ILang/src/main/scala/parser/SyntaxAnalyzer.scala. Using presentation compiler with project's scala-library version: 3.3.6
2025.10.08 01:09:40 INFO  no build target found for /home/alex/IdeaProjects/ILang/src/main/scala/parser/SyntaxAnalyzer.scala. Using presentation compiler with project's scala-library version: 3.3.6
2025.10.08 01:09:40 INFO  no build target found for /home/alex/IdeaProjects/ILang/src/main/scala/parser/SyntaxAnalyzer.scala. Using presentation compiler with project's scala-library version: 3.3.6
2025.10.08 01:09:40 INFO  no build target found for /home/alex/IdeaProjects/ILang/src/main/scala/parser/SyntaxAnalyzer.scala. Using presentation compiler with project's scala-library version: 3.3.6
2025.10.08 01:09:40 INFO  no build target found for /home/alex/IdeaProjects/ILang/src/main/scala/parser/SyntaxAnalyzer.scala. Using presentation compiler with project's scala-library version: 3.3.6
2025.10.08 01:09:40 INFO  no build target found for /home/alex/IdeaProjects/ILang/src/main/scala/parser/SyntaxAnalyzer.scala. Using presentation compiler with project's scala-library version: 3.3.6
2025.10.08 01:09:40 INFO  no build target found for /home/alex/IdeaProjects/ILang/src/main/scala/parser/SyntaxAnalyzer.scala. Using presentation compiler with project's scala-library version: 3.3.6
2025.10.08 01:09:40 INFO  no build target found for /home/alex/IdeaProjects/ILang/src/main/scala/parser/SyntaxAnalyzer.scala. Using presentation compiler with project's scala-library version: 3.3.6
2025.10.08 01:09:40 INFO  no build target found for /home/alex/IdeaProjects/ILang/src/main/scala/parser/SyntaxAnalyzer.scala. Using presentation compiler with project's scala-library version: 3.3.6
2025.10.08 01:09:40 INFO  no build target found for /home/alex/IdeaProjects/ILang/src/main/scala/parser/SyntaxAnalyzer.scala. Using presentation compiler with project's scala-library version: 3.3.6
2025.10.08 01:09:40 INFO  no build target found for /home/alex/IdeaProjects/ILang/src/main/scala/parser/SyntaxAnalyzer.scala. Using presentation compiler with project's scala-library version: 3.3.6
2025.10.08 01:09:40 INFO  no build target found for /home/alex/IdeaProjects/ILang/src/main/scala/parser/SyntaxAnalyzer.scala. Using presentation compiler with project's scala-library version: 3.3.6
2025.10.08 01:09:40 INFO  no build target found for /home/alex/IdeaProjects/ILang/src/main/scala/parser/SyntaxAnalyzer.scala. Using presentation compiler with project's scala-library version: 3.3.6
2025.10.08 01:09:40 INFO  no build target found for /home/alex/IdeaProjects/ILang/src/main/scala/parser/SyntaxAnalyzer.scala. Using presentation compiler with project's scala-library version: 3.3.6
2025.10.08 01:09:40 INFO  no build target found for /home/alex/IdeaProjects/ILang/src/main/scala/parser/SyntaxAnalyzer.scala. Using presentation compiler with project's scala-library version: 3.3.6
2025.10.08 01:09:40 INFO  no build target found for /home/alex/IdeaProjects/ILang/src/main/scala/parser/SyntaxAnalyzer.scala. Using presentation compiler with project's scala-library version: 3.3.6
2025.10.08 01:09:40 INFO  no build target found for /home/alex/IdeaProjects/ILang/src/main/scala/parser/SyntaxAnalyzer.scala. Using presentation compiler with project's scala-library version: 3.3.6
2025.10.08 01:09:40 INFO  no build target found for /home/alex/IdeaProjects/ILang/src/main/scala/parser/SyntaxAnalyzer.scala. Using presentation compiler with project's scala-library version: 3.3.6
2025.10.08 01:09:40 INFO  no build target found for /home/alex/IdeaProjects/ILang/src/main/scala/parser/SyntaxAnalyzer.scala. Using presentation compiler with project's scala-library version: 3.3.6
2025.10.08 01:09:41 INFO  no build target found for /home/alex/IdeaProjects/ILang/src/main/scala/parser/SyntaxAnalyzer.scala. Using presentation compiler with project's scala-library version: 3.3.6
2025.10.08 01:09:41 INFO  no build target found for /home/alex/IdeaProjects/ILang/src/main/scala/parser/SyntaxAnalyzer.scala. Using presentation compiler with project's scala-library version: 3.3.6
2025.10.08 01:09:41 INFO  no build target found for /home/alex/IdeaProjects/ILang/src/main/scala/parser/SyntaxAnalyzer.scala. Using presentation compiler with project's scala-library version: 3.3.6
2025.10.08 01:09:41 INFO  no build target found for /home/alex/IdeaProjects/ILang/src/main/scala/parser/SyntaxAnalyzer.scala. Using presentation compiler with project's scala-library version: 3.3.6
2025.10.08 01:09:41 INFO  no build target found for /home/alex/IdeaProjects/ILang/src/main/scala/parser/SyntaxAnalyzer.scala. Using presentation compiler with project's scala-library version: 3.3.6
2025.10.08 01:09:41 INFO  no build target found for /home/alex/IdeaProjects/ILang/src/main/scala/parser/SyntaxAnalyzer.scala. Using presentation compiler with project's scala-library version: 3.3.6
2025.10.08 01:09:41 INFO  no build target found for /home/alex/IdeaProjects/ILang/src/main/scala/parser/SyntaxAnalyzer.scala. Using presentation compiler with project's scala-library version: 3.3.6
2025.10.08 01:09:41 INFO  no build target found for /home/alex/IdeaProjects/ILang/src/main/scala/parser/SyntaxAnalyzer.scala. Using presentation compiler with project's scala-library version: 3.3.6
2025.10.08 01:09:41 INFO  no build target found for /home/alex/IdeaProjects/ILang/src/main/scala/parser/SyntaxAnalyzer.scala. Using presentation compiler with project's scala-library version: 3.3.6
2025.10.08 01:09:41 INFO  no build target found for /home/alex/IdeaProjects/ILang/src/main/scala/parser/SyntaxAnalyzer.scala. Using presentation compiler with project's scala-library version: 3.3.6
2025.10.08 01:09:41 INFO  no build target found for /home/alex/IdeaProjects/ILang/src/main/scala/parser/SyntaxAnalyzer.scala. Using presentation compiler with project's scala-library version: 3.3.6
2025.10.08 01:09:41 INFO  no build target found for /home/alex/IdeaProjects/ILang/src/main/scala/parser/SyntaxAnalyzer.scala. Using presentation compiler with project's scala-library version: 3.3.6
2025.10.08 01:09:41 INFO  no build target found for /home/alex/IdeaProjects/ILang/src/main/scala/parser/SyntaxAnalyzer.scala. Using presentation compiler with project's scala-library version: 3.3.6
2025.10.08 01:09:41 INFO  no build target found for /home/alex/IdeaProjects/ILang/src/main/scala/parser/SyntaxAnalyzer.scala. Using presentation compiler with project's scala-library version: 3.3.6
2025.10.08 01:09:41 INFO  no build target found for /home/alex/IdeaProjects/ILang/src/main/scala/parser/SyntaxAnalyzer.scala. Using presentation compiler with project's scala-library version: 3.3.6
2025.10.08 01:09:41 INFO  no build target found for /home/alex/IdeaProjects/ILang/src/main/scala/parser/SyntaxAnalyzer.scala. Using presentation compiler with project's scala-library version: 3.3.6
2025.10.08 01:09:41 INFO  no build target found for /home/alex/IdeaProjects/ILang/src/main/scala/parser/SyntaxAnalyzer.scala. Using presentation compiler with project's scala-library version: 3.3.6
2025.10.08 01:09:41 INFO  no build target found for /home/alex/IdeaProjects/ILang/src/main/scala/parser/SyntaxAnalyzer.scala. Using presentation compiler with project's scala-library version: 3.3.6
2025.10.08 01:09:42 INFO  no build target found for /home/alex/IdeaProjects/ILang/src/main/scala/parser/SyntaxAnalyzer.scala. Using presentation compiler with project's scala-library version: 3.3.6
2025.10.08 01:09:42 INFO  no build target found for /home/alex/IdeaProjects/ILang/src/main/scala/parser/SyntaxAnalyzer.scala. Using presentation compiler with project's scala-library version: 3.3.6
2025.10.08 01:09:42 INFO  no build target found for /home/alex/IdeaProjects/ILang/src/main/scala/parser/SyntaxAnalyzer.scala. Using presentation compiler with project's scala-library version: 3.3.6
2025.10.08 01:09:42 INFO  no build target found for /home/alex/IdeaProjects/ILang/src/main/scala/parser/SyntaxAnalyzer.scala. Using presentation compiler with project's scala-library version: 3.3.6
Oct 08, 2025 1:09:42 AM org.eclipse.lsp4j.jsonrpc.RemoteEndpoint handleCancellation
WARNING: Unmatched cancel notification for request id 1515
2025.10.08 01:09:42 INFO  no build target found for /home/alex/IdeaProjects/ILang/src/main/scala/parser/SyntaxAnalyzer.scala. Using presentation compiler with project's scala-library version: 3.3.6
2025.10.08 01:09:42 INFO  no build target found for /home/alex/IdeaProjects/ILang/src/main/scala/parser/SyntaxAnalyzer.scala. Using presentation compiler with project's scala-library version: 3.3.6
2025.10.08 01:09:42 INFO  no build target found for /home/alex/IdeaProjects/ILang/src/main/scala/parser/SyntaxAnalyzer.scala. Using presentation compiler with project's scala-library version: 3.3.6
2025.10.08 01:09:42 INFO  no build target found for /home/alex/IdeaProjects/ILang/src/main/scala/parser/SyntaxAnalyzer.scala. Using presentation compiler with project's scala-library version: 3.3.6
2025.10.08 01:09:42 INFO  no build target found for /home/alex/IdeaProjects/ILang/src/main/scala/parser/SyntaxAnalyzer.scala. Using presentation compiler with project's scala-library version: 3.3.6
Oct 08, 2025 1:09:42 AM org.eclipse.lsp4j.jsonrpc.RemoteEndpoint handleCancellation
WARNING: Unmatched cancel notification for request id 1519
2025.10.08 01:09:42 INFO  no build target found for /home/alex/IdeaProjects/ILang/src/main/scala/parser/SyntaxAnalyzer.scala. Using presentation compiler with project's scala-library version: 3.3.6
2025.10.08 01:09:42 INFO  no build target found for /home/alex/IdeaProjects/ILang/src/main/scala/parser/SyntaxAnalyzer.scala. Using presentation compiler with project's scala-library version: 3.3.6
2025.10.08 01:09:42 INFO  no build target found for /home/alex/IdeaProjects/ILang/src/main/scala/parser/SyntaxAnalyzer.scala. Using presentation compiler with project's scala-library version: 3.3.6
2025.10.08 01:09:42 INFO  no build target found for /home/alex/IdeaProjects/ILang/src/main/scala/parser/SyntaxAnalyzer.scala. Using presentation compiler with project's scala-library version: 3.3.6
2025.10.08 01:09:42 INFO  no build target found for /home/alex/IdeaProjects/ILang/src/main/scala/parser/SyntaxAnalyzer.scala. Using presentation compiler with project's scala-library version: 3.3.6
2025.10.08 01:09:42 INFO  no build target found for /home/alex/IdeaProjects/ILang/src/main/scala/parser/SyntaxAnalyzer.scala. Using presentation compiler with project's scala-library version: 3.3.6
2025.10.08 01:09:42 INFO  no build target found for /home/alex/IdeaProjects/ILang/src/main/scala/parser/SyntaxAnalyzer.scala. Using presentation compiler with project's scala-library version: 3.3.6
2025.10.08 01:09:42 INFO  no build target found for /home/alex/IdeaProjects/ILang/src/main/scala/parser/SyntaxAnalyzer.scala. Using presentation compiler with project's scala-library version: 3.3.6
2025.10.08 01:09:42 INFO  no build target found for /home/alex/IdeaProjects/ILang/src/main/scala/parser/SyntaxAnalyzer.scala. Using presentation compiler with project's scala-library version: 3.3.6
2025.10.08 01:09:43 INFO  no build target found for /home/alex/IdeaProjects/ILang/src/main/scala/parser/SyntaxAnalyzer.scala. Using presentation compiler with project's scala-library version: 3.3.6
2025.10.08 01:09:42 INFO  no build target found for /home/alex/IdeaProjects/ILang/src/main/scala/parser/SyntaxAnalyzer.scala. Using presentation compiler with project's scala-library version: 3.3.6
Oct 08, 2025 1:09:43 AM org.eclipse.lsp4j.jsonrpc.RemoteEndpoint handleCancellation
WARNING: Unmatched cancel notification for request id 1528
2025.10.08 01:09:43 INFO  no build target found for /home/alex/IdeaProjects/ILang/src/main/scala/parser/SyntaxAnalyzer.scala. Using presentation compiler with project's scala-library version: 3.3.6
2025.10.08 01:09:43 INFO  no build target found for /home/alex/IdeaProjects/ILang/src/main/scala/parser/SyntaxAnalyzer.scala. Using presentation compiler with project's scala-library version: 3.3.6
2025.10.08 01:09:43 INFO  no build target found for /home/alex/IdeaProjects/ILang/src/main/scala/parser/SyntaxAnalyzer.scala. Using presentation compiler with project's scala-library version: 3.3.6
2025.10.08 01:09:43 INFO  no build target found for /home/alex/IdeaProjects/ILang/src/main/scala/parser/SyntaxAnalyzer.scala. Using presentation compiler with project's scala-library version: 3.3.6
2025.10.08 01:09:42 INFO  no build target found for /home/alex/IdeaProjects/ILang/src/main/scala/parser/SyntaxAnalyzer.scala. Using presentation compiler with project's scala-library version: 3.3.6
2025.10.08 01:09:43 INFO  no build target found for /home/alex/IdeaProjects/ILang/src/main/scala/parser/SyntaxAnalyzer.scala. Using presentation compiler with project's scala-library version: 3.3.6
2025.10.08 01:09:43 INFO  no build target found for /home/alex/IdeaProjects/ILang/src/main/scala/parser/SyntaxAnalyzer.scala. Using presentation compiler with project's scala-library version: 3.3.6
2025.10.08 01:09:43 INFO  no build target found for /home/alex/IdeaProjects/ILang/src/main/scala/parser/SyntaxAnalyzer.scala. Using presentation compiler with project's scala-library version: 3.3.6
2025.10.08 01:09:43 INFO  no build target found for /home/alex/IdeaProjects/ILang/src/main/scala/parser/SyntaxAnalyzer.scala. Using presentation compiler with project's scala-library version: 3.3.6
2025.10.08 01:09:43 INFO  no build target found for /home/alex/IdeaProjects/ILang/src/main/scala/parser/SyntaxAnalyzer.scala. Using presentation compiler with project's scala-library version: 3.3.6
2025.10.08 01:09:43 INFO  no build target found for /home/alex/IdeaProjects/ILang/src/main/scala/parser/SyntaxAnalyzer.scala. Using presentation compiler with project's scala-library version: 3.3.6
2025.10.08 01:09:43 INFO  no build target found for /home/alex/IdeaProjects/ILang/src/main/scala/parser/SyntaxAnalyzer.scala. Using presentation compiler with project's scala-library version: 3.3.6
2025.10.08 01:09:43 INFO  no build target found for /home/alex/IdeaProjects/ILang/src/main/scala/parser/SyntaxAnalyzer.scala. Using presentation compiler with project's scala-library version: 3.3.6
2025.10.08 01:09:43 INFO  no build target found for /home/alex/IdeaProjects/ILang/src/main/scala/parser/SyntaxAnalyzer.scala. Using presentation compiler with project's scala-library version: 3.3.6
2025.10.08 01:09:43 INFO  no build target found for /home/alex/IdeaProjects/ILang/src/main/scala/parser/SyntaxAnalyzer.scala. Using presentation compiler with project's scala-library version: 3.3.6
2025.10.08 01:09:43 INFO  no build target found for /home/alex/IdeaProjects/ILang/src/main/scala/parser/SyntaxAnalyzer.scala. Using presentation compiler with project's scala-library version: 3.3.6
2025.10.08 01:09:43 INFO  no build target found for /home/alex/IdeaProjects/ILang/src/main/scala/parser/SyntaxAnalyzer.scala. Using presentation compiler with project's scala-library version: 3.3.6
2025.10.08 01:09:44 INFO  no build target found for /home/alex/IdeaProjects/ILang/src/main/scala/parser/SyntaxAnalyzer.scala. Using presentation compiler with project's scala-library version: 3.3.6
2025.10.08 01:09:43 INFO  no build target found for /home/alex/IdeaProjects/ILang/src/main/scala/parser/SyntaxAnalyzer.scala. Using presentation compiler with project's scala-library version: 3.3.6
Oct 08, 2025 1:09:44 AM org.eclipse.lsp4j.jsonrpc.RemoteEndpoint handleCancellation
WARNING: Unmatched cancel notification for request id 1545
2025.10.08 01:09:43 INFO  no build target found for /home/alex/IdeaProjects/ILang/src/main/scala/parser/SyntaxAnalyzer.scala. Using presentation compiler with project's scala-library version: 3.3.6
2025.10.08 01:09:44 INFO  no build target found for /home/alex/IdeaProjects/ILang/src/main/scala/parser/SyntaxAnalyzer.scala. Using presentation compiler with project's scala-library version: 3.3.6
2025.10.08 01:09:44 INFO  no build target found for /home/alex/IdeaProjects/ILang/src/main/scala/parser/SyntaxAnalyzer.scala. Using presentation compiler with project's scala-library version: 3.3.6
2025.10.08 01:09:44 INFO  no build target found for /home/alex/IdeaProjects/ILang/src/main/scala/parser/SyntaxAnalyzer.scala. Using presentation compiler with project's scala-library version: 3.3.6
2025.10.08 01:09:44 INFO  no build target found for /home/alex/IdeaProjects/ILang/src/main/scala/parser/SyntaxAnalyzer.scala. Using presentation compiler with project's scala-library version: 3.3.6
Oct 08, 2025 1:09:44 AM org.eclipse.lsp4j.jsonrpc.RemoteEndpoint handleCancellation
WARNING: Unmatched cancel notification for request id 1550
2025.10.08 01:09:44 INFO  no build target found for /home/alex/IdeaProjects/ILang/src/main/scala/parser/SyntaxAnalyzer.scala. Using presentation compiler with project's scala-library version: 3.3.6
2025.10.08 01:09:44 INFO  no build target found for /home/alex/IdeaProjects/ILang/src/main/scala/parser/SyntaxAnalyzer.scala. Using presentation compiler with project's scala-library version: 3.3.6
2025.10.08 01:09:44 INFO  no build target found for /home/alex/IdeaProjects/ILang/src/main/scala/parser/SyntaxAnalyzer.scala. Using presentation compiler with project's scala-library version: 3.3.6
2025.10.08 01:09:44 INFO  no build target found for /home/alex/IdeaProjects/ILang/src/main/scala/parser/SyntaxAnalyzer.scala. Using presentation compiler with project's scala-library version: 3.3.6
2025.10.08 01:09:44 INFO  no build target found for /home/alex/IdeaProjects/ILang/src/main/scala/parser/SyntaxAnalyzer.scala. Using presentation compiler with project's scala-library version: 3.3.6
2025.10.08 01:09:44 INFO  no build target found for /home/alex/IdeaProjects/ILang/src/main/scala/parser/SyntaxAnalyzer.scala. Using presentation compiler with project's scala-library version: 3.3.6
2025.10.08 01:09:44 INFO  no build target found for /home/alex/IdeaProjects/ILang/src/main/scala/parser/SyntaxAnalyzer.scala. Using presentation compiler with project's scala-library version: 3.3.6
2025.10.08 01:09:44 INFO  no build target found for /home/alex/IdeaProjects/ILang/src/main/scala/parser/SyntaxAnalyzer.scala. Using presentation compiler with project's scala-library version: 3.3.6
2025.10.08 01:09:44 INFO  no build target found for /home/alex/IdeaProjects/ILang/src/main/scala/parser/SyntaxAnalyzer.scala. Using presentation compiler with project's scala-library version: 3.3.6
2025.10.08 01:09:45 INFO  no build target found for /home/alex/IdeaProjects/ILang/src/main/scala/parser/SyntaxAnalyzer.scala. Using presentation compiler with project's scala-library version: 3.3.6
2025.10.08 01:09:44 INFO  no build target found for /home/alex/IdeaProjects/ILang/src/main/scala/parser/SyntaxAnalyzer.scala. Using presentation compiler with project's scala-library version: 3.3.6
2025.10.08 01:09:44 INFO  no build target found for /home/alex/IdeaProjects/ILang/src/main/scala/parser/SyntaxAnalyzer.scala. Using presentation compiler with project's scala-library version: 3.3.6
2025.10.08 01:09:44 INFO  no build target found for /home/alex/IdeaProjects/ILang/src/main/scala/parser/SyntaxAnalyzer.scala. Using presentation compiler with project's scala-library version: 3.3.6
2025.10.08 01:09:44 INFO  no build target found for /home/alex/IdeaProjects/ILang/src/main/scala/parser/SyntaxAnalyzer.scala. Using presentation compiler with project's scala-library version: 3.3.6
2025.10.08 01:09:45 INFO  no build target found for /home/alex/IdeaProjects/ILang/src/main/scala/parser/SyntaxAnalyzer.scala. Using presentation compiler with project's scala-library version: 3.3.6
2025.10.08 01:09:44 INFO  no build target found for /home/alex/IdeaProjects/ILang/src/main/scala/parser/SyntaxAnalyzer.scala. Using presentation compiler with project's scala-library version: 3.3.6
2025.10.08 01:09:45 INFO  no build target found for /home/alex/IdeaProjects/ILang/src/main/scala/parser/SyntaxAnalyzer.scala. Using presentation compiler with project's scala-library version: 3.3.6
Oct 08, 2025 1:09:45 AM org.eclipse.lsp4j.jsonrpc.RemoteEndpoint handleCancellation
WARNING: Unmatched cancel notification for request id 1564
2025.10.08 01:09:45 INFO  no build target found for /home/alex/IdeaProjects/ILang/src/main/scala/parser/SyntaxAnalyzer.scala. Using presentation compiler with project's scala-library version: 3.3.6
2025.10.08 01:09:45 INFO  no build target found for /home/alex/IdeaProjects/ILang/src/main/scala/parser/SyntaxAnalyzer.scala. Using presentation compiler with project's scala-library version: 3.3.6
2025.10.08 01:09:45 INFO  no build target found for /home/alex/IdeaProjects/ILang/src/main/scala/parser/SyntaxAnalyzer.scala. Using presentation compiler with project's scala-library version: 3.3.6
2025.10.08 01:09:45 INFO  no build target found for /home/alex/IdeaProjects/ILang/src/main/scala/parser/SyntaxAnalyzer.scala. Using presentation compiler with project's scala-library version: 3.3.6
2025.10.08 01:09:45 INFO  no build target found for /home/alex/IdeaProjects/ILang/src/main/scala/parser/SyntaxAnalyzer.scala. Using presentation compiler with project's scala-library version: 3.3.6
2025.10.08 01:09:45 INFO  no build target found for /home/alex/IdeaProjects/ILang/src/main/scala/parser/SyntaxAnalyzer.scala. Using presentation compiler with project's scala-library version: 3.3.6
2025.10.08 01:09:45 INFO  no build target found for /home/alex/IdeaProjects/ILang/src/main/scala/parser/SyntaxAnalyzer.scala. Using presentation compiler with project's scala-library version: 3.3.6
2025.10.08 01:09:45 INFO  no build target found for /home/alex/IdeaProjects/ILang/src/main/scala/parser/SyntaxAnalyzer.scala. Using presentation compiler with project's scala-library version: 3.3.6
2025.10.08 01:09:45 INFO  no build target found for /home/alex/IdeaProjects/ILang/src/main/scala/parser/SyntaxAnalyzer.scala. Using presentation compiler with project's scala-library version: 3.3.6
Oct 08, 2025 1:09:45 AM org.eclipse.lsp4j.jsonrpc.RemoteEndpoint handleCancellation
WARNING: Unmatched cancel notification for request id 1572
2025.10.08 01:09:45 INFO  no build target found for /home/alex/IdeaProjects/ILang/src/main/scala/parser/SyntaxAnalyzer.scala. Using presentation compiler with project's scala-library version: 3.3.6
Oct 08, 2025 1:09:45 AM org.eclipse.lsp4j.jsonrpc.RemoteEndpoint handleCancellation
WARNING: Unmatched cancel notification for request id 1573
2025.10.08 01:09:45 INFO  no build target found for /home/alex/IdeaProjects/ILang/src/main/scala/parser/SyntaxAnalyzer.scala. Using presentation compiler with project's scala-library version: 3.3.6
2025.10.08 01:09:45 INFO  no build target found for /home/alex/IdeaProjects/ILang/src/main/scala/parser/SyntaxAnalyzer.scala. Using presentation compiler with project's scala-library version: 3.3.6
2025.10.08 01:09:45 INFO  no build target found for /home/alex/IdeaProjects/ILang/src/main/scala/parser/SyntaxAnalyzer.scala. Using presentation compiler with project's scala-library version: 3.3.6
2025.10.08 01:09:45 INFO  no build target found for /home/alex/IdeaProjects/ILang/src/main/scala/parser/SyntaxAnalyzer.scala. Using presentation compiler with project's scala-library version: 3.3.6
2025.10.08 01:09:45 INFO  no build target found for /home/alex/IdeaProjects/ILang/src/main/scala/parser/SyntaxAnalyzer.scala. Using presentation compiler with project's scala-library version: 3.3.6
2025.10.08 01:09:45 INFO  no build target found for /home/alex/IdeaProjects/ILang/src/main/scala/parser/SyntaxAnalyzer.scala. Using presentation compiler with project's scala-library version: 3.3.6
2025.10.08 01:09:45 INFO  no build target found for /home/alex/IdeaProjects/ILang/src/main/scala/parser/SyntaxAnalyzer.scala. Using presentation compiler with project's scala-library version: 3.3.6
2025.10.08 01:09:45 INFO  no build target found for /home/alex/IdeaProjects/ILang/src/main/scala/parser/SyntaxAnalyzer.scala. Using presentation compiler with project's scala-library version: 3.3.6
2025.10.08 01:09:45 INFO  no build target found for /home/alex/IdeaProjects/ILang/src/main/scala/parser/SyntaxAnalyzer.scala. Using presentation compiler with project's scala-library version: 3.3.6
2025.10.08 01:09:45 INFO  no build target found for /home/alex/IdeaProjects/ILang/src/main/scala/parser/SyntaxAnalyzer.scala. Using presentation compiler with project's scala-library version: 3.3.6
2025.10.08 01:09:46 INFO  no build target found for /home/alex/IdeaProjects/ILang/src/main/scala/parser/SyntaxAnalyzer.scala. Using presentation compiler with project's scala-library version: 3.3.6
2025.10.08 01:09:46 INFO  no build target found for /home/alex/IdeaProjects/ILang/src/main/scala/parser/SyntaxAnalyzer.scala. Using presentation compiler with project's scala-library version: 3.3.6
2025.10.08 01:09:46 INFO  no build target found for /home/alex/IdeaProjects/ILang/src/main/scala/parser/SyntaxAnalyzer.scala. Using presentation compiler with project's scala-library version: 3.3.6
2025.10.08 01:09:46 INFO  no build target found for /home/alex/IdeaProjects/ILang/src/main/scala/parser/SyntaxAnalyzer.scala. Using presentation compiler with project's scala-library version: 3.3.6
2025.10.08 01:09:45 INFO  no build target found for /home/alex/IdeaProjects/ILang/src/main/scala/parser/SyntaxAnalyzer.scala. Using presentation compiler with project's scala-library version: 3.3.6
2025.10.08 01:09:46 INFO  no build target found for /home/alex/IdeaProjects/ILang/src/main/scala/parser/SyntaxAnalyzer.scala. Using presentation compiler with project's scala-library version: 3.3.6
2025.10.08 01:09:46 INFO  no build target found for /home/alex/IdeaProjects/ILang/src/main/scala/parser/SyntaxAnalyzer.scala. Using presentation compiler with project's scala-library version: 3.3.6
2025.10.08 01:09:46 INFO  no build target found for /home/alex/IdeaProjects/ILang/src/main/scala/parser/SyntaxAnalyzer.scala. Using presentation compiler with project's scala-library version: 3.3.6
2025.10.08 01:09:46 INFO  no build target found for /home/alex/IdeaProjects/ILang/src/main/scala/parser/SyntaxAnalyzer.scala. Using presentation compiler with project's scala-library version: 3.3.6
Oct 08, 2025 1:09:46 AM org.eclipse.lsp4j.jsonrpc.RemoteEndpoint handleCancellation
WARNING: Unmatched cancel notification for request id 1590
2025.10.08 01:09:46 INFO  no build target found for /home/alex/IdeaProjects/ILang/src/main/scala/parser/SyntaxAnalyzer.scala. Using presentation compiler with project's scala-library version: 3.3.6
Oct 08, 2025 1:09:46 AM org.eclipse.lsp4j.jsonrpc.RemoteEndpoint handleCancellation
WARNING: Unmatched cancel notification for request id 1591
2025.10.08 01:09:46 INFO  no build target found for /home/alex/IdeaProjects/ILang/src/main/scala/parser/SyntaxAnalyzer.scala. Using presentation compiler with project's scala-library version: 3.3.6
2025.10.08 01:09:47 INFO  no build target found for /home/alex/IdeaProjects/ILang/src/main/scala/parser/SyntaxAnalyzer.scala. Using presentation compiler with project's scala-library version: 3.3.6
2025.10.08 01:09:46 INFO  no build target found for /home/alex/IdeaProjects/ILang/src/main/scala/parser/SyntaxAnalyzer.scala. Using presentation compiler with project's scala-library version: 3.3.6
2025.10.08 01:09:46 INFO  no build target found for /home/alex/IdeaProjects/ILang/src/main/scala/parser/SyntaxAnalyzer.scala. Using presentation compiler with project's scala-library version: 3.3.6
2025.10.08 01:09:46 INFO  no build target found for /home/alex/IdeaProjects/ILang/src/main/scala/parser/SyntaxAnalyzer.scala. Using presentation compiler with project's scala-library version: 3.3.6
2025.10.08 01:09:46 INFO  no build target found for /home/alex/IdeaProjects/ILang/src/main/scala/parser/SyntaxAnalyzer.scala. Using presentation compiler with project's scala-library version: 3.3.6
2025.10.08 01:09:46 INFO  no build target found for /home/alex/IdeaProjects/ILang/src/main/scala/parser/SyntaxAnalyzer.scala. Using presentation compiler with project's scala-library version: 3.3.6
2025.10.08 01:09:47 INFO  no build target found for /home/alex/IdeaProjects/ILang/src/main/scala/parser/SyntaxAnalyzer.scala. Using presentation compiler with project's scala-library version: 3.3.6
2025.10.08 01:09:46 INFO  no build target found for /home/alex/IdeaProjects/ILang/src/main/scala/parser/SyntaxAnalyzer.scala. Using presentation compiler with project's scala-library version: 3.3.6
2025.10.08 01:09:46 INFO  no build target found for /home/alex/IdeaProjects/ILang/src/main/scala/parser/SyntaxAnalyzer.scala. Using presentation compiler with project's scala-library version: 3.3.6
2025.10.08 01:09:47 INFO  no build target found for /home/alex/IdeaProjects/ILang/src/main/scala/parser/SyntaxAnalyzer.scala. Using presentation compiler with project's scala-library version: 3.3.6
2025.10.08 01:09:47 INFO  no build target found for /home/alex/IdeaProjects/ILang/src/main/scala/parser/SyntaxAnalyzer.scala. Using presentation compiler with project's scala-library version: 3.3.6
2025.10.08 01:09:47 INFO  no build target found for /home/alex/IdeaProjects/ILang/src/main/scala/parser/SyntaxAnalyzer.scala. Using presentation compiler with project's scala-library version: 3.3.6
2025.10.08 01:09:47 INFO  no build target found for /home/alex/IdeaProjects/ILang/src/main/scala/parser/SyntaxAnalyzer.scala. Using presentation compiler with project's scala-library version: 3.3.6
2025.10.08 01:09:47 INFO  no build target found for /home/alex/IdeaProjects/ILang/src/main/scala/parser/SyntaxAnalyzer.scala. Using presentation compiler with project's scala-library version: 3.3.6
2025.10.08 01:09:47 INFO  no build target found for /home/alex/IdeaProjects/ILang/src/main/scala/parser/SyntaxAnalyzer.scala. Using presentation compiler with project's scala-library version: 3.3.6
2025.10.08 01:09:47 INFO  no build target found for /home/alex/IdeaProjects/ILang/src/main/scala/parser/SyntaxAnalyzer.scala. Using presentation compiler with project's scala-library version: 3.3.6
2025.10.08 01:09:47 INFO  no build target found for /home/alex/IdeaProjects/ILang/src/main/scala/parser/SyntaxAnalyzer.scala. Using presentation compiler with project's scala-library version: 3.3.6
Oct 08, 2025 1:09:47 AM org.eclipse.lsp4j.jsonrpc.RemoteEndpoint handleCancellation
WARNING: Unmatched cancel notification for request id 1607
2025.10.08 01:09:47 INFO  no build target found for /home/alex/IdeaProjects/ILang/src/main/scala/parser/SyntaxAnalyzer.scala. Using presentation compiler with project's scala-library version: 3.3.6
2025.10.08 01:09:47 INFO  no build target found for /home/alex/IdeaProjects/ILang/src/main/scala/parser/SyntaxAnalyzer.scala. Using presentation compiler with project's scala-library version: 3.3.6
2025.10.08 01:09:47 INFO  no build target found for /home/alex/IdeaProjects/ILang/src/main/scala/parser/SyntaxAnalyzer.scala. Using presentation compiler with project's scala-library version: 3.3.6
2025.10.08 01:09:47 INFO  no build target found for /home/alex/IdeaProjects/ILang/src/main/scala/parser/SyntaxAnalyzer.scala. Using presentation compiler with project's scala-library version: 3.3.6
2025.10.08 01:09:47 INFO  no build target found for /home/alex/IdeaProjects/ILang/src/main/scala/parser/SyntaxAnalyzer.scala. Using presentation compiler with project's scala-library version: 3.3.6
Oct 08, 2025 1:09:48 AM org.eclipse.lsp4j.jsonrpc.RemoteEndpoint handleCancellation
WARNING: Unmatched cancel notification for request id 1611
2025.10.08 01:09:47 INFO  no build target found for /home/alex/IdeaProjects/ILang/src/main/scala/parser/SyntaxAnalyzer.scala. Using presentation compiler with project's scala-library version: 3.3.6
Oct 08, 2025 1:09:48 AM org.eclipse.lsp4j.jsonrpc.RemoteEndpoint handleCancellation
WARNING: Unmatched cancel notification for request id 1612
2025.10.08 01:09:47 INFO  no build target found for /home/alex/IdeaProjects/ILang/src/main/scala/parser/SyntaxAnalyzer.scala. Using presentation compiler with project's scala-library version: 3.3.6
2025.10.08 01:09:48 INFO  no build target found for /home/alex/IdeaProjects/ILang/src/main/scala/parser/SyntaxAnalyzer.scala. Using presentation compiler with project's scala-library version: 3.3.6
2025.10.08 01:09:47 INFO  no build target found for /home/alex/IdeaProjects/ILang/src/main/scala/parser/SyntaxAnalyzer.scala. Using presentation compiler with project's scala-library version: 3.3.6
2025.10.08 01:09:47 INFO  no build target found for /home/alex/IdeaProjects/ILang/src/main/scala/parser/SyntaxAnalyzer.scala. Using presentation compiler with project's scala-library version: 3.3.6
2025.10.08 01:09:47 INFO  no build target found for /home/alex/IdeaProjects/ILang/src/main/scala/parser/SyntaxAnalyzer.scala. Using presentation compiler with project's scala-library version: 3.3.6
2025.10.08 01:09:47 INFO  no build target found for /home/alex/IdeaProjects/ILang/src/main/scala/parser/SyntaxAnalyzer.scala. Using presentation compiler with project's scala-library version: 3.3.6
2025.10.08 01:09:48 INFO  no build target found for /home/alex/IdeaProjects/ILang/src/main/scala/parser/SyntaxAnalyzer.scala. Using presentation compiler with project's scala-library version: 3.3.6
2025.10.08 01:09:48 INFO  no build target found for /home/alex/IdeaProjects/ILang/src/main/scala/parser/SyntaxAnalyzer.scala. Using presentation compiler with project's scala-library version: 3.3.6
2025.10.08 01:09:48 INFO  no build target found for /home/alex/IdeaProjects/ILang/src/main/scala/parser/SyntaxAnalyzer.scala. Using presentation compiler with project's scala-library version: 3.3.6
Oct 08, 2025 1:09:48 AM org.eclipse.lsp4j.jsonrpc.RemoteEndpoint handleCancellation
WARNING: Unmatched cancel notification for request id 1620
2025.10.08 01:09:48 INFO  no build target found for /home/alex/IdeaProjects/ILang/src/main/scala/parser/SyntaxAnalyzer.scala. Using presentation compiler with project's scala-library version: 3.3.6
2025.10.08 01:09:48 INFO  no build target found for /home/alex/IdeaProjects/ILang/src/main/scala/parser/SyntaxAnalyzer.scala. Using presentation compiler with project's scala-library version: 3.3.6
2025.10.08 01:09:48 INFO  no build target found for /home/alex/IdeaProjects/ILang/src/main/scala/parser/SyntaxAnalyzer.scala. Using presentation compiler with project's scala-library version: 3.3.6
2025.10.08 01:09:48 INFO  no build target found for /home/alex/IdeaProjects/ILang/src/main/scala/parser/SyntaxAnalyzer.scala. Using presentation compiler with project's scala-library version: 3.3.6
2025.10.08 01:09:48 INFO  no build target found for /home/alex/IdeaProjects/ILang/src/main/scala/parser/SyntaxAnalyzer.scala. Using presentation compiler with project's scala-library version: 3.3.6
2025.10.08 01:09:48 INFO  no build target found for /home/alex/IdeaProjects/ILang/src/main/scala/parser/SyntaxAnalyzer.scala. Using presentation compiler with project's scala-library version: 3.3.6
2025.10.08 01:09:48 INFO  no build target found for /home/alex/IdeaProjects/ILang/src/main/scala/parser/SyntaxAnalyzer.scala. Using presentation compiler with project's scala-library version: 3.3.6
2025.10.08 01:09:48 INFO  no build target found for /home/alex/IdeaProjects/ILang/src/main/scala/parser/SyntaxAnalyzer.scala. Using presentation compiler with project's scala-library version: 3.3.6
2025.10.08 01:09:48 INFO  no build target found for /home/alex/IdeaProjects/ILang/src/main/scala/parser/SyntaxAnalyzer.scala. Using presentation compiler with project's scala-library version: 3.3.6
2025.10.08 01:09:48 INFO  no build target found for /home/alex/IdeaProjects/ILang/src/main/scala/parser/SyntaxAnalyzer.scala. Using presentation compiler with project's scala-library version: 3.3.6
2025.10.08 01:09:48 INFO  no build target found for /home/alex/IdeaProjects/ILang/src/main/scala/parser/SyntaxAnalyzer.scala. Using presentation compiler with project's scala-library version: 3.3.6
Oct 08, 2025 1:09:49 AM org.eclipse.lsp4j.jsonrpc.RemoteEndpoint handleCancellation
WARNING: Unmatched cancel notification for request id 1630
2025.10.08 01:09:48 INFO  no build target found for /home/alex/IdeaProjects/ILang/src/main/scala/parser/SyntaxAnalyzer.scala. Using presentation compiler with project's scala-library version: 3.3.6
2025.10.08 01:09:48 INFO  no build target found for /home/alex/IdeaProjects/ILang/src/main/scala/parser/SyntaxAnalyzer.scala. Using presentation compiler with project's scala-library version: 3.3.6
2025.10.08 01:09:48 INFO  no build target found for /home/alex/IdeaProjects/ILang/src/main/scala/parser/SyntaxAnalyzer.scala. Using presentation compiler with project's scala-library version: 3.3.6
2025.10.08 01:09:48 INFO  no build target found for /home/alex/IdeaProjects/ILang/src/main/scala/parser/SyntaxAnalyzer.scala. Using presentation compiler with project's scala-library version: 3.3.6
2025.10.08 01:09:48 INFO  no build target found for /home/alex/IdeaProjects/ILang/src/main/scala/parser/SyntaxAnalyzer.scala. Using presentation compiler with project's scala-library version: 3.3.6
2025.10.08 01:09:49 INFO  no build target found for /home/alex/IdeaProjects/ILang/src/main/scala/parser/SyntaxAnalyzer.scala. Using presentation compiler with project's scala-library version: 3.3.6
2025.10.08 01:09:49 INFO  no build target found for /home/alex/IdeaProjects/ILang/src/main/scala/parser/SyntaxAnalyzer.scala. Using presentation compiler with project's scala-library version: 3.3.6
2025.10.08 01:09:49 INFO  no build target found for /home/alex/IdeaProjects/ILang/src/main/scala/parser/SyntaxAnalyzer.scala. Using presentation compiler with project's scala-library version: 3.3.6
2025.10.08 01:09:49 INFO  no build target found for /home/alex/IdeaProjects/ILang/src/main/scala/parser/SyntaxAnalyzer.scala. Using presentation compiler with project's scala-library version: 3.3.6
Oct 08, 2025 1:09:49 AM org.eclipse.lsp4j.jsonrpc.RemoteEndpoint handleCancellation
WARNING: Unmatched cancel notification for request id 1638
2025.10.08 01:09:49 INFO  no build target found for /home/alex/IdeaProjects/ILang/src/main/scala/parser/SyntaxAnalyzer.scala. Using presentation compiler with project's scala-library version: 3.3.6
2025.10.08 01:09:49 INFO  no build target found for /home/alex/IdeaProjects/ILang/src/main/scala/parser/SyntaxAnalyzer.scala. Using presentation compiler with project's scala-library version: 3.3.6
2025.10.08 01:09:49 INFO  no build target found for /home/alex/IdeaProjects/ILang/src/main/scala/parser/SyntaxAnalyzer.scala. Using presentation compiler with project's scala-library version: 3.3.6
2025.10.08 01:09:49 INFO  no build target found for /home/alex/IdeaProjects/ILang/src/main/scala/parser/SyntaxAnalyzer.scala. Using presentation compiler with project's scala-library version: 3.3.6
2025.10.08 01:09:49 INFO  no build target found for /home/alex/IdeaProjects/ILang/src/main/scala/parser/SyntaxAnalyzer.scala. Using presentation compiler with project's scala-library version: 3.3.6
2025.10.08 01:09:49 INFO  no build target found for /home/alex/IdeaProjects/ILang/src/main/scala/parser/SyntaxAnalyzer.scala. Using presentation compiler with project's scala-library version: 3.3.6
2025.10.08 01:09:49 INFO  no build target found for /home/alex/IdeaProjects/ILang/src/main/scala/parser/SyntaxAnalyzer.scala. Using presentation compiler with project's scala-library version: 3.3.6
2025.10.08 01:09:49 INFO  no build target found for /home/alex/IdeaProjects/ILang/src/main/scala/parser/SyntaxAnalyzer.scala. Using presentation compiler with project's scala-library version: 3.3.6
2025.10.08 01:09:50 INFO  no build target found for /home/alex/IdeaProjects/ILang/src/main/scala/parser/SyntaxAnalyzer.scala. Using presentation compiler with project's scala-library version: 3.3.6
2025.10.08 01:09:49 INFO  no build target found for /home/alex/IdeaProjects/ILang/src/main/scala/parser/SyntaxAnalyzer.scala. Using presentation compiler with project's scala-library version: 3.3.6
2025.10.08 01:09:49 INFO  no build target found for /home/alex/IdeaProjects/ILang/src/main/scala/parser/SyntaxAnalyzer.scala. Using presentation compiler with project's scala-library version: 3.3.6
2025.10.08 01:09:49 INFO  no build target found for /home/alex/IdeaProjects/ILang/src/main/scala/parser/SyntaxAnalyzer.scala. Using presentation compiler with project's scala-library version: 3.3.6
2025.10.08 01:09:49 INFO  no build target found for /home/alex/IdeaProjects/ILang/src/main/scala/parser/SyntaxAnalyzer.scala. Using presentation compiler with project's scala-library version: 3.3.6
2025.10.08 01:09:49 INFO  no build target found for /home/alex/IdeaProjects/ILang/src/main/scala/parser/SyntaxAnalyzer.scala. Using presentation compiler with project's scala-library version: 3.3.6
2025.10.08 01:09:49 INFO  no build target found for /home/alex/IdeaProjects/ILang/src/main/scala/parser/SyntaxAnalyzer.scala. Using presentation compiler with project's scala-library version: 3.3.6
2025.10.08 01:09:50 INFO  no build target found for /home/alex/IdeaProjects/ILang/src/main/scala/parser/SyntaxAnalyzer.scala. Using presentation compiler with project's scala-library version: 3.3.6
2025.10.08 01:09:49 INFO  no build target found for /home/alex/IdeaProjects/ILang/src/main/scala/parser/SyntaxAnalyzer.scala. Using presentation compiler with project's scala-library version: 3.3.6
2025.10.08 01:09:50 INFO  no build target found for /home/alex/IdeaProjects/ILang/src/main/scala/parser/SyntaxAnalyzer.scala. Using presentation compiler with project's scala-library version: 3.3.6
2025.10.08 01:09:50 INFO  no build target found for /home/alex/IdeaProjects/ILang/src/main/scala/parser/SyntaxAnalyzer.scala. Using presentation compiler with project's scala-library version: 3.3.6
2025.10.08 01:09:50 INFO  no build target found for /home/alex/IdeaProjects/ILang/src/main/scala/parser/SyntaxAnalyzer.scala. Using presentation compiler with project's scala-library version: 3.3.6
2025.10.08 01:09:50 INFO  no build target found for /home/alex/IdeaProjects/ILang/src/main/scala/parser/SyntaxAnalyzer.scala. Using presentation compiler with project's scala-library version: 3.3.6
2025.10.08 01:09:50 INFO  no build target found for /home/alex/IdeaProjects/ILang/src/main/scala/parser/SyntaxAnalyzer.scala. Using presentation compiler with project's scala-library version: 3.3.6
2025.10.08 01:09:50 INFO  no build target found for /home/alex/IdeaProjects/ILang/src/main/scala/parser/SyntaxAnalyzer.scala. Using presentation compiler with project's scala-library version: 3.3.6
Oct 08, 2025 1:09:50 AM org.eclipse.lsp4j.jsonrpc.RemoteEndpoint handleCancellation
WARNING: Unmatched cancel notification for request id 1658
2025.10.08 01:09:50 INFO  no build target found for /home/alex/IdeaProjects/ILang/src/main/scala/parser/SyntaxAnalyzer.scala. Using presentation compiler with project's scala-library version: 3.3.6
2025.10.08 01:09:50 INFO  no build target found for /home/alex/IdeaProjects/ILang/src/main/scala/parser/SyntaxAnalyzer.scala. Using presentation compiler with project's scala-library version: 3.3.6
2025.10.08 01:09:50 INFO  no build target found for /home/alex/IdeaProjects/ILang/src/main/scala/parser/SyntaxAnalyzer.scala. Using presentation compiler with project's scala-library version: 3.3.6
2025.10.08 01:09:50 INFO  no build target found for /home/alex/IdeaProjects/ILang/src/main/scala/parser/SyntaxAnalyzer.scala. Using presentation compiler with project's scala-library version: 3.3.6
2025.10.08 01:09:50 INFO  no build target found for /home/alex/IdeaProjects/ILang/src/main/scala/parser/SyntaxAnalyzer.scala. Using presentation compiler with project's scala-library version: 3.3.6
2025.10.08 01:09:51 INFO  no build target found for /home/alex/IdeaProjects/ILang/src/main/scala/parser/SyntaxAnalyzer.scala. Using presentation compiler with project's scala-library version: 3.3.6
2025.10.08 01:09:50 INFO  no build target found for /home/alex/IdeaProjects/ILang/src/main/scala/parser/SyntaxAnalyzer.scala. Using presentation compiler with project's scala-library version: 3.3.6
2025.10.08 01:09:50 INFO  no build target found for /home/alex/IdeaProjects/ILang/src/main/scala/parser/SyntaxAnalyzer.scala. Using presentation compiler with project's scala-library version: 3.3.6
2025.10.08 01:09:50 INFO  no build target found for /home/alex/IdeaProjects/ILang/src/main/scala/parser/SyntaxAnalyzer.scala. Using presentation compiler with project's scala-library version: 3.3.6
Oct 08, 2025 1:09:51 AM org.eclipse.lsp4j.jsonrpc.RemoteEndpoint handleCancellation
WARNING: Unmatched cancel notification for request id 1666
2025.10.08 01:09:50 INFO  no build target found for /home/alex/IdeaProjects/ILang/src/main/scala/parser/SyntaxAnalyzer.scala. Using presentation compiler with project's scala-library version: 3.3.6
2025.10.08 01:09:50 INFO  no build target found for /home/alex/IdeaProjects/ILang/src/main/scala/parser/SyntaxAnalyzer.scala. Using presentation compiler with project's scala-library version: 3.3.6
2025.10.08 01:09:50 INFO  no build target found for /home/alex/IdeaProjects/ILang/src/main/scala/parser/SyntaxAnalyzer.scala. Using presentation compiler with project's scala-library version: 3.3.6
2025.10.08 01:09:51 INFO  no build target found for /home/alex/IdeaProjects/ILang/src/main/scala/parser/SyntaxAnalyzer.scala. Using presentation compiler with project's scala-library version: 3.3.6
2025.10.08 01:09:50 INFO  no build target found for /home/alex/IdeaProjects/ILang/src/main/scala/parser/SyntaxAnalyzer.scala. Using presentation compiler with project's scala-library version: 3.3.6
2025.10.08 01:09:50 INFO  no build target found for /home/alex/IdeaProjects/ILang/src/main/scala/parser/SyntaxAnalyzer.scala. Using presentation compiler with project's scala-library version: 3.3.6
2025.10.08 01:09:51 INFO  no build target found for /home/alex/IdeaProjects/ILang/src/main/scala/parser/SyntaxAnalyzer.scala. Using presentation compiler with project's scala-library version: 3.3.6
2025.10.08 01:09:51 INFO  no build target found for /home/alex/IdeaProjects/ILang/src/main/scala/parser/SyntaxAnalyzer.scala. Using presentation compiler with project's scala-library version: 3.3.6
2025.10.08 01:09:51 INFO  no build target found for /home/alex/IdeaProjects/ILang/src/main/scala/parser/SyntaxAnalyzer.scala. Using presentation compiler with project's scala-library version: 3.3.6
2025.10.08 01:09:51 INFO  no build target found for /home/alex/IdeaProjects/ILang/src/main/scala/parser/SyntaxAnalyzer.scala. Using presentation compiler with project's scala-library version: 3.3.6
2025.10.08 01:09:51 INFO  no build target found for /home/alex/IdeaProjects/ILang/src/main/scala/parser/SyntaxAnalyzer.scala. Using presentation compiler with project's scala-library version: 3.3.6
2025.10.08 01:09:51 INFO  no build target found for /home/alex/IdeaProjects/ILang/src/main/scala/parser/SyntaxAnalyzer.scala. Using presentation compiler with project's scala-library version: 3.3.6
2025.10.08 01:09:51 INFO  no build target found for /home/alex/IdeaProjects/ILang/src/main/scala/parser/SyntaxAnalyzer.scala. Using presentation compiler with project's scala-library version: 3.3.6
2025.10.08 01:09:51 INFO  no build target found for /home/alex/IdeaProjects/ILang/src/main/scala/parser/SyntaxAnalyzer.scala. Using presentation compiler with project's scala-library version: 3.3.6
Oct 08, 2025 1:09:52 AM org.eclipse.lsp4j.jsonrpc.RemoteEndpoint handleCancellation
WARNING: Unmatched cancel notification for request id 1678
2025.10.08 01:09:51 INFO  no build target found for /home/alex/IdeaProjects/ILang/src/main/scala/parser/SyntaxAnalyzer.scala. Using presentation compiler with project's scala-library version: 3.3.6
2025.10.08 01:09:51 INFO  no build target found for /home/alex/IdeaProjects/ILang/src/main/scala/parser/SyntaxAnalyzer.scala. Using presentation compiler with project's scala-library version: 3.3.6
2025.10.08 01:09:51 INFO  no build target found for /home/alex/IdeaProjects/ILang/src/main/scala/parser/SyntaxAnalyzer.scala. Using presentation compiler with project's scala-library version: 3.3.6
2025.10.08 01:09:51 INFO  no build target found for /home/alex/IdeaProjects/ILang/src/main/scala/parser/SyntaxAnalyzer.scala. Using presentation compiler with project's scala-library version: 3.3.6
2025.10.08 01:09:51 INFO  no build target found for /home/alex/IdeaProjects/ILang/src/main/scala/parser/SyntaxAnalyzer.scala. Using presentation compiler with project's scala-library version: 3.3.6
2025.10.08 01:09:51 INFO  no build target found for /home/alex/IdeaProjects/ILang/src/main/scala/parser/SyntaxAnalyzer.scala. Using presentation compiler with project's scala-library version: 3.3.6
2025.10.08 01:09:51 INFO  no build target found for /home/alex/IdeaProjects/ILang/src/main/scala/parser/SyntaxAnalyzer.scala. Using presentation compiler with project's scala-library version: 3.3.6
2025.10.08 01:09:51 INFO  no build target found for /home/alex/IdeaProjects/ILang/src/main/scala/parser/SyntaxAnalyzer.scala. Using presentation compiler with project's scala-library version: 3.3.6
2025.10.08 01:09:51 INFO  no build target found for /home/alex/IdeaProjects/ILang/src/main/scala/parser/SyntaxAnalyzer.scala. Using presentation compiler with project's scala-library version: 3.3.6
2025.10.08 01:09:52 INFO  no build target found for /home/alex/IdeaProjects/ILang/src/main/scala/parser/SyntaxAnalyzer.scala. Using presentation compiler with project's scala-library version: 3.3.6
2025.10.08 01:09:52 INFO  no build target found for /home/alex/IdeaProjects/ILang/src/main/scala/parser/SyntaxAnalyzer.scala. Using presentation compiler with project's scala-library version: 3.3.6
2025.10.08 01:09:52 INFO  no build target found for /home/alex/IdeaProjects/ILang/src/main/scala/parser/SyntaxAnalyzer.scala. Using presentation compiler with project's scala-library version: 3.3.6
2025.10.08 01:09:52 INFO  no build target found for /home/alex/IdeaProjects/ILang/src/main/scala/parser/SyntaxAnalyzer.scala. Using presentation compiler with project's scala-library version: 3.3.6
2025.10.08 01:09:52 INFO  no build target found for /home/alex/IdeaProjects/ILang/src/main/scala/parser/SyntaxAnalyzer.scala. Using presentation compiler with project's scala-library version: 3.3.6
2025.10.08 01:09:52 INFO  no build target found for /home/alex/IdeaProjects/ILang/src/main/scala/parser/SyntaxAnalyzer.scala. Using presentation compiler with project's scala-library version: 3.3.6
2025.10.08 01:09:52 INFO  no build target found for /home/alex/IdeaProjects/ILang/src/main/scala/parser/SyntaxAnalyzer.scala. Using presentation compiler with project's scala-library version: 3.3.6
2025.10.08 01:09:52 INFO  no build target found for /home/alex/IdeaProjects/ILang/src/main/scala/parser/SyntaxAnalyzer.scala. Using presentation compiler with project's scala-library version: 3.3.6
Oct 08, 2025 1:09:53 AM org.eclipse.lsp4j.jsonrpc.RemoteEndpoint handleCancellation
WARNING: Unmatched cancel notification for request id 1694
2025.10.08 01:09:52 INFO  no build target found for /home/alex/IdeaProjects/ILang/src/main/scala/parser/SyntaxAnalyzer.scala. Using presentation compiler with project's scala-library version: 3.3.6
2025.10.08 01:09:53 INFO  no build target found for /home/alex/IdeaProjects/ILang/src/main/scala/parser/SyntaxAnalyzer.scala. Using presentation compiler with project's scala-library version: 3.3.6
2025.10.08 01:09:52 INFO  no build target found for /home/alex/IdeaProjects/ILang/src/main/scala/parser/SyntaxAnalyzer.scala. Using presentation compiler with project's scala-library version: 3.3.6
2025.10.08 01:09:52 INFO  no build target found for /home/alex/IdeaProjects/ILang/src/main/scala/parser/SyntaxAnalyzer.scala. Using presentation compiler with project's scala-library version: 3.3.6
2025.10.08 01:09:52 INFO  no build target found for /home/alex/IdeaProjects/ILang/src/main/scala/parser/SyntaxAnalyzer.scala. Using presentation compiler with project's scala-library version: 3.3.6
2025.10.08 01:09:52 INFO  no build target found for /home/alex/IdeaProjects/ILang/src/main/scala/parser/SyntaxAnalyzer.scala. Using presentation compiler with project's scala-library version: 3.3.6
2025.10.08 01:09:52 INFO  no build target found for /home/alex/IdeaProjects/ILang/src/main/scala/parser/SyntaxAnalyzer.scala. Using presentation compiler with project's scala-library version: 3.3.6
2025.10.08 01:09:53 INFO  no build target found for /home/alex/IdeaProjects/ILang/src/main/scala/parser/SyntaxAnalyzer.scala. Using presentation compiler with project's scala-library version: 3.3.6
2025.10.08 01:09:52 INFO  no build target found for /home/alex/IdeaProjects/ILang/src/main/scala/parser/SyntaxAnalyzer.scala. Using presentation compiler with project's scala-library version: 3.3.6
2025.10.08 01:09:52 INFO  no build target found for /home/alex/IdeaProjects/ILang/src/main/scala/parser/SyntaxAnalyzer.scala. Using presentation compiler with project's scala-library version: 3.3.6
2025.10.08 01:09:52 INFO  no build target found for /home/alex/IdeaProjects/ILang/src/main/scala/parser/SyntaxAnalyzer.scala. Using presentation compiler with project's scala-library version: 3.3.6
Oct 08, 2025 1:09:53 AM org.eclipse.lsp4j.jsonrpc.RemoteEndpoint handleCancellation
WARNING: Unmatched cancel notification for request id 1704
2025.10.08 01:09:52 INFO  no build target found for /home/alex/IdeaProjects/ILang/src/main/scala/parser/SyntaxAnalyzer.scala. Using presentation compiler with project's scala-library version: 3.3.6
2025.10.08 01:09:53 INFO  no build target found for /home/alex/IdeaProjects/ILang/src/main/scala/parser/SyntaxAnalyzer.scala. Using presentation compiler with project's scala-library version: 3.3.6
2025.10.08 01:09:52 INFO  no build target found for /home/alex/IdeaProjects/ILang/src/main/scala/parser/SyntaxAnalyzer.scala. Using presentation compiler with project's scala-library version: 3.3.6
2025.10.08 01:09:53 INFO  no build target found for /home/alex/IdeaProjects/ILang/src/main/scala/parser/SyntaxAnalyzer.scala. Using presentation compiler with project's scala-library version: 3.3.6
2025.10.08 01:09:53 INFO  no build target found for /home/alex/IdeaProjects/ILang/src/main/scala/parser/SyntaxAnalyzer.scala. Using presentation compiler with project's scala-library version: 3.3.6
2025.10.08 01:09:53 INFO  no build target found for /home/alex/IdeaProjects/ILang/src/main/scala/parser/SyntaxAnalyzer.scala. Using presentation compiler with project's scala-library version: 3.3.6
2025.10.08 01:09:53 INFO  no build target found for /home/alex/IdeaProjects/ILang/src/main/scala/parser/SyntaxAnalyzer.scala. Using presentation compiler with project's scala-library version: 3.3.6
2025.10.08 01:09:53 INFO  no build target found for /home/alex/IdeaProjects/ILang/src/main/scala/parser/SyntaxAnalyzer.scala. Using presentation compiler with project's scala-library version: 3.3.6
2025.10.08 01:09:53 INFO  no build target found for /home/alex/IdeaProjects/ILang/src/main/scala/parser/SyntaxAnalyzer.scala. Using presentation compiler with project's scala-library version: 3.3.6
2025.10.08 01:09:53 INFO  no build target found for /home/alex/IdeaProjects/ILang/src/main/scala/parser/SyntaxAnalyzer.scala. Using presentation compiler with project's scala-library version: 3.3.6
2025.10.08 01:09:53 INFO  no build target found for /home/alex/IdeaProjects/ILang/src/main/scala/parser/SyntaxAnalyzer.scala. Using presentation compiler with project's scala-library version: 3.3.6
2025.10.08 01:09:53 INFO  no build target found for /home/alex/IdeaProjects/ILang/src/main/scala/parser/SyntaxAnalyzer.scala. Using presentation compiler with project's scala-library version: 3.3.6
2025.10.08 01:09:53 INFO  no build target found for /home/alex/IdeaProjects/ILang/src/main/scala/parser/SyntaxAnalyzer.scala. Using presentation compiler with project's scala-library version: 3.3.6
2025.10.08 01:09:53 INFO  no build target found for /home/alex/IdeaProjects/ILang/src/main/scala/parser/SyntaxAnalyzer.scala. Using presentation compiler with project's scala-library version: 3.3.6
2025.10.08 01:09:53 INFO  no build target found for /home/alex/IdeaProjects/ILang/src/main/scala/parser/SyntaxAnalyzer.scala. Using presentation compiler with project's scala-library version: 3.3.6
2025.10.08 01:09:53 INFO  no build target found for /home/alex/IdeaProjects/ILang/src/main/scala/parser/SyntaxAnalyzer.scala. Using presentation compiler with project's scala-library version: 3.3.6
2025.10.08 01:09:53 INFO  no build target found for /home/alex/IdeaProjects/ILang/src/main/scala/parser/SyntaxAnalyzer.scala. Using presentation compiler with project's scala-library version: 3.3.6
2025.10.08 01:09:53 INFO  no build target found for /home/alex/IdeaProjects/ILang/src/main/scala/parser/SyntaxAnalyzer.scala. Using presentation compiler with project's scala-library version: 3.3.6
2025.10.08 01:09:53 INFO  no build target found for /home/alex/IdeaProjects/ILang/src/main/scala/parser/SyntaxAnalyzer.scala. Using presentation compiler with project's scala-library version: 3.3.6
2025.10.08 01:09:53 INFO  no build target found for /home/alex/IdeaProjects/ILang/src/main/scala/parser/SyntaxAnalyzer.scala. Using presentation compiler with project's scala-library version: 3.3.6
2025.10.08 01:09:53 INFO  no build target found for /home/alex/IdeaProjects/ILang/src/main/scala/parser/SyntaxAnalyzer.scala. Using presentation compiler with project's scala-library version: 3.3.6
2025.10.08 01:09:53 INFO  no build target found for /home/alex/IdeaProjects/ILang/src/main/scala/parser/SyntaxAnalyzer.scala. Using presentation compiler with project's scala-library version: 3.3.6
2025.10.08 01:09:53 INFO  no build target found for /home/alex/IdeaProjects/ILang/src/main/scala/parser/SyntaxAnalyzer.scala. Using presentation compiler with project's scala-library version: 3.3.6
2025.10.08 01:09:54 INFO  no build target found for /home/alex/IdeaProjects/ILang/src/main/scala/parser/SyntaxAnalyzer.scala. Using presentation compiler with project's scala-library version: 3.3.6
Oct 08, 2025 1:09:54 AM org.eclipse.lsp4j.jsonrpc.RemoteEndpoint handleCancellation
WARNING: Unmatched cancel notification for request id 1727
2025.10.08 01:09:53 INFO  no build target found for /home/alex/IdeaProjects/ILang/src/main/scala/parser/SyntaxAnalyzer.scala. Using presentation compiler with project's scala-library version: 3.3.6
2025.10.08 01:09:54 INFO  no build target found for /home/alex/IdeaProjects/ILang/src/main/scala/parser/SyntaxAnalyzer.scala. Using presentation compiler with project's scala-library version: 3.3.6
2025.10.08 01:09:54 INFO  no build target found for /home/alex/IdeaProjects/ILang/src/main/scala/parser/SyntaxAnalyzer.scala. Using presentation compiler with project's scala-library version: 3.3.6
2025.10.08 01:09:54 INFO  no build target found for /home/alex/IdeaProjects/ILang/src/main/scala/parser/SyntaxAnalyzer.scala. Using presentation compiler with project's scala-library version: 3.3.6
2025.10.08 01:09:54 INFO  no build target found for /home/alex/IdeaProjects/ILang/src/main/scala/parser/SyntaxAnalyzer.scala. Using presentation compiler with project's scala-library version: 3.3.6
2025.10.08 01:09:54 INFO  no build target found for /home/alex/IdeaProjects/ILang/src/main/scala/parser/SyntaxAnalyzer.scala. Using presentation compiler with project's scala-library version: 3.3.6
2025.10.08 01:09:54 INFO  no build target found for /home/alex/IdeaProjects/ILang/src/main/scala/parser/SyntaxAnalyzer.scala. Using presentation compiler with project's scala-library version: 3.3.6
2025.10.08 01:09:54 INFO  no build target found for /home/alex/IdeaProjects/ILang/src/main/scala/parser/SyntaxAnalyzer.scala. Using presentation compiler with project's scala-library version: 3.3.6
2025.10.08 01:09:54 INFO  no build target found for /home/alex/IdeaProjects/ILang/src/main/scala/parser/SyntaxAnalyzer.scala. Using presentation compiler with project's scala-library version: 3.3.6
2025.10.08 01:09:54 INFO  no build target found for /home/alex/IdeaProjects/ILang/src/main/scala/parser/SyntaxAnalyzer.scala. Using presentation compiler with project's scala-library version: 3.3.6
2025.10.08 01:09:54 INFO  no build target found for /home/alex/IdeaProjects/ILang/src/main/scala/parser/SyntaxAnalyzer.scala. Using presentation compiler with project's scala-library version: 3.3.6
2025.10.08 01:09:54 INFO  no build target found for /home/alex/IdeaProjects/ILang/src/main/scala/parser/SyntaxAnalyzer.scala. Using presentation compiler with project's scala-library version: 3.3.6
2025.10.08 01:09:54 INFO  no build target found for /home/alex/IdeaProjects/ILang/src/main/scala/parser/SyntaxAnalyzer.scala. Using presentation compiler with project's scala-library version: 3.3.6
2025.10.08 01:09:54 INFO  no build target found for /home/alex/IdeaProjects/ILang/src/main/scala/parser/SyntaxAnalyzer.scala. Using presentation compiler with project's scala-library version: 3.3.6
2025.10.08 01:09:54 INFO  no build target found for /home/alex/IdeaProjects/ILang/src/main/scala/parser/SyntaxAnalyzer.scala. Using presentation compiler with project's scala-library version: 3.3.6
2025.10.08 01:09:54 INFO  no build target found for /home/alex/IdeaProjects/ILang/src/main/scala/parser/SyntaxAnalyzer.scala. Using presentation compiler with project's scala-library version: 3.3.6
2025.10.08 01:09:54 INFO  no build target found for /home/alex/IdeaProjects/ILang/src/main/scala/parser/SyntaxAnalyzer.scala. Using presentation compiler with project's scala-library version: 3.3.6
2025.10.08 01:09:54 INFO  no build target found for /home/alex/IdeaProjects/ILang/src/main/scala/parser/SyntaxAnalyzer.scala. Using presentation compiler with project's scala-library version: 3.3.6
2025.10.08 01:09:54 INFO  no build target found for /home/alex/IdeaProjects/ILang/src/main/scala/parser/SyntaxAnalyzer.scala. Using presentation compiler with project's scala-library version: 3.3.6
2025.10.08 01:09:54 INFO  no build target found for /home/alex/IdeaProjects/ILang/src/main/scala/parser/SyntaxAnalyzer.scala. Using presentation compiler with project's scala-library version: 3.3.6
2025.10.08 01:09:54 INFO  no build target found for /home/alex/IdeaProjects/ILang/src/main/scala/parser/SyntaxAnalyzer.scala. Using presentation compiler with project's scala-library version: 3.3.6
2025.10.08 01:09:54 INFO  no build target found for /home/alex/IdeaProjects/ILang/src/main/scala/parser/SyntaxAnalyzer.scala. Using presentation compiler with project's scala-library version: 3.3.6
2025.10.08 01:09:55 INFO  no build target found for /home/alex/IdeaProjects/ILang/src/main/scala/parser/SyntaxAnalyzer.scala. Using presentation compiler with project's scala-library version: 3.3.6
2025.10.08 01:09:55 INFO  no build target found for /home/alex/IdeaProjects/ILang/src/main/scala/parser/SyntaxAnalyzer.scala. Using presentation compiler with project's scala-library version: 3.3.6
2025.10.08 01:09:55 INFO  no build target found for /home/alex/IdeaProjects/ILang/src/main/scala/parser/SyntaxAnalyzer.scala. Using presentation compiler with project's scala-library version: 3.3.6
2025.10.08 01:09:54 INFO  no build target found for /home/alex/IdeaProjects/ILang/src/main/scala/parser/SyntaxAnalyzer.scala. Using presentation compiler with project's scala-library version: 3.3.6
2025.10.08 01:09:55 INFO  no build target found for /home/alex/IdeaProjects/ILang/src/main/scala/parser/SyntaxAnalyzer.scala. Using presentation compiler with project's scala-library version: 3.3.6
2025.10.08 01:09:55 INFO  no build target found for /home/alex/IdeaProjects/ILang/src/main/scala/parser/SyntaxAnalyzer.scala. Using presentation compiler with project's scala-library version: 3.3.6
2025.10.08 01:09:55 INFO  no build target found for /home/alex/IdeaProjects/ILang/src/main/scala/parser/SyntaxAnalyzer.scala. Using presentation compiler with project's scala-library version: 3.3.6
2025.10.08 01:09:55 INFO  no build target found for /home/alex/IdeaProjects/ILang/src/main/scala/parser/SyntaxAnalyzer.scala. Using presentation compiler with project's scala-library version: 3.3.6
2025.10.08 01:09:55 INFO  no build target found for /home/alex/IdeaProjects/ILang/src/main/scala/parser/SyntaxAnalyzer.scala. Using presentation compiler with project's scala-library version: 3.3.6
2025.10.08 01:09:56 INFO  no build target found for /home/alex/IdeaProjects/ILang/src/main/scala/parser/SyntaxAnalyzer.scala. Using presentation compiler with project's scala-library version: 3.3.6
2025.10.08 01:09:55 INFO  no build target found for /home/alex/IdeaProjects/ILang/src/main/scala/parser/SyntaxAnalyzer.scala. Using presentation compiler with project's scala-library version: 3.3.6
2025.10.08 01:09:55 INFO  no build target found for /home/alex/IdeaProjects/ILang/src/main/scala/parser/SyntaxAnalyzer.scala. Using presentation compiler with project's scala-library version: 3.3.6
2025.10.08 01:09:55 INFO  no build target found for /home/alex/IdeaProjects/ILang/src/main/scala/parser/SyntaxAnalyzer.scala. Using presentation compiler with project's scala-library version: 3.3.6
2025.10.08 01:09:55 INFO  no build target found for /home/alex/IdeaProjects/ILang/src/main/scala/parser/SyntaxAnalyzer.scala. Using presentation compiler with project's scala-library version: 3.3.6
2025.10.08 01:09:55 INFO  no build target found for /home/alex/IdeaProjects/ILang/src/main/scala/parser/SyntaxAnalyzer.scala. Using presentation compiler with project's scala-library version: 3.3.6
2025.10.08 01:09:56 INFO  no build target found for /home/alex/IdeaProjects/ILang/src/main/scala/parser/SyntaxAnalyzer.scala. Using presentation compiler with project's scala-library version: 3.3.6
2025.10.08 01:09:55 INFO  no build target found for /home/alex/IdeaProjects/ILang/src/main/scala/parser/SyntaxAnalyzer.scala. Using presentation compiler with project's scala-library version: 3.3.6
2025.10.08 01:09:55 INFO  no build target found for /home/alex/IdeaProjects/ILang/src/main/scala/parser/SyntaxAnalyzer.scala. Using presentation compiler with project's scala-library version: 3.3.6
2025.10.08 01:09:56 INFO  no build target found for /home/alex/IdeaProjects/ILang/src/main/scala/parser/SyntaxAnalyzer.scala. Using presentation compiler with project's scala-library version: 3.3.6
2025.10.08 01:09:56 INFO  no build target found for /home/alex/IdeaProjects/ILang/src/main/scala/parser/SyntaxAnalyzer.scala. Using presentation compiler with project's scala-library version: 3.3.6
2025.10.08 01:09:56 INFO  no build target found for /home/alex/IdeaProjects/ILang/src/main/scala/parser/SyntaxAnalyzer.scala. Using presentation compiler with project's scala-library version: 3.3.6
2025.10.08 01:09:56 INFO  no build target found for /home/alex/IdeaProjects/ILang/src/main/scala/parser/SyntaxAnalyzer.scala. Using presentation compiler with project's scala-library version: 3.3.6
Oct 08, 2025 1:09:56 AM org.eclipse.lsp4j.jsonrpc.RemoteEndpoint handleCancellation
WARNING: Unmatched cancel notification for request id 1767
2025.10.08 01:09:56 INFO  no build target found for /home/alex/IdeaProjects/ILang/src/main/scala/parser/SyntaxAnalyzer.scala. Using presentation compiler with project's scala-library version: 3.3.6
Oct 08, 2025 1:09:56 AM org.eclipse.lsp4j.jsonrpc.RemoteEndpoint handleCancellation
WARNING: Unmatched cancel notification for request id 1768
2025.10.08 01:09:56 INFO  no build target found for /home/alex/IdeaProjects/ILang/src/main/scala/parser/SyntaxAnalyzer.scala. Using presentation compiler with project's scala-library version: 3.3.6
2025.10.08 01:09:56 INFO  no build target found for /home/alex/IdeaProjects/ILang/src/main/scala/parser/SyntaxAnalyzer.scala. Using presentation compiler with project's scala-library version: 3.3.6
Oct 08, 2025 1:09:57 AM org.eclipse.lsp4j.jsonrpc.RemoteEndpoint handleCancellation
WARNING: Unmatched cancel notification for request id 1770
2025.10.08 01:09:56 INFO  no build target found for /home/alex/IdeaProjects/ILang/src/main/scala/parser/SyntaxAnalyzer.scala. Using presentation compiler with project's scala-library version: 3.3.6
2025.10.08 01:09:56 INFO  no build target found for /home/alex/IdeaProjects/ILang/src/main/scala/parser/SyntaxAnalyzer.scala. Using presentation compiler with project's scala-library version: 3.3.6
2025.10.08 01:09:56 INFO  no build target found for /home/alex/IdeaProjects/ILang/src/main/scala/parser/SyntaxAnalyzer.scala. Using presentation compiler with project's scala-library version: 3.3.6
2025.10.08 01:09:56 INFO  no build target found for /home/alex/IdeaProjects/ILang/src/main/scala/parser/SyntaxAnalyzer.scala. Using presentation compiler with project's scala-library version: 3.3.6
2025.10.08 01:09:56 INFO  no build target found for /home/alex/IdeaProjects/ILang/src/main/scala/parser/SyntaxAnalyzer.scala. Using presentation compiler with project's scala-library version: 3.3.6
Oct 08, 2025 1:09:57 AM org.eclipse.lsp4j.jsonrpc.RemoteEndpoint handleCancellation
WARNING: Unmatched cancel notification for request id 1774
2025.10.08 01:09:56 INFO  no build target found for /home/alex/IdeaProjects/ILang/src/main/scala/parser/SyntaxAnalyzer.scala. Using presentation compiler with project's scala-library version: 3.3.6
2025.10.08 01:09:56 INFO  no build target found for /home/alex/IdeaProjects/ILang/src/main/scala/parser/SyntaxAnalyzer.scala. Using presentation compiler with project's scala-library version: 3.3.6
2025.10.08 01:09:56 INFO  no build target found for /home/alex/IdeaProjects/ILang/src/main/scala/parser/SyntaxAnalyzer.scala. Using presentation compiler with project's scala-library version: 3.3.6
2025.10.08 01:09:56 INFO  no build target found for /home/alex/IdeaProjects/ILang/src/main/scala/parser/SyntaxAnalyzer.scala. Using presentation compiler with project's scala-library version: 3.3.6
2025.10.08 01:09:56 INFO  no build target found for /home/alex/IdeaProjects/ILang/src/main/scala/parser/SyntaxAnalyzer.scala. Using presentation compiler with project's scala-library version: 3.3.6
2025.10.08 01:09:56 INFO  no build target found for /home/alex/IdeaProjects/ILang/src/main/scala/parser/SyntaxAnalyzer.scala. Using presentation compiler with project's scala-library version: 3.3.6
2025.10.08 01:09:56 INFO  no build target found for /home/alex/IdeaProjects/ILang/src/main/scala/parser/SyntaxAnalyzer.scala. Using presentation compiler with project's scala-library version: 3.3.6
2025.10.08 01:09:56 INFO  no build target found for /home/alex/IdeaProjects/ILang/src/main/scala/parser/SyntaxAnalyzer.scala. Using presentation compiler with project's scala-library version: 3.3.6
2025.10.08 01:09:57 INFO  no build target found for /home/alex/IdeaProjects/ILang/src/main/scala/parser/SyntaxAnalyzer.scala. Using presentation compiler with project's scala-library version: 3.3.6
2025.10.08 01:09:57 INFO  no build target found for /home/alex/IdeaProjects/ILang/src/main/scala/parser/SyntaxAnalyzer.scala. Using presentation compiler with project's scala-library version: 3.3.6
Oct 08, 2025 1:09:57 AM org.eclipse.lsp4j.jsonrpc.RemoteEndpoint handleCancellation
WARNING: Unmatched cancel notification for request id 1783
2025.10.08 01:09:57 INFO  no build target found for /home/alex/IdeaProjects/ILang/src/main/scala/parser/SyntaxAnalyzer.scala. Using presentation compiler with project's scala-library version: 3.3.6
Oct 08, 2025 1:09:57 AM org.eclipse.lsp4j.jsonrpc.RemoteEndpoint handleCancellation
WARNING: Unmatched cancel notification for request id 1784
2025.10.08 01:09:57 INFO  no build target found for /home/alex/IdeaProjects/ILang/src/main/scala/parser/SyntaxAnalyzer.scala. Using presentation compiler with project's scala-library version: 3.3.6
2025.10.08 01:09:57 INFO  no build target found for /home/alex/IdeaProjects/ILang/src/main/scala/parser/SyntaxAnalyzer.scala. Using presentation compiler with project's scala-library version: 3.3.6
2025.10.08 01:09:58 INFO  no build target found for /home/alex/IdeaProjects/ILang/src/main/scala/parser/SyntaxAnalyzer.scala. Using presentation compiler with project's scala-library version: 3.3.6
2025.10.08 01:09:57 INFO  no build target found for /home/alex/IdeaProjects/ILang/src/main/scala/parser/SyntaxAnalyzer.scala. Using presentation compiler with project's scala-library version: 3.3.6
2025.10.08 01:09:57 INFO  no build target found for /home/alex/IdeaProjects/ILang/src/main/scala/parser/SyntaxAnalyzer.scala. Using presentation compiler with project's scala-library version: 3.3.6
Oct 08, 2025 1:09:58 AM org.eclipse.lsp4j.jsonrpc.RemoteEndpoint handleCancellation
WARNING: Unmatched cancel notification for request id 1789
2025.10.08 01:09:57 INFO  no build target found for /home/alex/IdeaProjects/ILang/src/main/scala/parser/SyntaxAnalyzer.scala. Using presentation compiler with project's scala-library version: 3.3.6
Oct 08, 2025 1:09:58 AM org.eclipse.lsp4j.jsonrpc.RemoteEndpoint handleCancellation
WARNING: Unmatched cancel notification for request id 1790
2025.10.08 01:09:57 INFO  no build target found for /home/alex/IdeaProjects/ILang/src/main/scala/parser/SyntaxAnalyzer.scala. Using presentation compiler with project's scala-library version: 3.3.6
2025.10.08 01:09:57 INFO  no build target found for /home/alex/IdeaProjects/ILang/src/main/scala/parser/SyntaxAnalyzer.scala. Using presentation compiler with project's scala-library version: 3.3.6
2025.10.08 01:09:57 INFO  no build target found for /home/alex/IdeaProjects/ILang/src/main/scala/parser/SyntaxAnalyzer.scala. Using presentation compiler with project's scala-library version: 3.3.6
2025.10.08 01:09:57 INFO  no build target found for /home/alex/IdeaProjects/ILang/src/main/scala/parser/SyntaxAnalyzer.scala. Using presentation compiler with project's scala-library version: 3.3.6
2025.10.08 01:09:57 INFO  no build target found for /home/alex/IdeaProjects/ILang/src/main/scala/parser/SyntaxAnalyzer.scala. Using presentation compiler with project's scala-library version: 3.3.6
2025.10.08 01:09:57 INFO  no build target found for /home/alex/IdeaProjects/ILang/src/main/scala/parser/SyntaxAnalyzer.scala. Using presentation compiler with project's scala-library version: 3.3.6
2025.10.08 01:09:57 INFO  no build target found for /home/alex/IdeaProjects/ILang/src/main/scala/parser/SyntaxAnalyzer.scala. Using presentation compiler with project's scala-library version: 3.3.6
2025.10.08 01:09:57 INFO  no build target found for /home/alex/IdeaProjects/ILang/src/main/scala/parser/SyntaxAnalyzer.scala. Using presentation compiler with project's scala-library version: 3.3.6
2025.10.08 01:09:57 INFO  no build target found for /home/alex/IdeaProjects/ILang/src/main/scala/parser/SyntaxAnalyzer.scala. Using presentation compiler with project's scala-library version: 3.3.6
2025.10.08 01:09:57 INFO  no build target found for /home/alex/IdeaProjects/ILang/src/main/scala/parser/SyntaxAnalyzer.scala. Using presentation compiler with project's scala-library version: 3.3.6
2025.10.08 01:09:58 INFO  no build target found for /home/alex/IdeaProjects/ILang/src/main/scala/parser/SyntaxAnalyzer.scala. Using presentation compiler with project's scala-library version: 3.3.6
2025.10.08 01:09:58 INFO  no build target found for /home/alex/IdeaProjects/ILang/src/main/scala/parser/SyntaxAnalyzer.scala. Using presentation compiler with project's scala-library version: 3.3.6
2025.10.08 01:09:58 INFO  no build target found for /home/alex/IdeaProjects/ILang/src/main/scala/parser/SyntaxAnalyzer.scala. Using presentation compiler with project's scala-library version: 3.3.6
2025.10.08 01:09:58 INFO  no build target found for /home/alex/IdeaProjects/ILang/src/main/scala/parser/SyntaxAnalyzer.scala. Using presentation compiler with project's scala-library version: 3.3.6
2025.10.08 01:09:58 INFO  no build target found for /home/alex/IdeaProjects/ILang/src/main/scala/parser/SyntaxAnalyzer.scala. Using presentation compiler with project's scala-library version: 3.3.6
2025.10.08 01:09:58 INFO  no build target found for /home/alex/IdeaProjects/ILang/src/main/scala/parser/SyntaxAnalyzer.scala. Using presentation compiler with project's scala-library version: 3.3.6
2025.10.08 01:09:58 INFO  no build target found for /home/alex/IdeaProjects/ILang/src/main/scala/parser/SyntaxAnalyzer.scala. Using presentation compiler with project's scala-library version: 3.3.6
Oct 08, 2025 1:09:59 AM org.eclipse.lsp4j.jsonrpc.RemoteEndpoint handleCancellation
WARNING: Unmatched cancel notification for request id 1806
2025.10.08 01:09:58 INFO  no build target found for /home/alex/IdeaProjects/ILang/src/main/scala/parser/SyntaxAnalyzer.scala. Using presentation compiler with project's scala-library version: 3.3.6
2025.10.08 01:09:58 INFO  no build target found for /home/alex/IdeaProjects/ILang/src/main/scala/parser/SyntaxAnalyzer.scala. Using presentation compiler with project's scala-library version: 3.3.6
2025.10.08 01:09:58 INFO  no build target found for /home/alex/IdeaProjects/ILang/src/main/scala/parser/SyntaxAnalyzer.scala. Using presentation compiler with project's scala-library version: 3.3.6
2025.10.08 01:09:59 INFO  no build target found for /home/alex/IdeaProjects/ILang/src/main/scala/parser/SyntaxAnalyzer.scala. Using presentation compiler with project's scala-library version: 3.3.6
2025.10.08 01:09:58 INFO  no build target found for /home/alex/IdeaProjects/ILang/src/main/scala/parser/SyntaxAnalyzer.scala. Using presentation compiler with project's scala-library version: 3.3.6
2025.10.08 01:09:58 INFO  no build target found for /home/alex/IdeaProjects/ILang/src/main/scala/parser/SyntaxAnalyzer.scala. Using presentation compiler with project's scala-library version: 3.3.6
2025.10.08 01:09:58 INFO  no build target found for /home/alex/IdeaProjects/ILang/src/main/scala/parser/SyntaxAnalyzer.scala. Using presentation compiler with project's scala-library version: 3.3.6
2025.10.08 01:09:58 INFO  no build target found for /home/alex/IdeaProjects/ILang/src/main/scala/parser/SyntaxAnalyzer.scala. Using presentation compiler with project's scala-library version: 3.3.6
2025.10.08 01:09:58 INFO  no build target found for /home/alex/IdeaProjects/ILang/src/main/scala/parser/SyntaxAnalyzer.scala. Using presentation compiler with project's scala-library version: 3.3.6
2025.10.08 01:09:59 INFO  no build target found for /home/alex/IdeaProjects/ILang/src/main/scala/parser/SyntaxAnalyzer.scala. Using presentation compiler with project's scala-library version: 3.3.6
2025.10.08 01:09:58 INFO  no build target found for /home/alex/IdeaProjects/ILang/src/main/scala/parser/SyntaxAnalyzer.scala. Using presentation compiler with project's scala-library version: 3.3.6
2025.10.08 01:09:58 INFO  no build target found for /home/alex/IdeaProjects/ILang/src/main/scala/parser/SyntaxAnalyzer.scala. Using presentation compiler with project's scala-library version: 3.3.6
2025.10.08 01:09:58 INFO  no build target found for /home/alex/IdeaProjects/ILang/src/main/scala/parser/SyntaxAnalyzer.scala. Using presentation compiler with project's scala-library version: 3.3.6
2025.10.08 01:09:59 INFO  no build target found for /home/alex/IdeaProjects/ILang/src/main/scala/parser/SyntaxAnalyzer.scala. Using presentation compiler with project's scala-library version: 3.3.6
2025.10.08 01:09:59 INFO  no build target found for /home/alex/IdeaProjects/ILang/src/main/scala/parser/SyntaxAnalyzer.scala. Using presentation compiler with project's scala-library version: 3.3.6
2025.10.08 01:10:00 INFO  no build target found for /home/alex/IdeaProjects/ILang/src/main/scala/parser/SyntaxAnalyzer.scala. Using presentation compiler with project's scala-library version: 3.3.6
2025.10.08 01:09:59 INFO  no build target found for /home/alex/IdeaProjects/ILang/src/main/scala/parser/SyntaxAnalyzer.scala. Using presentation compiler with project's scala-library version: 3.3.6
2025.10.08 01:09:59 INFO  no build target found for /home/alex/IdeaProjects/ILang/src/main/scala/parser/SyntaxAnalyzer.scala. Using presentation compiler with project's scala-library version: 3.3.6
Oct 08, 2025 1:10:00 AM org.eclipse.lsp4j.jsonrpc.RemoteEndpoint handleCancellation
WARNING: Unmatched cancel notification for request id 1824
2025.10.08 01:09:59 INFO  no build target found for /home/alex/IdeaProjects/ILang/src/main/scala/parser/SyntaxAnalyzer.scala. Using presentation compiler with project's scala-library version: 3.3.6
2025.10.08 01:09:59 INFO  no build target found for /home/alex/IdeaProjects/ILang/src/main/scala/parser/SyntaxAnalyzer.scala. Using presentation compiler with project's scala-library version: 3.3.6
2025.10.08 01:10:00 INFO  no build target found for /home/alex/IdeaProjects/ILang/src/main/scala/parser/SyntaxAnalyzer.scala. Using presentation compiler with project's scala-library version: 3.3.6
2025.10.08 01:09:59 INFO  no build target found for /home/alex/IdeaProjects/ILang/src/main/scala/parser/SyntaxAnalyzer.scala. Using presentation compiler with project's scala-library version: 3.3.6
Oct 08, 2025 1:10:00 AM org.eclipse.lsp4j.jsonrpc.RemoteEndpoint handleCancellation
WARNING: Unmatched cancel notification for request id 1828
2025.10.08 01:09:59 INFO  no build target found for /home/alex/IdeaProjects/ILang/src/main/scala/parser/SyntaxAnalyzer.scala. Using presentation compiler with project's scala-library version: 3.3.6
2025.10.08 01:09:59 INFO  no build target found for /home/alex/IdeaProjects/ILang/src/main/scala/parser/SyntaxAnalyzer.scala. Using presentation compiler with project's scala-library version: 3.3.6
2025.10.08 01:09:59 INFO  no build target found for /home/alex/IdeaProjects/ILang/src/main/scala/parser/SyntaxAnalyzer.scala. Using presentation compiler with project's scala-library version: 3.3.6
2025.10.08 01:09:59 INFO  no build target found for /home/alex/IdeaProjects/ILang/src/main/scala/parser/SyntaxAnalyzer.scala. Using presentation compiler with project's scala-library version: 3.3.6
2025.10.08 01:10:00 INFO  no build target found for /home/alex/IdeaProjects/ILang/src/main/scala/parser/SyntaxAnalyzer.scala. Using presentation compiler with project's scala-library version: 3.3.6
2025.10.08 01:09:59 INFO  no build target found for /home/alex/IdeaProjects/ILang/src/main/scala/parser/SyntaxAnalyzer.scala. Using presentation compiler with project's scala-library version: 3.3.6
2025.10.08 01:09:59 INFO  no build target found for /home/alex/IdeaProjects/ILang/src/main/scala/parser/SyntaxAnalyzer.scala. Using presentation compiler with project's scala-library version: 3.3.6
2025.10.08 01:09:59 INFO  no build target found for /home/alex/IdeaProjects/ILang/src/main/scala/parser/SyntaxAnalyzer.scala. Using presentation compiler with project's scala-library version: 3.3.6
2025.10.08 01:09:59 INFO  no build target found for /home/alex/IdeaProjects/ILang/src/main/scala/parser/SyntaxAnalyzer.scala. Using presentation compiler with project's scala-library version: 3.3.6
2025.10.08 01:09:59 INFO  no build target found for /home/alex/IdeaProjects/ILang/src/main/scala/parser/SyntaxAnalyzer.scala. Using presentation compiler with project's scala-library version: 3.3.6
2025.10.08 01:10:00 INFO  no build target found for /home/alex/IdeaProjects/ILang/src/main/scala/parser/SyntaxAnalyzer.scala. Using presentation compiler with project's scala-library version: 3.3.6
2025.10.08 01:10:00 INFO  no build target found for /home/alex/IdeaProjects/ILang/src/main/scala/parser/SyntaxAnalyzer.scala. Using presentation compiler with project's scala-library version: 3.3.6
2025.10.08 01:10:00 INFO  no build target found for /home/alex/IdeaProjects/ILang/src/main/scala/parser/SyntaxAnalyzer.scala. Using presentation compiler with project's scala-library version: 3.3.6
Oct 08, 2025 1:10:01 AM org.eclipse.lsp4j.jsonrpc.RemoteEndpoint handleCancellation
WARNING: Unmatched cancel notification for request id 1841
2025.10.08 01:10:00 INFO  no build target found for /home/alex/IdeaProjects/ILang/src/main/scala/parser/SyntaxAnalyzer.scala. Using presentation compiler with project's scala-library version: 3.3.6
2025.10.08 01:10:00 INFO  no build target found for /home/alex/IdeaProjects/ILang/src/main/scala/parser/SyntaxAnalyzer.scala. Using presentation compiler with project's scala-library version: 3.3.6
2025.10.08 01:10:00 INFO  no build target found for /home/alex/IdeaProjects/ILang/src/main/scala/parser/SyntaxAnalyzer.scala. Using presentation compiler with project's scala-library version: 3.3.6
2025.10.08 01:10:00 INFO  no build target found for /home/alex/IdeaProjects/ILang/src/main/scala/parser/SyntaxAnalyzer.scala. Using presentation compiler with project's scala-library version: 3.3.6
2025.10.08 01:10:00 INFO  no build target found for /home/alex/IdeaProjects/ILang/src/main/scala/parser/SyntaxAnalyzer.scala. Using presentation compiler with project's scala-library version: 3.3.6
2025.10.08 01:10:00 INFO  no build target found for /home/alex/IdeaProjects/ILang/src/main/scala/parser/SyntaxAnalyzer.scala. Using presentation compiler with project's scala-library version: 3.3.6
2025.10.08 01:10:00 INFO  no build target found for /home/alex/IdeaProjects/ILang/src/main/scala/parser/SyntaxAnalyzer.scala. Using presentation compiler with project's scala-library version: 3.3.6
Oct 08, 2025 1:10:01 AM org.eclipse.lsp4j.jsonrpc.RemoteEndpoint handleCancellation
WARNING: Unmatched cancel notification for request id 1848
2025.10.08 01:10:00 INFO  no build target found for /home/alex/IdeaProjects/ILang/src/main/scala/parser/SyntaxAnalyzer.scala. Using presentation compiler with project's scala-library version: 3.3.6
2025.10.08 01:10:00 INFO  no build target found for /home/alex/IdeaProjects/ILang/src/main/scala/parser/SyntaxAnalyzer.scala. Using presentation compiler with project's scala-library version: 3.3.6
2025.10.08 01:10:00 INFO  no build target found for /home/alex/IdeaProjects/ILang/src/main/scala/parser/SyntaxAnalyzer.scala. Using presentation compiler with project's scala-library version: 3.3.6
2025.10.08 01:10:00 INFO  no build target found for /home/alex/IdeaProjects/ILang/src/main/scala/parser/SyntaxAnalyzer.scala. Using presentation compiler with project's scala-library version: 3.3.6
2025.10.08 01:10:00 INFO  no build target found for /home/alex/IdeaProjects/ILang/src/main/scala/parser/SyntaxAnalyzer.scala. Using presentation compiler with project's scala-library version: 3.3.6
2025.10.08 01:10:00 INFO  no build target found for /home/alex/IdeaProjects/ILang/src/main/scala/parser/SyntaxAnalyzer.scala. Using presentation compiler with project's scala-library version: 3.3.6
2025.10.08 01:10:00 INFO  no build target found for /home/alex/IdeaProjects/ILang/src/main/scala/parser/SyntaxAnalyzer.scala. Using presentation compiler with project's scala-library version: 3.3.6
2025.10.08 01:10:00 INFO  no build target found for /home/alex/IdeaProjects/ILang/src/main/scala/parser/SyntaxAnalyzer.scala. Using presentation compiler with project's scala-library version: 3.3.6
2025.10.08 01:10:01 INFO  no build target found for /home/alex/IdeaProjects/ILang/src/main/scala/parser/SyntaxAnalyzer.scala. Using presentation compiler with project's scala-library version: 3.3.6
2025.10.08 01:10:00 INFO  no build target found for /home/alex/IdeaProjects/ILang/src/main/scala/parser/SyntaxAnalyzer.scala. Using presentation compiler with project's scala-library version: 3.3.6
Oct 08, 2025 1:10:01 AM org.eclipse.lsp4j.jsonrpc.RemoteEndpoint handleCancellation
WARNING: Unmatched cancel notification for request id 1856
2025.10.08 01:10:00 INFO  no build target found for /home/alex/IdeaProjects/ILang/src/main/scala/parser/SyntaxAnalyzer.scala. Using presentation compiler with project's scala-library version: 3.3.6
2025.10.08 01:10:02 INFO  no build target found for /home/alex/IdeaProjects/ILang/src/main/scala/parser/SyntaxAnalyzer.scala. Using presentation compiler with project's scala-library version: 3.3.6
2025.10.08 01:10:02 INFO  no build target found for /home/alex/IdeaProjects/ILang/src/main/scala/parser/SyntaxAnalyzer.scala. Using presentation compiler with project's scala-library version: 3.3.6
2025.10.08 01:10:02 INFO  no build target found for /home/alex/IdeaProjects/ILang/src/main/scala/parser/SyntaxAnalyzer.scala. Using presentation compiler with project's scala-library version: 3.3.6
2025.10.08 01:10:02 INFO  no build target found for /home/alex/IdeaProjects/ILang/src/main/scala/parser/SyntaxAnalyzer.scala. Using presentation compiler with project's scala-library version: 3.3.6
2025.10.08 01:10:02 INFO  no build target found for /home/alex/IdeaProjects/ILang/src/main/scala/parser/SyntaxAnalyzer.scala. Using presentation compiler with project's scala-library version: 3.3.6
2025.10.08 01:10:02 INFO  no build target found for /home/alex/IdeaProjects/ILang/src/main/scala/parser/SyntaxAnalyzer.scala. Using presentation compiler with project's scala-library version: 3.3.6
2025.10.08 01:10:02 INFO  no build target found for /home/alex/IdeaProjects/ILang/src/main/scala/parser/SyntaxAnalyzer.scala. Using presentation compiler with project's scala-library version: 3.3.6
2025.10.08 01:10:02 INFO  no build target found for /home/alex/IdeaProjects/ILang/src/main/scala/parser/SyntaxAnalyzer.scala. Using presentation compiler with project's scala-library version: 3.3.6
2025.10.08 01:10:02 INFO  no build target found for /home/alex/IdeaProjects/ILang/src/main/scala/parser/SyntaxAnalyzer.scala. Using presentation compiler with project's scala-library version: 3.3.6
2025.10.08 01:10:01 INFO  no build target found for /home/alex/IdeaProjects/ILang/src/main/scala/parser/SyntaxAnalyzer.scala. Using presentation compiler with project's scala-library version: 3.3.6
2025.10.08 01:10:02 INFO  no build target found for /home/alex/IdeaProjects/ILang/src/main/scala/parser/SyntaxAnalyzer.scala. Using presentation compiler with project's scala-library version: 3.3.6
2025.10.08 01:10:02 INFO  no build target found for /home/alex/IdeaProjects/ILang/src/main/scala/parser/SyntaxAnalyzer.scala. Using presentation compiler with project's scala-library version: 3.3.6
2025.10.08 01:10:02 INFO  no build target found for /home/alex/IdeaProjects/ILang/src/main/scala/parser/SyntaxAnalyzer.scala. Using presentation compiler with project's scala-library version: 3.3.6
2025.10.08 01:10:02 INFO  no build target found for /home/alex/IdeaProjects/ILang/src/main/scala/parser/SyntaxAnalyzer.scala. Using presentation compiler with project's scala-library version: 3.3.6
2025.10.08 01:10:02 INFO  no build target found for /home/alex/IdeaProjects/ILang/src/main/scala/parser/SyntaxAnalyzer.scala. Using presentation compiler with project's scala-library version: 3.3.6
2025.10.08 01:10:02 INFO  no build target found for /home/alex/IdeaProjects/ILang/src/main/scala/parser/SyntaxAnalyzer.scala. Using presentation compiler with project's scala-library version: 3.3.6
2025.10.08 01:10:02 INFO  no build target found for /home/alex/IdeaProjects/ILang/src/main/scala/parser/SyntaxAnalyzer.scala. Using presentation compiler with project's scala-library version: 3.3.6
2025.10.08 01:10:02 INFO  no build target found for /home/alex/IdeaProjects/ILang/src/main/scala/parser/SyntaxAnalyzer.scala. Using presentation compiler with project's scala-library version: 3.3.6
2025.10.08 01:10:02 INFO  no build target found for /home/alex/IdeaProjects/ILang/src/main/scala/parser/SyntaxAnalyzer.scala. Using presentation compiler with project's scala-library version: 3.3.6
2025.10.08 01:10:02 INFO  no build target found for /home/alex/IdeaProjects/ILang/src/main/scala/parser/SyntaxAnalyzer.scala. Using presentation compiler with project's scala-library version: 3.3.6
2025.10.08 01:10:02 INFO  no build target found for /home/alex/IdeaProjects/ILang/src/main/scala/parser/SyntaxAnalyzer.scala. Using presentation compiler with project's scala-library version: 3.3.6
2025.10.08 01:10:03 INFO  no build target found for /home/alex/IdeaProjects/ILang/src/main/scala/parser/SyntaxAnalyzer.scala. Using presentation compiler with project's scala-library version: 3.3.6
2025.10.08 01:10:03 INFO  no build target found for /home/alex/IdeaProjects/ILang/src/main/scala/parser/SyntaxAnalyzer.scala. Using presentation compiler with project's scala-library version: 3.3.6
2025.10.08 01:10:02 INFO  no build target found for /home/alex/IdeaProjects/ILang/src/main/scala/parser/SyntaxAnalyzer.scala. Using presentation compiler with project's scala-library version: 3.3.6
2025.10.08 01:10:03 INFO  no build target found for /home/alex/IdeaProjects/ILang/src/main/scala/parser/SyntaxAnalyzer.scala. Using presentation compiler with project's scala-library version: 3.3.6
2025.10.08 01:10:03 INFO  no build target found for /home/alex/IdeaProjects/ILang/src/main/scala/parser/SyntaxAnalyzer.scala. Using presentation compiler with project's scala-library version: 3.3.6
2025.10.08 01:10:03 INFO  no build target found for /home/alex/IdeaProjects/ILang/src/main/scala/parser/SyntaxAnalyzer.scala. Using presentation compiler with project's scala-library version: 3.3.6
2025.10.08 01:10:03 INFO  no build target found for /home/alex/IdeaProjects/ILang/src/main/scala/parser/SyntaxAnalyzer.scala. Using presentation compiler with project's scala-library version: 3.3.6
2025.10.08 01:10:03 INFO  no build target found for /home/alex/IdeaProjects/ILang/src/main/scala/parser/SyntaxAnalyzer.scala. Using presentation compiler with project's scala-library version: 3.3.6
2025.10.08 01:10:03 INFO  no build target found for /home/alex/IdeaProjects/ILang/src/main/scala/parser/SyntaxAnalyzer.scala. Using presentation compiler with project's scala-library version: 3.3.6
2025.10.08 01:10:03 INFO  no build target found for /home/alex/IdeaProjects/ILang/src/main/scala/parser/SyntaxAnalyzer.scala. Using presentation compiler with project's scala-library version: 3.3.6
2025.10.08 01:10:03 INFO  no build target found for /home/alex/IdeaProjects/ILang/src/main/scala/parser/SyntaxAnalyzer.scala. Using presentation compiler with project's scala-library version: 3.3.6
2025.10.08 01:10:03 INFO  no build target found for /home/alex/IdeaProjects/ILang/src/main/scala/parser/SyntaxAnalyzer.scala. Using presentation compiler with project's scala-library version: 3.3.6
2025.10.08 01:10:03 INFO  no build target found for /home/alex/IdeaProjects/ILang/src/main/scala/parser/SyntaxAnalyzer.scala. Using presentation compiler with project's scala-library version: 3.3.6
2025.10.08 01:10:03 INFO  no build target found for /home/alex/IdeaProjects/ILang/src/main/scala/parser/SyntaxAnalyzer.scala. Using presentation compiler with project's scala-library version: 3.3.6
2025.10.08 01:10:03 INFO  no build target found for /home/alex/IdeaProjects/ILang/src/main/scala/parser/SyntaxAnalyzer.scala. Using presentation compiler with project's scala-library version: 3.3.6
2025.10.08 01:10:03 INFO  no build target found for /home/alex/IdeaProjects/ILang/src/main/scala/parser/SyntaxAnalyzer.scala. Using presentation compiler with project's scala-library version: 3.3.6
2025.10.08 01:10:03 INFO  no build target found for /home/alex/IdeaProjects/ILang/src/main/scala/parser/SyntaxAnalyzer.scala. Using presentation compiler with project's scala-library version: 3.3.6
2025.10.08 01:10:03 INFO  no build target found for /home/alex/IdeaProjects/ILang/src/main/scala/parser/SyntaxAnalyzer.scala. Using presentation compiler with project's scala-library version: 3.3.6
2025.10.08 01:10:03 INFO  no build target found for /home/alex/IdeaProjects/ILang/src/main/scala/parser/SyntaxAnalyzer.scala. Using presentation compiler with project's scala-library version: 3.3.6
Oct 08, 2025 1:10:04 AM org.eclipse.lsp4j.jsonrpc.RemoteEndpoint handleCancellation
WARNING: Unmatched cancel notification for request id 1894
2025.10.08 01:10:03 INFO  no build target found for /home/alex/IdeaProjects/ILang/src/main/scala/parser/SyntaxAnalyzer.scala. Using presentation compiler with project's scala-library version: 3.3.6
2025.10.08 01:10:03 INFO  no build target found for /home/alex/IdeaProjects/ILang/src/main/scala/parser/SyntaxAnalyzer.scala. Using presentation compiler with project's scala-library version: 3.3.6
2025.10.08 01:10:03 INFO  no build target found for /home/alex/IdeaProjects/ILang/src/main/scala/parser/SyntaxAnalyzer.scala. Using presentation compiler with project's scala-library version: 3.3.6
2025.10.08 01:10:04 INFO  no build target found for /home/alex/IdeaProjects/ILang/src/main/scala/parser/SyntaxAnalyzer.scala. Using presentation compiler with project's scala-library version: 3.3.6
2025.10.08 01:10:04 INFO  no build target found for /home/alex/IdeaProjects/ILang/src/main/scala/parser/SyntaxAnalyzer.scala. Using presentation compiler with project's scala-library version: 3.3.6
2025.10.08 01:10:04 INFO  no build target found for /home/alex/IdeaProjects/ILang/src/main/scala/parser/SyntaxAnalyzer.scala. Using presentation compiler with project's scala-library version: 3.3.6
2025.10.08 01:10:04 INFO  no build target found for /home/alex/IdeaProjects/ILang/src/main/scala/parser/SyntaxAnalyzer.scala. Using presentation compiler with project's scala-library version: 3.3.6
2025.10.08 01:10:04 INFO  no build target found for /home/alex/IdeaProjects/ILang/src/main/scala/parser/SyntaxAnalyzer.scala. Using presentation compiler with project's scala-library version: 3.3.6
2025.10.08 01:10:03 INFO  no build target found for /home/alex/IdeaProjects/ILang/src/main/scala/parser/SyntaxAnalyzer.scala. Using presentation compiler with project's scala-library version: 3.3.6
2025.10.08 01:10:04 INFO  no build target found for /home/alex/IdeaProjects/ILang/src/main/scala/parser/SyntaxAnalyzer.scala. Using presentation compiler with project's scala-library version: 3.3.6
Oct 08, 2025 1:10:04 AM org.eclipse.lsp4j.jsonrpc.RemoteEndpoint handleCancellation
WARNING: Unmatched cancel notification for request id 1903
2025.10.08 01:10:04 INFO  no build target found for /home/alex/IdeaProjects/ILang/src/main/scala/parser/SyntaxAnalyzer.scala. Using presentation compiler with project's scala-library version: 3.3.6
2025.10.08 01:10:04 INFO  no build target found for /home/alex/IdeaProjects/ILang/src/main/scala/parser/SyntaxAnalyzer.scala. Using presentation compiler with project's scala-library version: 3.3.6
Oct 08, 2025 1:10:04 AM org.eclipse.lsp4j.jsonrpc.RemoteEndpoint handleCancellation
WARNING: Unmatched cancel notification for request id 1905
2025.10.08 01:10:04 INFO  no build target found for /home/alex/IdeaProjects/ILang/src/main/scala/parser/SyntaxAnalyzer.scala. Using presentation compiler with project's scala-library version: 3.3.6
2025.10.08 01:10:04 INFO  no build target found for /home/alex/IdeaProjects/ILang/src/main/scala/parser/SyntaxAnalyzer.scala. Using presentation compiler with project's scala-library version: 3.3.6
2025.10.08 01:10:04 INFO  no build target found for /home/alex/IdeaProjects/ILang/src/main/scala/parser/SyntaxAnalyzer.scala. Using presentation compiler with project's scala-library version: 3.3.6
2025.10.08 01:10:04 INFO  no build target found for /home/alex/IdeaProjects/ILang/src/main/scala/parser/SyntaxAnalyzer.scala. Using presentation compiler with project's scala-library version: 3.3.6
Oct 08, 2025 1:10:04 AM org.eclipse.lsp4j.jsonrpc.RemoteEndpoint handleCancellation
WARNING: Unmatched cancel notification for request id 1908
2025.10.08 01:10:04 INFO  no build target found for /home/alex/IdeaProjects/ILang/src/main/scala/parser/SyntaxAnalyzer.scala. Using presentation compiler with project's scala-library version: 3.3.6
2025.10.08 01:10:04 INFO  no build target found for /home/alex/IdeaProjects/ILang/src/main/scala/parser/SyntaxAnalyzer.scala. Using presentation compiler with project's scala-library version: 3.3.6
2025.10.08 01:10:04 INFO  no build target found for /home/alex/IdeaProjects/ILang/src/main/scala/parser/SyntaxAnalyzer.scala. Using presentation compiler with project's scala-library version: 3.3.6
2025.10.08 01:10:04 INFO  no build target found for /home/alex/IdeaProjects/ILang/src/main/scala/parser/SyntaxAnalyzer.scala. Using presentation compiler with project's scala-library version: 3.3.6
2025.10.08 01:10:04 INFO  no build target found for /home/alex/IdeaProjects/ILang/src/main/scala/parser/SyntaxAnalyzer.scala. Using presentation compiler with project's scala-library version: 3.3.6
2025.10.08 01:10:04 INFO  no build target found for /home/alex/IdeaProjects/ILang/src/main/scala/parser/SyntaxAnalyzer.scala. Using presentation compiler with project's scala-library version: 3.3.6
2025.10.08 01:10:04 INFO  no build target found for /home/alex/IdeaProjects/ILang/src/main/scala/parser/SyntaxAnalyzer.scala. Using presentation compiler with project's scala-library version: 3.3.6
2025.10.08 01:10:05 INFO  no build target found for /home/alex/IdeaProjects/ILang/src/main/scala/parser/SyntaxAnalyzer.scala. Using presentation compiler with project's scala-library version: 3.3.6
2025.10.08 01:10:05 INFO  no build target found for /home/alex/IdeaProjects/ILang/src/main/scala/parser/SyntaxAnalyzer.scala. Using presentation compiler with project's scala-library version: 3.3.6
Oct 08, 2025 1:10:05 AM org.eclipse.lsp4j.jsonrpc.RemoteEndpoint handleCancellation
WARNING: Unmatched cancel notification for request id 1916
2025.10.08 01:10:05 INFO  no build target found for /home/alex/IdeaProjects/ILang/src/main/scala/parser/SyntaxAnalyzer.scala. Using presentation compiler with project's scala-library version: 3.3.6
2025.10.08 01:10:05 INFO  no build target found for /home/alex/IdeaProjects/ILang/src/main/scala/parser/SyntaxAnalyzer.scala. Using presentation compiler with project's scala-library version: 3.3.6
2025.10.08 01:10:05 INFO  no build target found for /home/alex/IdeaProjects/ILang/src/main/scala/parser/SyntaxAnalyzer.scala. Using presentation compiler with project's scala-library version: 3.3.6
2025.10.08 01:10:05 INFO  no build target found for /home/alex/IdeaProjects/ILang/src/main/scala/parser/SyntaxAnalyzer.scala. Using presentation compiler with project's scala-library version: 3.3.6
2025.10.08 01:10:05 INFO  no build target found for /home/alex/IdeaProjects/ILang/src/main/scala/parser/SyntaxAnalyzer.scala. Using presentation compiler with project's scala-library version: 3.3.6
2025.10.08 01:10:05 INFO  no build target found for /home/alex/IdeaProjects/ILang/src/main/scala/parser/SyntaxAnalyzer.scala. Using presentation compiler with project's scala-library version: 3.3.6
Oct 08, 2025 1:10:05 AM org.eclipse.lsp4j.jsonrpc.RemoteEndpoint handleCancellation
WARNING: Unmatched cancel notification for request id 1921
2025.10.08 01:10:05 INFO  no build target found for /home/alex/IdeaProjects/ILang/src/main/scala/parser/SyntaxAnalyzer.scala. Using presentation compiler with project's scala-library version: 3.3.6
2025.10.08 01:10:05 INFO  no build target found for /home/alex/IdeaProjects/ILang/src/main/scala/parser/SyntaxAnalyzer.scala. Using presentation compiler with project's scala-library version: 3.3.6
2025.10.08 01:10:05 INFO  no build target found for /home/alex/IdeaProjects/ILang/src/main/scala/parser/SyntaxAnalyzer.scala. Using presentation compiler with project's scala-library version: 3.3.6
2025.10.08 01:10:05 INFO  no build target found for /home/alex/IdeaProjects/ILang/src/main/scala/parser/SyntaxAnalyzer.scala. Using presentation compiler with project's scala-library version: 3.3.6
2025.10.08 01:10:05 WARN  no build target for: /home/alex/IdeaProjects/ILang/src/main/scala/parser/SyntaxAnalyzer.scala
2025.10.08 01:10:05 INFO  no build target found for /home/alex/IdeaProjects/ILang/src/main/scala/parser/SyntaxAnalyzer.scala. Using presentation compiler with project's scala-library version: 3.3.6
2025.10.08 01:10:05 INFO  no build target found for /home/alex/IdeaProjects/ILang/src/main/scala/parser/SyntaxAnalyzer.scala. Using presentation compiler with project's scala-library version: 3.3.6
2025.10.08 01:10:05 INFO  no build target found for /home/alex/IdeaProjects/ILang/src/main/scala/parser/SyntaxAnalyzer.scala. Using presentation compiler with project's scala-library version: 3.3.6
Oct 08, 2025 1:10:05 AM org.eclipse.lsp4j.jsonrpc.RemoteEndpoint handleCancellation
WARNING: Unmatched cancel notification for request id 1926
2025.10.08 01:10:05 INFO  no build target found for /home/alex/IdeaProjects/ILang/src/main/scala/parser/SyntaxAnalyzer.scala. Using presentation compiler with project's scala-library version: 3.3.6
2025.10.08 01:10:05 INFO  no build target found for /home/alex/IdeaProjects/ILang/src/main/scala/parser/SyntaxAnalyzer.scala. Using presentation compiler with project's scala-library version: 3.3.6
2025.10.08 01:10:05 INFO  no build target found for /home/alex/IdeaProjects/ILang/src/main/scala/parser/SyntaxAnalyzer.scala. Using presentation compiler with project's scala-library version: 3.3.6
Oct 08, 2025 1:10:05 AM org.eclipse.lsp4j.jsonrpc.RemoteEndpoint handleCancellation
WARNING: Unmatched cancel notification for request id 1929
2025.10.08 01:10:05 INFO  no build target found for /home/alex/IdeaProjects/ILang/src/main/scala/parser/SyntaxAnalyzer.scala. Using presentation compiler with project's scala-library version: 3.3.6
2025.10.08 01:10:05 INFO  no build target found for /home/alex/IdeaProjects/ILang/src/main/scala/parser/SyntaxAnalyzer.scala. Using presentation compiler with project's scala-library version: 3.3.6
2025.10.08 01:10:05 INFO  no build target found for /home/alex/IdeaProjects/ILang/src/main/scala/parser/SyntaxAnalyzer.scala. Using presentation compiler with project's scala-library version: 3.3.6
2025.10.08 01:10:05 INFO  no build target found for /home/alex/IdeaProjects/ILang/src/main/scala/parser/SyntaxAnalyzer.scala. Using presentation compiler with project's scala-library version: 3.3.6
2025.10.08 01:10:05 INFO  no build target found for /home/alex/IdeaProjects/ILang/src/main/scala/parser/SyntaxAnalyzer.scala. Using presentation compiler with project's scala-library version: 3.3.6
Oct 08, 2025 1:10:06 AM org.eclipse.lsp4j.jsonrpc.RemoteEndpoint handleCancellation
WARNING: Unmatched cancel notification for request id 1934
2025.10.08 01:10:05 INFO  no build target found for /home/alex/IdeaProjects/ILang/src/main/scala/parser/SyntaxAnalyzer.scala. Using presentation compiler with project's scala-library version: 3.3.6
2025.10.08 01:10:05 INFO  no build target found for /home/alex/IdeaProjects/ILang/src/main/scala/parser/SyntaxAnalyzer.scala. Using presentation compiler with project's scala-library version: 3.3.6
2025.10.08 01:10:06 INFO  no build target found for /home/alex/IdeaProjects/ILang/src/main/scala/parser/SyntaxAnalyzer.scala. Using presentation compiler with project's scala-library version: 3.3.6
2025.10.08 01:10:06 INFO  no build target found for /home/alex/IdeaProjects/ILang/src/main/scala/parser/SyntaxAnalyzer.scala. Using presentation compiler with project's scala-library version: 3.3.6
2025.10.08 01:10:06 INFO  no build target found for /home/alex/IdeaProjects/ILang/src/main/scala/parser/SyntaxAnalyzer.scala. Using presentation compiler with project's scala-library version: 3.3.6
Oct 08, 2025 1:10:06 AM org.eclipse.lsp4j.jsonrpc.RemoteEndpoint handleCancellation
WARNING: Unmatched cancel notification for request id 1938
2025.10.08 01:10:05 INFO  no build target found for /home/alex/IdeaProjects/ILang/src/main/scala/parser/SyntaxAnalyzer.scala. Using presentation compiler with project's scala-library version: 3.3.6
2025.10.08 01:10:06 INFO  no build target found for /home/alex/IdeaProjects/ILang/src/main/scala/parser/SyntaxAnalyzer.scala. Using presentation compiler with project's scala-library version: 3.3.6
2025.10.08 01:10:06 INFO  no build target found for /home/alex/IdeaProjects/ILang/src/main/scala/parser/SyntaxAnalyzer.scala. Using presentation compiler with project's scala-library version: 3.3.6
2025.10.08 01:10:06 INFO  no build target found for /home/alex/IdeaProjects/ILang/src/main/scala/parser/SyntaxAnalyzer.scala. Using presentation compiler with project's scala-library version: 3.3.6
2025.10.08 01:10:06 INFO  no build target found for /home/alex/IdeaProjects/ILang/src/main/scala/parser/SyntaxAnalyzer.scala. Using presentation compiler with project's scala-library version: 3.3.6
2025.10.08 01:10:06 INFO  no build target found for /home/alex/IdeaProjects/ILang/src/main/scala/parser/SyntaxAnalyzer.scala. Using presentation compiler with project's scala-library version: 3.3.6
2025.10.08 01:10:05 INFO  no build target found for /home/alex/IdeaProjects/ILang/src/main/scala/parser/SyntaxAnalyzer.scala. Using presentation compiler with project's scala-library version: 3.3.6
2025.10.08 01:10:06 INFO  no build target found for /home/alex/IdeaProjects/ILang/src/main/scala/parser/SyntaxAnalyzer.scala. Using presentation compiler with project's scala-library version: 3.3.6
2025.10.08 01:10:06 INFO  no build target found for /home/alex/IdeaProjects/ILang/src/main/scala/parser/SyntaxAnalyzer.scala. Using presentation compiler with project's scala-library version: 3.3.6
2025.10.08 01:10:06 INFO  no build target found for /home/alex/IdeaProjects/ILang/src/main/scala/parser/SyntaxAnalyzer.scala. Using presentation compiler with project's scala-library version: 3.3.6
2025.10.08 01:10:06 INFO  no build target found for /home/alex/IdeaProjects/ILang/src/main/scala/parser/SyntaxAnalyzer.scala. Using presentation compiler with project's scala-library version: 3.3.6
2025.10.08 01:10:06 INFO  no build target found for /home/alex/IdeaProjects/ILang/src/main/scala/parser/SyntaxAnalyzer.scala. Using presentation compiler with project's scala-library version: 3.3.6
2025.10.08 01:10:06 INFO  no build target found for /home/alex/IdeaProjects/ILang/src/main/scala/parser/SyntaxAnalyzer.scala. Using presentation compiler with project's scala-library version: 3.3.6
2025.10.08 01:10:06 INFO  no build target found for /home/alex/IdeaProjects/ILang/src/main/scala/parser/SyntaxAnalyzer.scala. Using presentation compiler with project's scala-library version: 3.3.6
2025.10.08 01:10:06 INFO  no build target found for /home/alex/IdeaProjects/ILang/src/main/scala/parser/SyntaxAnalyzer.scala. Using presentation compiler with project's scala-library version: 3.3.6
Oct 08, 2025 1:10:06 AM org.eclipse.lsp4j.jsonrpc.RemoteEndpoint handleCancellation
WARNING: Unmatched cancel notification for request id 1954
2025.10.08 01:10:06 INFO  no build target found for /home/alex/IdeaProjects/ILang/src/main/scala/parser/SyntaxAnalyzer.scala. Using presentation compiler with project's scala-library version: 3.3.6
2025.10.08 01:10:06 INFO  no build target found for /home/alex/IdeaProjects/ILang/src/main/scala/parser/SyntaxAnalyzer.scala. Using presentation compiler with project's scala-library version: 3.3.6
2025.10.08 01:10:06 INFO  no build target found for /home/alex/IdeaProjects/ILang/src/main/scala/parser/SyntaxAnalyzer.scala. Using presentation compiler with project's scala-library version: 3.3.6
2025.10.08 01:10:06 INFO  no build target found for /home/alex/IdeaProjects/ILang/src/main/scala/parser/SyntaxAnalyzer.scala. Using presentation compiler with project's scala-library version: 3.3.6
2025.10.08 01:10:07 INFO  no build target found for /home/alex/IdeaProjects/ILang/src/main/scala/parser/SyntaxAnalyzer.scala. Using presentation compiler with project's scala-library version: 3.3.6
2025.10.08 01:10:07 INFO  no build target found for /home/alex/IdeaProjects/ILang/src/main/scala/parser/SyntaxAnalyzer.scala. Using presentation compiler with project's scala-library version: 3.3.6
2025.10.08 01:10:07 INFO  no build target found for /home/alex/IdeaProjects/ILang/src/main/scala/parser/SyntaxAnalyzer.scala. Using presentation compiler with project's scala-library version: 3.3.6
2025.10.08 01:10:07 INFO  no build target found for /home/alex/IdeaProjects/ILang/src/main/scala/parser/SyntaxAnalyzer.scala. Using presentation compiler with project's scala-library version: 3.3.6
2025.10.08 01:10:07 INFO  no build target found for /home/alex/IdeaProjects/ILang/src/main/scala/parser/SyntaxAnalyzer.scala. Using presentation compiler with project's scala-library version: 3.3.6
2025.10.08 01:10:07 INFO  no build target found for /home/alex/IdeaProjects/ILang/src/main/scala/parser/SyntaxAnalyzer.scala. Using presentation compiler with project's scala-library version: 3.3.6
2025.10.08 01:10:07 INFO  no build target found for /home/alex/IdeaProjects/ILang/src/main/scala/parser/SyntaxAnalyzer.scala. Using presentation compiler with project's scala-library version: 3.3.6
2025.10.08 01:10:07 INFO  no build target found for /home/alex/IdeaProjects/ILang/src/main/scala/parser/SyntaxAnalyzer.scala. Using presentation compiler with project's scala-library version: 3.3.6
2025.10.08 01:10:07 INFO  no build target found for /home/alex/IdeaProjects/ILang/src/main/scala/parser/SyntaxAnalyzer.scala. Using presentation compiler with project's scala-library version: 3.3.6
2025.10.08 01:10:07 INFO  no build target found for /home/alex/IdeaProjects/ILang/src/main/scala/parser/SyntaxAnalyzer.scala. Using presentation compiler with project's scala-library version: 3.3.6
2025.10.08 01:10:07 INFO  no build target found for /home/alex/IdeaProjects/ILang/src/main/scala/parser/SyntaxAnalyzer.scala. Using presentation compiler with project's scala-library version: 3.3.6
2025.10.08 01:10:07 INFO  no build target found for /home/alex/IdeaProjects/ILang/src/main/scala/parser/SyntaxAnalyzer.scala. Using presentation compiler with project's scala-library version: 3.3.6
Oct 08, 2025 1:10:07 AM org.eclipse.lsp4j.jsonrpc.RemoteEndpoint handleCancellation
WARNING: Unmatched cancel notification for request id 1970
2025.10.08 01:10:07 INFO  no build target found for /home/alex/IdeaProjects/ILang/src/main/scala/parser/SyntaxAnalyzer.scala. Using presentation compiler with project's scala-library version: 3.3.6
2025.10.08 01:10:07 INFO  no build target found for /home/alex/IdeaProjects/ILang/src/main/scala/parser/SyntaxAnalyzer.scala. Using presentation compiler with project's scala-library version: 3.3.6
2025.10.08 01:10:07 INFO  no build target found for /home/alex/IdeaProjects/ILang/src/main/scala/parser/SyntaxAnalyzer.scala. Using presentation compiler with project's scala-library version: 3.3.6
2025.10.08 01:10:07 INFO  no build target found for /home/alex/IdeaProjects/ILang/src/main/scala/parser/SyntaxAnalyzer.scala. Using presentation compiler with project's scala-library version: 3.3.6
2025.10.08 01:10:06 INFO  no build target found for /home/alex/IdeaProjects/ILang/src/main/scala/parser/SyntaxAnalyzer.scala. Using presentation compiler with project's scala-library version: 3.3.6
2025.10.08 01:10:07 INFO  no build target found for /home/alex/IdeaProjects/ILang/src/main/scala/parser/SyntaxAnalyzer.scala. Using presentation compiler with project's scala-library version: 3.3.6
2025.10.08 01:10:07 INFO  no build target found for /home/alex/IdeaProjects/ILang/src/main/scala/parser/SyntaxAnalyzer.scala. Using presentation compiler with project's scala-library version: 3.3.6
2025.10.08 01:10:07 INFO  no build target found for /home/alex/IdeaProjects/ILang/src/main/scala/parser/SyntaxAnalyzer.scala. Using presentation compiler with project's scala-library version: 3.3.6
2025.10.08 01:10:07 INFO  no build target found for /home/alex/IdeaProjects/ILang/src/main/scala/parser/SyntaxAnalyzer.scala. Using presentation compiler with project's scala-library version: 3.3.6
2025.10.08 01:10:07 INFO  no build target found for /home/alex/IdeaProjects/ILang/src/main/scala/parser/SyntaxAnalyzer.scala. Using presentation compiler with project's scala-library version: 3.3.6
2025.10.08 01:10:07 INFO  no build target found for /home/alex/IdeaProjects/ILang/src/main/scala/parser/SyntaxAnalyzer.scala. Using presentation compiler with project's scala-library version: 3.3.6
2025.10.08 01:10:07 INFO  no build target found for /home/alex/IdeaProjects/ILang/src/main/scala/parser/SyntaxAnalyzer.scala. Using presentation compiler with project's scala-library version: 3.3.6
2025.10.08 01:10:07 INFO  no build target found for /home/alex/IdeaProjects/ILang/src/main/scala/parser/SyntaxAnalyzer.scala. Using presentation compiler with project's scala-library version: 3.3.6
2025.10.08 01:10:07 INFO  no build target found for /home/alex/IdeaProjects/ILang/src/main/scala/parser/SyntaxAnalyzer.scala. Using presentation compiler with project's scala-library version: 3.3.6
2025.10.08 01:10:07 INFO  no build target found for /home/alex/IdeaProjects/ILang/src/main/scala/parser/SyntaxAnalyzer.scala. Using presentation compiler with project's scala-library version: 3.3.6
2025.10.08 01:10:08 INFO  no build target found for /home/alex/IdeaProjects/ILang/src/main/scala/parser/SyntaxAnalyzer.scala. Using presentation compiler with project's scala-library version: 3.3.6
2025.10.08 01:10:08 INFO  no build target found for /home/alex/IdeaProjects/ILang/src/main/scala/parser/SyntaxAnalyzer.scala. Using presentation compiler with project's scala-library version: 3.3.6
Oct 08, 2025 1:10:08 AM org.eclipse.lsp4j.jsonrpc.RemoteEndpoint handleCancellation
WARNING: Unmatched cancel notification for request id 1989
2025.10.08 01:10:08 INFO  no build target found for /home/alex/IdeaProjects/ILang/src/main/scala/parser/SyntaxAnalyzer.scala. Using presentation compiler with project's scala-library version: 3.3.6
2025.10.08 01:10:08 INFO  no build target found for /home/alex/IdeaProjects/ILang/src/main/scala/parser/SyntaxAnalyzer.scala. Using presentation compiler with project's scala-library version: 3.3.6
2025.10.08 01:10:08 INFO  no build target found for /home/alex/IdeaProjects/ILang/src/main/scala/parser/SyntaxAnalyzer.scala. Using presentation compiler with project's scala-library version: 3.3.6
2025.10.08 01:10:08 INFO  no build target found for /home/alex/IdeaProjects/ILang/src/main/scala/parser/SyntaxAnalyzer.scala. Using presentation compiler with project's scala-library version: 3.3.6
2025.10.08 01:10:07 INFO  no build target found for /home/alex/IdeaProjects/ILang/src/main/scala/parser/SyntaxAnalyzer.scala. Using presentation compiler with project's scala-library version: 3.3.6
2025.10.08 01:10:08 INFO  no build target found for /home/alex/IdeaProjects/ILang/src/main/scala/parser/SyntaxAnalyzer.scala. Using presentation compiler with project's scala-library version: 3.3.6
2025.10.08 01:10:08 INFO  no build target found for /home/alex/IdeaProjects/ILang/src/main/scala/parser/SyntaxAnalyzer.scala. Using presentation compiler with project's scala-library version: 3.3.6
2025.10.08 01:10:08 INFO  no build target found for /home/alex/IdeaProjects/ILang/src/main/scala/parser/SyntaxAnalyzer.scala. Using presentation compiler with project's scala-library version: 3.3.6
2025.10.08 01:10:08 INFO  no build target found for /home/alex/IdeaProjects/ILang/src/main/scala/parser/SyntaxAnalyzer.scala. Using presentation compiler with project's scala-library version: 3.3.6
2025.10.08 01:10:08 INFO  no build target found for /home/alex/IdeaProjects/ILang/src/main/scala/parser/SyntaxAnalyzer.scala. Using presentation compiler with project's scala-library version: 3.3.6
2025.10.08 01:10:08 INFO  no build target found for /home/alex/IdeaProjects/ILang/src/main/scala/parser/SyntaxAnalyzer.scala. Using presentation compiler with project's scala-library version: 3.3.6
Oct 08, 2025 1:10:08 AM org.eclipse.lsp4j.jsonrpc.RemoteEndpoint handleCancellation
WARNING: Unmatched cancel notification for request id 1999
2025.10.08 01:10:08 INFO  no build target found for /home/alex/IdeaProjects/ILang/src/main/scala/parser/SyntaxAnalyzer.scala. Using presentation compiler with project's scala-library version: 3.3.6
2025.10.08 01:10:08 INFO  no build target found for /home/alex/IdeaProjects/ILang/src/main/scala/parser/SyntaxAnalyzer.scala. Using presentation compiler with project's scala-library version: 3.3.6
Oct 08, 2025 1:10:09 AM org.eclipse.lsp4j.jsonrpc.RemoteEndpoint handleCancellation
WARNING: Unmatched cancel notification for request id 2002
2025.10.08 01:10:08 INFO  no build target found for /home/alex/IdeaProjects/ILang/src/main/scala/parser/SyntaxAnalyzer.scala. Using presentation compiler with project's scala-library version: 3.3.6
Oct 08, 2025 1:10:09 AM org.eclipse.lsp4j.jsonrpc.RemoteEndpoint handleCancellation
WARNING: Unmatched cancel notification for request id 2003
2025.10.08 01:10:08 INFO  no build target found for /home/alex/IdeaProjects/ILang/src/main/scala/parser/SyntaxAnalyzer.scala. Using presentation compiler with project's scala-library version: 3.3.6
2025.10.08 01:10:08 INFO  no build target found for /home/alex/IdeaProjects/ILang/src/main/scala/parser/SyntaxAnalyzer.scala. Using presentation compiler with project's scala-library version: 3.3.6
2025.10.08 01:10:08 INFO  no build target found for /home/alex/IdeaProjects/ILang/src/main/scala/parser/SyntaxAnalyzer.scala. Using presentation compiler with project's scala-library version: 3.3.6
2025.10.08 01:10:08 INFO  no build target found for /home/alex/IdeaProjects/ILang/src/main/scala/parser/SyntaxAnalyzer.scala. Using presentation compiler with project's scala-library version: 3.3.6
2025.10.08 01:10:09 INFO  no build target found for /home/alex/IdeaProjects/ILang/src/main/scala/parser/SyntaxAnalyzer.scala. Using presentation compiler with project's scala-library version: 3.3.6
2025.10.08 01:10:09 INFO  no build target found for /home/alex/IdeaProjects/ILang/src/main/scala/parser/SyntaxAnalyzer.scala. Using presentation compiler with project's scala-library version: 3.3.6
2025.10.08 01:10:09 INFO  no build target found for /home/alex/IdeaProjects/ILang/src/main/scala/parser/SyntaxAnalyzer.scala. Using presentation compiler with project's scala-library version: 3.3.6
2025.10.08 01:10:09 INFO  no build target found for /home/alex/IdeaProjects/ILang/src/main/scala/parser/SyntaxAnalyzer.scala. Using presentation compiler with project's scala-library version: 3.3.6
2025.10.08 01:10:09 INFO  no build target found for /home/alex/IdeaProjects/ILang/src/main/scala/parser/SyntaxAnalyzer.scala. Using presentation compiler with project's scala-library version: 3.3.6
2025.10.08 01:10:09 INFO  no build target found for /home/alex/IdeaProjects/ILang/src/main/scala/parser/SyntaxAnalyzer.scala. Using presentation compiler with project's scala-library version: 3.3.6
2025.10.08 01:10:09 INFO  no build target found for /home/alex/IdeaProjects/ILang/src/main/scala/parser/SyntaxAnalyzer.scala. Using presentation compiler with project's scala-library version: 3.3.6
2025.10.08 01:10:09 INFO  no build target found for /home/alex/IdeaProjects/ILang/src/main/scala/parser/SyntaxAnalyzer.scala. Using presentation compiler with project's scala-library version: 3.3.6
2025.10.08 01:10:09 INFO  no build target found for /home/alex/IdeaProjects/ILang/src/main/scala/parser/SyntaxAnalyzer.scala. Using presentation compiler with project's scala-library version: 3.3.6
2025.10.08 01:10:09 INFO  no build target found for /home/alex/IdeaProjects/ILang/src/main/scala/parser/SyntaxAnalyzer.scala. Using presentation compiler with project's scala-library version: 3.3.6
Oct 08, 2025 1:10:09 AM org.eclipse.lsp4j.jsonrpc.RemoteEndpoint handleCancellation
WARNING: Unmatched cancel notification for request id 2020
2025.10.08 01:10:09 INFO  no build target found for /home/alex/IdeaProjects/ILang/src/main/scala/parser/SyntaxAnalyzer.scala. Using presentation compiler with project's scala-library version: 3.3.6
2025.10.08 01:10:09 INFO  no build target found for /home/alex/IdeaProjects/ILang/src/main/scala/parser/SyntaxAnalyzer.scala. Using presentation compiler with project's scala-library version: 3.3.6
2025.10.08 01:10:09 INFO  no build target found for /home/alex/IdeaProjects/ILang/src/main/scala/parser/SyntaxAnalyzer.scala. Using presentation compiler with project's scala-library version: 3.3.6
2025.10.08 01:10:09 INFO  no build target found for /home/alex/IdeaProjects/ILang/src/main/scala/parser/SyntaxAnalyzer.scala. Using presentation compiler with project's scala-library version: 3.3.6
2025.10.08 01:10:09 INFO  no build target found for /home/alex/IdeaProjects/ILang/src/main/scala/parser/SyntaxAnalyzer.scala. Using presentation compiler with project's scala-library version: 3.3.6
2025.10.08 01:10:09 INFO  no build target found for /home/alex/IdeaProjects/ILang/src/main/scala/parser/SyntaxAnalyzer.scala. Using presentation compiler with project's scala-library version: 3.3.6
2025.10.08 01:10:09 INFO  no build target found for /home/alex/IdeaProjects/ILang/src/main/scala/parser/SyntaxAnalyzer.scala. Using presentation compiler with project's scala-library version: 3.3.6
2025.10.08 01:10:09 INFO  no build target found for /home/alex/IdeaProjects/ILang/src/main/scala/parser/SyntaxAnalyzer.scala. Using presentation compiler with project's scala-library version: 3.3.6
2025.10.08 01:10:09 INFO  no build target found for /home/alex/IdeaProjects/ILang/src/main/scala/parser/SyntaxAnalyzer.scala. Using presentation compiler with project's scala-library version: 3.3.6
2025.10.08 01:10:09 INFO  no build target found for /home/alex/IdeaProjects/ILang/src/main/scala/parser/SyntaxAnalyzer.scala. Using presentation compiler with project's scala-library version: 3.3.6
2025.10.08 01:10:09 INFO  no build target found for /home/alex/IdeaProjects/ILang/src/main/scala/parser/SyntaxAnalyzer.scala. Using presentation compiler with project's scala-library version: 3.3.6
2025.10.08 01:10:09 INFO  no build target found for /home/alex/IdeaProjects/ILang/src/main/scala/parser/SyntaxAnalyzer.scala. Using presentation compiler with project's scala-library version: 3.3.6
2025.10.08 01:10:10 INFO  no build target found for /home/alex/IdeaProjects/ILang/src/main/scala/parser/SyntaxAnalyzer.scala. Using presentation compiler with project's scala-library version: 3.3.6
2025.10.08 01:10:09 INFO  no build target found for /home/alex/IdeaProjects/ILang/src/main/scala/parser/SyntaxAnalyzer.scala. Using presentation compiler with project's scala-library version: 3.3.6
2025.10.08 01:10:09 INFO  no build target found for /home/alex/IdeaProjects/ILang/src/main/scala/parser/SyntaxAnalyzer.scala. Using presentation compiler with project's scala-library version: 3.3.6
2025.10.08 01:10:09 INFO  no build target found for /home/alex/IdeaProjects/ILang/src/main/scala/parser/SyntaxAnalyzer.scala. Using presentation compiler with project's scala-library version: 3.3.6
2025.10.08 01:10:09 INFO  no build target found for /home/alex/IdeaProjects/ILang/src/main/scala/parser/SyntaxAnalyzer.scala. Using presentation compiler with project's scala-library version: 3.3.6
2025.10.08 01:10:09 INFO  no build target found for /home/alex/IdeaProjects/ILang/src/main/scala/parser/SyntaxAnalyzer.scala. Using presentation compiler with project's scala-library version: 3.3.6
2025.10.08 01:10:09 INFO  no build target found for /home/alex/IdeaProjects/ILang/src/main/scala/parser/SyntaxAnalyzer.scala. Using presentation compiler with project's scala-library version: 3.3.6
2025.10.08 01:10:10 INFO  no build target found for /home/alex/IdeaProjects/ILang/src/main/scala/parser/SyntaxAnalyzer.scala. Using presentation compiler with project's scala-library version: 3.3.6
2025.10.08 01:10:10 INFO  no build target found for /home/alex/IdeaProjects/ILang/src/main/scala/parser/SyntaxAnalyzer.scala. Using presentation compiler with project's scala-library version: 3.3.6
2025.10.08 01:10:10 INFO  no build target found for /home/alex/IdeaProjects/ILang/src/main/scala/parser/SyntaxAnalyzer.scala. Using presentation compiler with project's scala-library version: 3.3.6
2025.10.08 01:10:10 INFO  no build target found for /home/alex/IdeaProjects/ILang/src/main/scala/parser/SyntaxAnalyzer.scala. Using presentation compiler with project's scala-library version: 3.3.6
2025.10.08 01:10:10 INFO  no build target found for /home/alex/IdeaProjects/ILang/src/main/scala/parser/SyntaxAnalyzer.scala. Using presentation compiler with project's scala-library version: 3.3.6
2025.10.08 01:10:10 INFO  no build target found for /home/alex/IdeaProjects/ILang/src/main/scala/parser/SyntaxAnalyzer.scala. Using presentation compiler with project's scala-library version: 3.3.6
2025.10.08 01:10:10 INFO  no build target found for /home/alex/IdeaProjects/ILang/src/main/scala/parser/SyntaxAnalyzer.scala. Using presentation compiler with project's scala-library version: 3.3.6
2025.10.08 01:10:10 INFO  no build target found for /home/alex/IdeaProjects/ILang/src/main/scala/parser/SyntaxAnalyzer.scala. Using presentation compiler with project's scala-library version: 3.3.6
2025.10.08 01:10:10 INFO  no build target found for /home/alex/IdeaProjects/ILang/src/main/scala/parser/SyntaxAnalyzer.scala. Using presentation compiler with project's scala-library version: 3.3.6
2025.10.08 01:10:10 INFO  no build target found for /home/alex/IdeaProjects/ILang/src/main/scala/parser/SyntaxAnalyzer.scala. Using presentation compiler with project's scala-library version: 3.3.6
2025.10.08 01:10:10 INFO  no build target found for /home/alex/IdeaProjects/ILang/src/main/scala/parser/SyntaxAnalyzer.scala. Using presentation compiler with project's scala-library version: 3.3.6
2025.10.08 01:10:10 INFO  no build target found for /home/alex/IdeaProjects/ILang/src/main/scala/parser/SyntaxAnalyzer.scala. Using presentation compiler with project's scala-library version: 3.3.6
2025.10.08 01:10:10 INFO  no build target found for /home/alex/IdeaProjects/ILang/src/main/scala/parser/SyntaxAnalyzer.scala. Using presentation compiler with project's scala-library version: 3.3.6
Oct 08, 2025 1:10:10 AM org.eclipse.lsp4j.jsonrpc.RemoteEndpoint handleCancellation
WARNING: Unmatched cancel notification for request id 2054
2025.10.08 01:10:10 INFO  no build target found for /home/alex/IdeaProjects/ILang/src/main/scala/parser/SyntaxAnalyzer.scala. Using presentation compiler with project's scala-library version: 3.3.6
2025.10.08 01:10:10 INFO  no build target found for /home/alex/IdeaProjects/ILang/src/main/scala/parser/SyntaxAnalyzer.scala. Using presentation compiler with project's scala-library version: 3.3.6
2025.10.08 01:10:10 INFO  no build target found for /home/alex/IdeaProjects/ILang/src/main/scala/parser/SyntaxAnalyzer.scala. Using presentation compiler with project's scala-library version: 3.3.6
2025.10.08 01:10:10 INFO  no build target found for /home/alex/IdeaProjects/ILang/src/main/scala/parser/SyntaxAnalyzer.scala. Using presentation compiler with project's scala-library version: 3.3.6
2025.10.08 01:10:10 INFO  no build target found for /home/alex/IdeaProjects/ILang/src/main/scala/parser/SyntaxAnalyzer.scala. Using presentation compiler with project's scala-library version: 3.3.6
2025.10.08 01:10:10 INFO  no build target found for /home/alex/IdeaProjects/ILang/src/main/scala/parser/SyntaxAnalyzer.scala. Using presentation compiler with project's scala-library version: 3.3.6
2025.10.08 01:10:11 INFO  no build target found for /home/alex/IdeaProjects/ILang/src/main/scala/parser/SyntaxAnalyzer.scala. Using presentation compiler with project's scala-library version: 3.3.6
2025.10.08 01:10:10 INFO  no build target found for /home/alex/IdeaProjects/ILang/src/main/scala/parser/SyntaxAnalyzer.scala. Using presentation compiler with project's scala-library version: 3.3.6
2025.10.08 01:10:10 INFO  no build target found for /home/alex/IdeaProjects/ILang/src/main/scala/parser/SyntaxAnalyzer.scala. Using presentation compiler with project's scala-library version: 3.3.6
Oct 08, 2025 1:10:11 AM org.eclipse.lsp4j.jsonrpc.RemoteEndpoint handleCancellation
WARNING: Unmatched cancel notification for request id 2063
2025.10.08 01:10:10 INFO  no build target found for /home/alex/IdeaProjects/ILang/src/main/scala/parser/SyntaxAnalyzer.scala. Using presentation compiler with project's scala-library version: 3.3.6
2025.10.08 01:10:10 INFO  no build target found for /home/alex/IdeaProjects/ILang/src/main/scala/parser/SyntaxAnalyzer.scala. Using presentation compiler with project's scala-library version: 3.3.6
2025.10.08 01:10:10 INFO  no build target found for /home/alex/IdeaProjects/ILang/src/main/scala/parser/SyntaxAnalyzer.scala. Using presentation compiler with project's scala-library version: 3.3.6
Oct 08, 2025 1:10:11 AM org.eclipse.lsp4j.jsonrpc.RemoteEndpoint handleCancellation
WARNING: Unmatched cancel notification for request id 2068
2025.10.08 01:10:10 INFO  no build target found for /home/alex/IdeaProjects/ILang/src/main/scala/parser/SyntaxAnalyzer.scala. Using presentation compiler with project's scala-library version: 3.3.6
2025.10.08 01:10:10 INFO  no build target found for /home/alex/IdeaProjects/ILang/src/main/scala/parser/SyntaxAnalyzer.scala. Using presentation compiler with project's scala-library version: 3.3.6
2025.10.08 01:10:11 INFO  no build target found for /home/alex/IdeaProjects/ILang/src/main/scala/parser/SyntaxAnalyzer.scala. Using presentation compiler with project's scala-library version: 3.3.6
2025.10.08 01:10:11 INFO  no build target found for /home/alex/IdeaProjects/ILang/src/main/scala/parser/SyntaxAnalyzer.scala. Using presentation compiler with project's scala-library version: 3.3.6
2025.10.08 01:10:11 INFO  no build target found for /home/alex/IdeaProjects/ILang/src/main/scala/parser/SyntaxAnalyzer.scala. Using presentation compiler with project's scala-library version: 3.3.6
2025.10.08 01:10:11 INFO  no build target found for /home/alex/IdeaProjects/ILang/src/main/scala/parser/SyntaxAnalyzer.scala. Using presentation compiler with project's scala-library version: 3.3.6
2025.10.08 01:10:11 INFO  no build target found for /home/alex/IdeaProjects/ILang/src/main/scala/parser/SyntaxAnalyzer.scala. Using presentation compiler with project's scala-library version: 3.3.6
Oct 08, 2025 1:10:11 AM org.eclipse.lsp4j.jsonrpc.RemoteEndpoint handleCancellation
WARNING: Unmatched cancel notification for request id 2075
2025.10.08 01:10:11 INFO  no build target found for /home/alex/IdeaProjects/ILang/src/main/scala/parser/SyntaxAnalyzer.scala. Using presentation compiler with project's scala-library version: 3.3.6
2025.10.08 01:10:11 INFO  no build target found for /home/alex/IdeaProjects/ILang/src/main/scala/parser/SyntaxAnalyzer.scala. Using presentation compiler with project's scala-library version: 3.3.6
2025.10.08 01:10:11 INFO  no build target found for /home/alex/IdeaProjects/ILang/src/main/scala/parser/SyntaxAnalyzer.scala. Using presentation compiler with project's scala-library version: 3.3.6
2025.10.08 01:10:11 INFO  no build target found for /home/alex/IdeaProjects/ILang/src/main/scala/parser/SyntaxAnalyzer.scala. Using presentation compiler with project's scala-library version: 3.3.6
2025.10.08 01:10:11 INFO  no build target found for /home/alex/IdeaProjects/ILang/src/main/scala/parser/SyntaxAnalyzer.scala. Using presentation compiler with project's scala-library version: 3.3.6
Oct 08, 2025 1:10:11 AM org.eclipse.lsp4j.jsonrpc.RemoteEndpoint handleCancellation
WARNING: Unmatched cancel notification for request id 2082
2025.10.08 01:10:11 INFO  no build target found for /home/alex/IdeaProjects/ILang/src/main/scala/parser/SyntaxAnalyzer.scala. Using presentation compiler with project's scala-library version: 3.3.6
Oct 08, 2025 1:10:11 AM org.eclipse.lsp4j.jsonrpc.RemoteEndpoint handleCancellation
WARNING: Unmatched cancel notification for request id 2083
2025.10.08 01:10:11 INFO  no build target found for /home/alex/IdeaProjects/ILang/src/main/scala/parser/SyntaxAnalyzer.scala. Using presentation compiler with project's scala-library version: 3.3.6
2025.10.08 01:10:11 INFO  no build target found for /home/alex/IdeaProjects/ILang/src/main/scala/parser/SyntaxAnalyzer.scala. Using presentation compiler with project's scala-library version: 3.3.6
2025.10.08 01:10:11 INFO  no build target found for /home/alex/IdeaProjects/ILang/src/main/scala/parser/SyntaxAnalyzer.scala. Using presentation compiler with project's scala-library version: 3.3.6
2025.10.08 01:10:11 INFO  no build target found for /home/alex/IdeaProjects/ILang/src/main/scala/parser/SyntaxAnalyzer.scala. Using presentation compiler with project's scala-library version: 3.3.6
2025.10.08 01:10:11 INFO  no build target found for /home/alex/IdeaProjects/ILang/src/main/scala/parser/SyntaxAnalyzer.scala. Using presentation compiler with project's scala-library version: 3.3.6
2025.10.08 01:10:11 INFO  no build target found for /home/alex/IdeaProjects/ILang/src/main/scala/parser/SyntaxAnalyzer.scala. Using presentation compiler with project's scala-library version: 3.3.6
Oct 08, 2025 1:10:12 AM org.eclipse.lsp4j.jsonrpc.RemoteEndpoint handleCancellation
WARNING: Unmatched cancel notification for request id 2089
2025.10.08 01:10:11 INFO  no build target found for /home/alex/IdeaProjects/ILang/src/main/scala/parser/SyntaxAnalyzer.scala. Using presentation compiler with project's scala-library version: 3.3.6
2025.10.08 01:10:12 INFO  no build target found for /home/alex/IdeaProjects/ILang/src/main/scala/parser/SyntaxAnalyzer.scala. Using presentation compiler with project's scala-library version: 3.3.6
2025.10.08 01:10:11 INFO  no build target found for /home/alex/IdeaProjects/ILang/src/main/scala/parser/SyntaxAnalyzer.scala. Using presentation compiler with project's scala-library version: 3.3.6
2025.10.08 01:10:11 INFO  no build target found for /home/alex/IdeaProjects/ILang/src/main/scala/parser/SyntaxAnalyzer.scala. Using presentation compiler with project's scala-library version: 3.3.6
2025.10.08 01:10:11 INFO  no build target found for /home/alex/IdeaProjects/ILang/src/main/scala/parser/SyntaxAnalyzer.scala. Using presentation compiler with project's scala-library version: 3.3.6
2025.10.08 01:10:11 INFO  no build target found for /home/alex/IdeaProjects/ILang/src/main/scala/parser/SyntaxAnalyzer.scala. Using presentation compiler with project's scala-library version: 3.3.6
2025.10.08 01:10:11 INFO  no build target found for /home/alex/IdeaProjects/ILang/src/main/scala/parser/SyntaxAnalyzer.scala. Using presentation compiler with project's scala-library version: 3.3.6
2025.10.08 01:10:12 INFO  no build target found for /home/alex/IdeaProjects/ILang/src/main/scala/parser/SyntaxAnalyzer.scala. Using presentation compiler with project's scala-library version: 3.3.6
2025.10.08 01:10:12 INFO  no build target found for /home/alex/IdeaProjects/ILang/src/main/scala/parser/SyntaxAnalyzer.scala. Using presentation compiler with project's scala-library version: 3.3.6
2025.10.08 01:10:12 INFO  no build target found for /home/alex/IdeaProjects/ILang/src/main/scala/parser/SyntaxAnalyzer.scala. Using presentation compiler with project's scala-library version: 3.3.6
2025.10.08 01:10:12 INFO  no build target found for /home/alex/IdeaProjects/ILang/src/main/scala/parser/SyntaxAnalyzer.scala. Using presentation compiler with project's scala-library version: 3.3.6
2025.10.08 01:10:12 INFO  no build target found for /home/alex/IdeaProjects/ILang/src/main/scala/parser/SyntaxAnalyzer.scala. Using presentation compiler with project's scala-library version: 3.3.6
2025.10.08 01:10:12 INFO  no build target found for /home/alex/IdeaProjects/ILang/src/main/scala/parser/SyntaxAnalyzer.scala. Using presentation compiler with project's scala-library version: 3.3.6
Oct 08, 2025 1:10:12 AM org.eclipse.lsp4j.jsonrpc.RemoteEndpoint handleCancellation
WARNING: Unmatched cancel notification for request id 2102
2025.10.08 01:10:12 INFO  no build target found for /home/alex/IdeaProjects/ILang/src/main/scala/parser/SyntaxAnalyzer.scala. Using presentation compiler with project's scala-library version: 3.3.6
2025.10.08 01:10:12 INFO  no build target found for /home/alex/IdeaProjects/ILang/src/main/scala/parser/SyntaxAnalyzer.scala. Using presentation compiler with project's scala-library version: 3.3.6
2025.10.08 01:10:12 INFO  no build target found for /home/alex/IdeaProjects/ILang/src/main/scala/parser/SyntaxAnalyzer.scala. Using presentation compiler with project's scala-library version: 3.3.6
Oct 08, 2025 1:10:12 AM org.eclipse.lsp4j.jsonrpc.RemoteEndpoint handleCancellation
WARNING: Unmatched cancel notification for request id 2105
2025.10.08 01:10:12 INFO  no build target found for /home/alex/IdeaProjects/ILang/src/main/scala/parser/SyntaxAnalyzer.scala. Using presentation compiler with project's scala-library version: 3.3.6
2025.10.08 01:10:12 INFO  no build target found for /home/alex/IdeaProjects/ILang/src/main/scala/parser/SyntaxAnalyzer.scala. Using presentation compiler with project's scala-library version: 3.3.6
2025.10.08 01:10:12 INFO  no build target found for /home/alex/IdeaProjects/ILang/src/main/scala/parser/SyntaxAnalyzer.scala. Using presentation compiler with project's scala-library version: 3.3.6
2025.10.08 01:10:12 INFO  no build target found for /home/alex/IdeaProjects/ILang/src/main/scala/parser/SyntaxAnalyzer.scala. Using presentation compiler with project's scala-library version: 3.3.6
2025.10.08 01:10:12 INFO  no build target found for /home/alex/IdeaProjects/ILang/src/main/scala/parser/SyntaxAnalyzer.scala. Using presentation compiler with project's scala-library version: 3.3.6
2025.10.08 01:10:12 INFO  no build target found for /home/alex/IdeaProjects/ILang/src/main/scala/parser/SyntaxAnalyzer.scala. Using presentation compiler with project's scala-library version: 3.3.6
2025.10.08 01:10:12 INFO  no build target found for /home/alex/IdeaProjects/ILang/src/main/scala/parser/SyntaxAnalyzer.scala. Using presentation compiler with project's scala-library version: 3.3.6
2025.10.08 01:10:12 INFO  no build target found for /home/alex/IdeaProjects/ILang/src/main/scala/parser/SyntaxAnalyzer.scala. Using presentation compiler with project's scala-library version: 3.3.6
2025.10.08 01:10:12 INFO  no build target found for /home/alex/IdeaProjects/ILang/src/main/scala/parser/SyntaxAnalyzer.scala. Using presentation compiler with project's scala-library version: 3.3.6
2025.10.08 01:10:12 INFO  no build target found for /home/alex/IdeaProjects/ILang/src/main/scala/parser/SyntaxAnalyzer.scala. Using presentation compiler with project's scala-library version: 3.3.6
2025.10.08 01:10:12 INFO  no build target found for /home/alex/IdeaProjects/ILang/src/main/scala/parser/SyntaxAnalyzer.scala. Using presentation compiler with project's scala-library version: 3.3.6
2025.10.08 01:10:13 INFO  no build target found for /home/alex/IdeaProjects/ILang/src/main/scala/parser/SyntaxAnalyzer.scala. Using presentation compiler with project's scala-library version: 3.3.6
2025.10.08 01:10:12 INFO  no build target found for /home/alex/IdeaProjects/ILang/src/main/scala/parser/SyntaxAnalyzer.scala. Using presentation compiler with project's scala-library version: 3.3.6
2025.10.08 01:10:12 INFO  no build target found for /home/alex/IdeaProjects/ILang/src/main/scala/parser/SyntaxAnalyzer.scala. Using presentation compiler with project's scala-library version: 3.3.6
2025.10.08 01:10:12 INFO  no build target found for /home/alex/IdeaProjects/ILang/src/main/scala/parser/SyntaxAnalyzer.scala. Using presentation compiler with project's scala-library version: 3.3.6
2025.10.08 01:10:12 INFO  no build target found for /home/alex/IdeaProjects/ILang/src/main/scala/parser/SyntaxAnalyzer.scala. Using presentation compiler with project's scala-library version: 3.3.6
2025.10.08 01:10:12 INFO  no build target found for /home/alex/IdeaProjects/ILang/src/main/scala/parser/SyntaxAnalyzer.scala. Using presentation compiler with project's scala-library version: 3.3.6
Oct 08, 2025 1:10:13 AM org.eclipse.lsp4j.jsonrpc.RemoteEndpoint handleCancellation
WARNING: Unmatched cancel notification for request id 2124
2025.10.08 01:10:12 INFO  no build target found for /home/alex/IdeaProjects/ILang/src/main/scala/parser/SyntaxAnalyzer.scala. Using presentation compiler with project's scala-library version: 3.3.6
2025.10.08 01:10:12 INFO  no build target found for /home/alex/IdeaProjects/ILang/src/main/scala/parser/SyntaxAnalyzer.scala. Using presentation compiler with project's scala-library version: 3.3.6
2025.10.08 01:10:12 INFO  no build target found for /home/alex/IdeaProjects/ILang/src/main/scala/parser/SyntaxAnalyzer.scala. Using presentation compiler with project's scala-library version: 3.3.6
2025.10.08 01:10:12 INFO  no build target found for /home/alex/IdeaProjects/ILang/src/main/scala/parser/SyntaxAnalyzer.scala. Using presentation compiler with project's scala-library version: 3.3.6
2025.10.08 01:10:13 INFO  no build target found for /home/alex/IdeaProjects/ILang/src/main/scala/parser/SyntaxAnalyzer.scala. Using presentation compiler with project's scala-library version: 3.3.6
2025.10.08 01:10:13 INFO  no build target found for /home/alex/IdeaProjects/ILang/src/main/scala/parser/SyntaxAnalyzer.scala. Using presentation compiler with project's scala-library version: 3.3.6
2025.10.08 01:10:13 INFO  no build target found for /home/alex/IdeaProjects/ILang/src/main/scala/parser/SyntaxAnalyzer.scala. Using presentation compiler with project's scala-library version: 3.3.6
2025.10.08 01:10:13 INFO  no build target found for /home/alex/IdeaProjects/ILang/src/main/scala/parser/SyntaxAnalyzer.scala. Using presentation compiler with project's scala-library version: 3.3.6
2025.10.08 01:10:13 INFO  no build target found for /home/alex/IdeaProjects/ILang/src/main/scala/parser/SyntaxAnalyzer.scala. Using presentation compiler with project's scala-library version: 3.3.6
2025.10.08 01:10:13 INFO  no build target found for /home/alex/IdeaProjects/ILang/src/main/scala/parser/SyntaxAnalyzer.scala. Using presentation compiler with project's scala-library version: 3.3.6
2025.10.08 01:10:13 INFO  no build target found for /home/alex/IdeaProjects/ILang/src/main/scala/parser/SyntaxAnalyzer.scala. Using presentation compiler with project's scala-library version: 3.3.6
2025.10.08 01:10:13 INFO  no build target found for /home/alex/IdeaProjects/ILang/src/main/scala/parser/SyntaxAnalyzer.scala. Using presentation compiler with project's scala-library version: 3.3.6
2025.10.08 01:10:13 INFO  no build target found for /home/alex/IdeaProjects/ILang/src/main/scala/parser/SyntaxAnalyzer.scala. Using presentation compiler with project's scala-library version: 3.3.6
2025.10.08 01:10:13 INFO  no build target found for /home/alex/IdeaProjects/ILang/src/main/scala/parser/SyntaxAnalyzer.scala. Using presentation compiler with project's scala-library version: 3.3.6
2025.10.08 01:10:13 INFO  no build target found for /home/alex/IdeaProjects/ILang/src/main/scala/parser/SyntaxAnalyzer.scala. Using presentation compiler with project's scala-library version: 3.3.6
2025.10.08 01:10:13 INFO  no build target found for /home/alex/IdeaProjects/ILang/src/main/scala/parser/SyntaxAnalyzer.scala. Using presentation compiler with project's scala-library version: 3.3.6
2025.10.08 01:10:13 INFO  no build target found for /home/alex/IdeaProjects/ILang/src/main/scala/parser/SyntaxAnalyzer.scala. Using presentation compiler with project's scala-library version: 3.3.6
2025.10.08 01:10:13 INFO  no build target found for /home/alex/IdeaProjects/ILang/src/main/scala/parser/SyntaxAnalyzer.scala. Using presentation compiler with project's scala-library version: 3.3.6
2025.10.08 01:10:13 INFO  no build target found for /home/alex/IdeaProjects/ILang/src/main/scala/parser/SyntaxAnalyzer.scala. Using presentation compiler with project's scala-library version: 3.3.6
2025.10.08 01:10:14 INFO  no build target found for /home/alex/IdeaProjects/ILang/src/main/scala/parser/SyntaxAnalyzer.scala. Using presentation compiler with project's scala-library version: 3.3.6
2025.10.08 01:10:13 INFO  no build target found for /home/alex/IdeaProjects/ILang/src/main/scala/parser/SyntaxAnalyzer.scala. Using presentation compiler with project's scala-library version: 3.3.6
2025.10.08 01:10:13 INFO  no build target found for /home/alex/IdeaProjects/ILang/src/main/scala/parser/SyntaxAnalyzer.scala. Using presentation compiler with project's scala-library version: 3.3.6
2025.10.08 01:10:13 INFO  no build target found for /home/alex/IdeaProjects/ILang/src/main/scala/parser/SyntaxAnalyzer.scala. Using presentation compiler with project's scala-library version: 3.3.6
2025.10.08 01:10:13 INFO  no build target found for /home/alex/IdeaProjects/ILang/src/main/scala/parser/SyntaxAnalyzer.scala. Using presentation compiler with project's scala-library version: 3.3.6
2025.10.08 01:10:13 INFO  no build target found for /home/alex/IdeaProjects/ILang/src/main/scala/parser/SyntaxAnalyzer.scala. Using presentation compiler with project's scala-library version: 3.3.6
2025.10.08 01:10:13 INFO  no build target found for /home/alex/IdeaProjects/ILang/src/main/scala/parser/SyntaxAnalyzer.scala. Using presentation compiler with project's scala-library version: 3.3.6
2025.10.08 01:10:14 INFO  no build target found for /home/alex/IdeaProjects/ILang/src/main/scala/parser/SyntaxAnalyzer.scala. Using presentation compiler with project's scala-library version: 3.3.6
2025.10.08 01:10:14 INFO  no build target found for /home/alex/IdeaProjects/ILang/src/main/scala/parser/SyntaxAnalyzer.scala. Using presentation compiler with project's scala-library version: 3.3.6
2025.10.08 01:10:14 INFO  no build target found for /home/alex/IdeaProjects/ILang/src/main/scala/parser/SyntaxAnalyzer.scala. Using presentation compiler with project's scala-library version: 3.3.6
2025.10.08 01:10:14 INFO  no build target found for /home/alex/IdeaProjects/ILang/src/main/scala/parser/SyntaxAnalyzer.scala. Using presentation compiler with project's scala-library version: 3.3.6
2025.10.08 01:10:14 INFO  no build target found for /home/alex/IdeaProjects/ILang/src/main/scala/parser/SyntaxAnalyzer.scala. Using presentation compiler with project's scala-library version: 3.3.6
2025.10.08 01:10:14 INFO  no build target found for /home/alex/IdeaProjects/ILang/src/main/scala/parser/SyntaxAnalyzer.scala. Using presentation compiler with project's scala-library version: 3.3.6
2025.10.08 01:10:14 INFO  no build target found for /home/alex/IdeaProjects/ILang/src/main/scala/parser/SyntaxAnalyzer.scala. Using presentation compiler with project's scala-library version: 3.3.6
2025.10.08 01:10:14 INFO  no build target found for /home/alex/IdeaProjects/ILang/src/main/scala/parser/SyntaxAnalyzer.scala. Using presentation compiler with project's scala-library version: 3.3.6
2025.10.08 01:10:14 INFO  no build target found for /home/alex/IdeaProjects/ILang/src/main/scala/parser/SyntaxAnalyzer.scala. Using presentation compiler with project's scala-library version: 3.3.6
2025.10.08 01:10:14 INFO  no build target found for /home/alex/IdeaProjects/ILang/src/main/scala/parser/SyntaxAnalyzer.scala. Using presentation compiler with project's scala-library version: 3.3.6
2025.10.08 01:10:14 INFO  no build target found for /home/alex/IdeaProjects/ILang/src/main/scala/parser/SyntaxAnalyzer.scala. Using presentation compiler with project's scala-library version: 3.3.6
2025.10.08 01:10:14 INFO  no build target found for /home/alex/IdeaProjects/ILang/src/main/scala/parser/SyntaxAnalyzer.scala. Using presentation compiler with project's scala-library version: 3.3.6
2025.10.08 01:10:14 INFO  no build target found for /home/alex/IdeaProjects/ILang/src/main/scala/parser/SyntaxAnalyzer.scala. Using presentation compiler with project's scala-library version: 3.3.6
2025.10.08 01:10:14 INFO  no build target found for /home/alex/IdeaProjects/ILang/src/main/scala/parser/SyntaxAnalyzer.scala. Using presentation compiler with project's scala-library version: 3.3.6
2025.10.08 01:10:14 INFO  no build target found for /home/alex/IdeaProjects/ILang/src/main/scala/parser/SyntaxAnalyzer.scala. Using presentation compiler with project's scala-library version: 3.3.6
2025.10.08 01:10:14 INFO  no build target found for /home/alex/IdeaProjects/ILang/src/main/scala/parser/SyntaxAnalyzer.scala. Using presentation compiler with project's scala-library version: 3.3.6
Oct 08, 2025 1:10:15 AM org.eclipse.lsp4j.jsonrpc.RemoteEndpoint handleCancellation
WARNING: Unmatched cancel notification for request id 2166
2025.10.08 01:10:14 INFO  no build target found for /home/alex/IdeaProjects/ILang/src/main/scala/parser/SyntaxAnalyzer.scala. Using presentation compiler with project's scala-library version: 3.3.6
2025.10.08 01:10:14 INFO  no build target found for /home/alex/IdeaProjects/ILang/src/main/scala/parser/SyntaxAnalyzer.scala. Using presentation compiler with project's scala-library version: 3.3.6
2025.10.08 01:10:14 INFO  no build target found for /home/alex/IdeaProjects/ILang/src/main/scala/parser/SyntaxAnalyzer.scala. Using presentation compiler with project's scala-library version: 3.3.6
2025.10.08 01:10:14 INFO  no build target found for /home/alex/IdeaProjects/ILang/src/main/scala/parser/SyntaxAnalyzer.scala. Using presentation compiler with project's scala-library version: 3.3.6
2025.10.08 01:10:14 INFO  no build target found for /home/alex/IdeaProjects/ILang/src/main/scala/parser/SyntaxAnalyzer.scala. Using presentation compiler with project's scala-library version: 3.3.6
2025.10.08 01:10:15 INFO  no build target found for /home/alex/IdeaProjects/ILang/src/main/scala/parser/SyntaxAnalyzer.scala. Using presentation compiler with project's scala-library version: 3.3.6
2025.10.08 01:10:15 INFO  no build target found for /home/alex/IdeaProjects/ILang/src/main/scala/parser/SyntaxAnalyzer.scala. Using presentation compiler with project's scala-library version: 3.3.6
2025.10.08 01:10:15 INFO  no build target found for /home/alex/IdeaProjects/ILang/src/main/scala/parser/SyntaxAnalyzer.scala. Using presentation compiler with project's scala-library version: 3.3.6
2025.10.08 01:10:15 INFO  no build target found for /home/alex/IdeaProjects/ILang/src/main/scala/parser/SyntaxAnalyzer.scala. Using presentation compiler with project's scala-library version: 3.3.6
2025.10.08 01:10:15 INFO  no build target found for /home/alex/IdeaProjects/ILang/src/main/scala/parser/SyntaxAnalyzer.scala. Using presentation compiler with project's scala-library version: 3.3.6
Exception in thread "pool-765-thread-1" java.lang.InterruptedException
	at scala.meta.internal.metals.FutureCancelToken.checkCanceled(FutureCancelToken.scala:29)
	at scala.meta.internal.pc.CompilerAccess.onCompilerJobQueue$$anonfun$1(CompilerAccess.scala:244)
	at scala.meta.internal.pc.CompilerJobQueue$Job.run(CompilerJobQueue.scala:153)
	at java.base/java.util.concurrent.ThreadPoolExecutor.runWorker(ThreadPoolExecutor.java:1144)
	at java.base/java.util.concurrent.ThreadPoolExecutor$Worker.run(ThreadPoolExecutor.java:642)
	at java.base/java.lang.Thread.run(Thread.java:1583)
Oct 08, 2025 1:10:15 AM org.eclipse.lsp4j.jsonrpc.RemoteEndpoint handleCancellation
WARNING: Unmatched cancel notification for request id 2174
2025.10.08 01:10:15 INFO  no build target found for /home/alex/IdeaProjects/ILang/src/main/scala/parser/SyntaxAnalyzer.scala. Using presentation compiler with project's scala-library version: 3.3.6
2025.10.08 01:10:15 INFO  no build target found for /home/alex/IdeaProjects/ILang/src/main/scala/parser/SyntaxAnalyzer.scala. Using presentation compiler with project's scala-library version: 3.3.6
2025.10.08 01:10:15 INFO  no build target found for /home/alex/IdeaProjects/ILang/src/main/scala/parser/SyntaxAnalyzer.scala. Using presentation compiler with project's scala-library version: 3.3.6
Exception in thread "pool-767-thread-1" java.lang.InterruptedException
	at scala.meta.internal.metals.FutureCancelToken.checkCanceled(FutureCancelToken.scala:29)
	at scala.meta.internal.pc.CompilerAccess.onCompilerJobQueue$$anonfun$1(CompilerAccess.scala:244)
	at scala.meta.internal.pc.CompilerJobQueue$Job.run(CompilerJobQueue.scala:153)
	at java.base/java.util.concurrent.ThreadPoolExecutor.runWorker(ThreadPoolExecutor.java:1144)
	at java.base/java.util.concurrent.ThreadPoolExecutor$Worker.run(ThreadPoolExecutor.java:642)
	at java.base/java.lang.Thread.run(Thread.java:1583)
Oct 08, 2025 1:10:15 AM org.eclipse.lsp4j.jsonrpc.RemoteEndpoint handleCancellation
WARNING: Unmatched cancel notification for request id 2177
2025.10.08 01:10:15 INFO  no build target found for /home/alex/IdeaProjects/ILang/src/main/scala/parser/SyntaxAnalyzer.scala. Using presentation compiler with project's scala-library version: 3.3.6
2025.10.08 01:10:15 INFO  no build target found for /home/alex/IdeaProjects/ILang/src/main/scala/parser/SyntaxAnalyzer.scala. Using presentation compiler with project's scala-library version: 3.3.6
2025.10.08 01:10:15 INFO  no build target found for /home/alex/IdeaProjects/ILang/src/main/scala/parser/SyntaxAnalyzer.scala. Using presentation compiler with project's scala-library version: 3.3.6
2025.10.08 01:10:16 INFO  no build target found for /home/alex/IdeaProjects/ILang/src/main/scala/parser/SyntaxAnalyzer.scala. Using presentation compiler with project's scala-library version: 3.3.6
2025.10.08 01:10:15 INFO  no build target found for /home/alex/IdeaProjects/ILang/src/main/scala/parser/SyntaxAnalyzer.scala. Using presentation compiler with project's scala-library version: 3.3.6
2025.10.08 01:10:15 INFO  no build target found for /home/alex/IdeaProjects/ILang/src/main/scala/parser/SyntaxAnalyzer.scala. Using presentation compiler with project's scala-library version: 3.3.6
2025.10.08 01:10:15 INFO  no build target found for /home/alex/IdeaProjects/ILang/src/main/scala/parser/SyntaxAnalyzer.scala. Using presentation compiler with project's scala-library version: 3.3.6
2025.10.08 01:10:15 INFO  no build target found for /home/alex/IdeaProjects/ILang/src/main/scala/parser/SyntaxAnalyzer.scala. Using presentation compiler with project's scala-library version: 3.3.6
2025.10.08 01:10:16 INFO  no build target found for /home/alex/IdeaProjects/ILang/src/main/scala/parser/SyntaxAnalyzer.scala. Using presentation compiler with project's scala-library version: 3.3.6
2025.10.08 01:10:15 INFO  no build target found for /home/alex/IdeaProjects/ILang/src/main/scala/parser/SyntaxAnalyzer.scala. Using presentation compiler with project's scala-library version: 3.3.6
Oct 08, 2025 1:10:16 AM org.eclipse.lsp4j.jsonrpc.RemoteEndpoint handleCancellation
WARNING: Unmatched cancel notification for request id 2185
2025.10.08 01:10:15 INFO  no build target found for /home/alex/IdeaProjects/ILang/src/main/scala/parser/SyntaxAnalyzer.scala. Using presentation compiler with project's scala-library version: 3.3.6
2025.10.08 01:10:15 INFO  no build target found for /home/alex/IdeaProjects/ILang/src/main/scala/parser/SyntaxAnalyzer.scala. Using presentation compiler with project's scala-library version: 3.3.6
2025.10.08 01:10:15 INFO  no build target found for /home/alex/IdeaProjects/ILang/src/main/scala/parser/SyntaxAnalyzer.scala. Using presentation compiler with project's scala-library version: 3.3.6
2025.10.08 01:10:15 INFO  no build target found for /home/alex/IdeaProjects/ILang/src/main/scala/parser/SyntaxAnalyzer.scala. Using presentation compiler with project's scala-library version: 3.3.6
Oct 08, 2025 1:10:16 AM org.eclipse.lsp4j.jsonrpc.RemoteEndpoint handleCancellation
WARNING: Unmatched cancel notification for request id 2189
Oct 08, 2025 1:10:16 AM org.eclipse.lsp4j.jsonrpc.RemoteEndpoint handleCancellation
WARNING: Unmatched cancel notification for request id 2191
2025.10.08 01:10:15 INFO  no build target found for /home/alex/IdeaProjects/ILang/src/main/scala/parser/SyntaxAnalyzer.scala. Using presentation compiler with project's scala-library version: 3.3.6
Oct 08, 2025 1:10:16 AM org.eclipse.lsp4j.jsonrpc.RemoteEndpoint handleCancellation
WARNING: Unmatched cancel notification for request id 2194
2025.10.08 01:10:15 INFO  no build target found for /home/alex/IdeaProjects/ILang/src/main/scala/parser/SyntaxAnalyzer.scala. Using presentation compiler with project's scala-library version: 3.3.6
2025.10.08 01:10:16 INFO  no build target found for /home/alex/IdeaProjects/ILang/src/main/scala/parser/SyntaxAnalyzer.scala. Using presentation compiler with project's scala-library version: 3.3.6
2025.10.08 01:10:15 INFO  no build target found for /home/alex/IdeaProjects/ILang/src/main/scala/parser/SyntaxAnalyzer.scala. Using presentation compiler with project's scala-library version: 3.3.6
2025.10.08 01:10:15 INFO  no build target found for /home/alex/IdeaProjects/ILang/src/main/scala/parser/SyntaxAnalyzer.scala. Using presentation compiler with project's scala-library version: 3.3.6
2025.10.08 01:10:15 INFO  no build target found for /home/alex/IdeaProjects/ILang/src/main/scala/parser/SyntaxAnalyzer.scala. Using presentation compiler with project's scala-library version: 3.3.6
2025.10.08 01:10:15 INFO  no build target found for /home/alex/IdeaProjects/ILang/src/main/scala/parser/SyntaxAnalyzer.scala. Using presentation compiler with project's scala-library version: 3.3.6
2025.10.08 01:10:15 INFO  no build target found for /home/alex/IdeaProjects/ILang/src/main/scala/parser/SyntaxAnalyzer.scala. Using presentation compiler with project's scala-library version: 3.3.6
2025.10.08 01:10:15 INFO  no build target found for /home/alex/IdeaProjects/ILang/src/main/scala/parser/SyntaxAnalyzer.scala. Using presentation compiler with project's scala-library version: 3.3.6
Oct 08, 2025 1:10:16 AM org.eclipse.lsp4j.jsonrpc.RemoteEndpoint handleCancellation
WARNING: Unmatched cancel notification for request id 2202
2025.10.08 01:10:15 INFO  no build target found for /home/alex/IdeaProjects/ILang/src/main/scala/parser/SyntaxAnalyzer.scala. Using presentation compiler with project's scala-library version: 3.3.6
2025.10.08 01:10:15 INFO  no build target found for /home/alex/IdeaProjects/ILang/src/main/scala/parser/SyntaxAnalyzer.scala. Using presentation compiler with project's scala-library version: 3.3.6
2025.10.08 01:10:16 INFO  no build target found for /home/alex/IdeaProjects/ILang/src/main/scala/parser/SyntaxAnalyzer.scala. Using presentation compiler with project's scala-library version: 3.3.6
2025.10.08 01:10:15 INFO  no build target found for /home/alex/IdeaProjects/ILang/src/main/scala/parser/SyntaxAnalyzer.scala. Using presentation compiler with project's scala-library version: 3.3.6
2025.10.08 01:10:15 INFO  no build target found for /home/alex/IdeaProjects/ILang/src/main/scala/parser/SyntaxAnalyzer.scala. Using presentation compiler with project's scala-library version: 3.3.6
2025.10.08 01:10:15 INFO  no build target found for /home/alex/IdeaProjects/ILang/src/main/scala/parser/SyntaxAnalyzer.scala. Using presentation compiler with project's scala-library version: 3.3.6
2025.10.08 01:10:15 INFO  no build target found for /home/alex/IdeaProjects/ILang/src/main/scala/parser/SyntaxAnalyzer.scala. Using presentation compiler with project's scala-library version: 3.3.6
2025.10.08 01:10:15 INFO  no build target found for /home/alex/IdeaProjects/ILang/src/main/scala/parser/SyntaxAnalyzer.scala. Using presentation compiler with project's scala-library version: 3.3.6
Oct 08, 2025 1:10:16 AM org.eclipse.lsp4j.jsonrpc.RemoteEndpoint handleCancellation
WARNING: Unmatched cancel notification for request id 2211
Oct 08, 2025 1:10:16 AM org.eclipse.lsp4j.jsonrpc.RemoteEndpoint handleCancellation
WARNING: Unmatched cancel notification for request id 2212
2025.10.08 01:10:16 INFO  no build target found for /home/alex/IdeaProjects/ILang/src/main/scala/parser/SyntaxAnalyzer.scala. Using presentation compiler with project's scala-library version: 3.3.6
Oct 08, 2025 1:10:16 AM org.eclipse.lsp4j.jsonrpc.RemoteEndpoint handleCancellation
WARNING: Unmatched cancel notification for request id 2213
2025.10.08 01:10:16 INFO  no build target found for /home/alex/IdeaProjects/ILang/src/main/scala/parser/SyntaxAnalyzer.scala. Using presentation compiler with project's scala-library version: 3.3.6
2025.10.08 01:10:16 INFO  no build target found for /home/alex/IdeaProjects/ILang/src/main/scala/parser/SyntaxAnalyzer.scala. Using presentation compiler with project's scala-library version: 3.3.6
2025.10.08 01:10:16 INFO  no build target found for /home/alex/IdeaProjects/ILang/src/main/scala/parser/SyntaxAnalyzer.scala. Using presentation compiler with project's scala-library version: 3.3.6
2025.10.08 01:10:16 INFO  no build target found for /home/alex/IdeaProjects/ILang/src/main/scala/parser/SyntaxAnalyzer.scala. Using presentation compiler with project's scala-library version: 3.3.6
2025.10.08 01:10:16 INFO  no build target found for /home/alex/IdeaProjects/ILang/src/main/scala/parser/SyntaxAnalyzer.scala. Using presentation compiler with project's scala-library version: 3.3.6
2025.10.08 01:10:16 INFO  no build target found for /home/alex/IdeaProjects/ILang/src/main/scala/parser/SyntaxAnalyzer.scala. Using presentation compiler with project's scala-library version: 3.3.6
2025.10.08 01:10:16 INFO  no build target found for /home/alex/IdeaProjects/ILang/src/main/scala/parser/SyntaxAnalyzer.scala. Using presentation compiler with project's scala-library version: 3.3.6
2025.10.08 01:10:16 INFO  no build target found for /home/alex/IdeaProjects/ILang/src/main/scala/parser/SyntaxAnalyzer.scala. Using presentation compiler with project's scala-library version: 3.3.6
2025.10.08 01:10:16 INFO  no build target found for /home/alex/IdeaProjects/ILang/src/main/scala/parser/SyntaxAnalyzer.scala. Using presentation compiler with project's scala-library version: 3.3.6
2025.10.08 01:10:16 INFO  no build target found for /home/alex/IdeaProjects/ILang/src/main/scala/parser/SyntaxAnalyzer.scala. Using presentation compiler with project's scala-library version: 3.3.6
2025.10.08 01:10:16 INFO  no build target found for /home/alex/IdeaProjects/ILang/src/main/scala/parser/SyntaxAnalyzer.scala. Using presentation compiler with project's scala-library version: 3.3.6
2025.10.08 01:10:16 INFO  no build target found for /home/alex/IdeaProjects/ILang/src/main/scala/parser/SyntaxAnalyzer.scala. Using presentation compiler with project's scala-library version: 3.3.6
Oct 08, 2025 1:10:17 AM org.eclipse.lsp4j.jsonrpc.RemoteEndpoint handleCancellation
WARNING: Unmatched cancel notification for request id 2227
2025.10.08 01:10:16 INFO  no build target found for /home/alex/IdeaProjects/ILang/src/main/scala/parser/SyntaxAnalyzer.scala. Using presentation compiler with project's scala-library version: 3.3.6
2025.10.08 01:10:16 INFO  no build target found for /home/alex/IdeaProjects/ILang/src/main/scala/parser/SyntaxAnalyzer.scala. Using presentation compiler with project's scala-library version: 3.3.6
2025.10.08 01:10:17 INFO  no build target found for /home/alex/IdeaProjects/ILang/src/main/scala/parser/SyntaxAnalyzer.scala. Using presentation compiler with project's scala-library version: 3.3.6
2025.10.08 01:10:16 INFO  no build target found for /home/alex/IdeaProjects/ILang/src/main/scala/parser/SyntaxAnalyzer.scala. Using presentation compiler with project's scala-library version: 3.3.6
2025.10.08 01:10:16 INFO  no build target found for /home/alex/IdeaProjects/ILang/src/main/scala/parser/SyntaxAnalyzer.scala. Using presentation compiler with project's scala-library version: 3.3.6
2025.10.08 01:10:16 INFO  no build target found for /home/alex/IdeaProjects/ILang/src/main/scala/parser/SyntaxAnalyzer.scala. Using presentation compiler with project's scala-library version: 3.3.6
2025.10.08 01:10:16 INFO  no build target found for /home/alex/IdeaProjects/ILang/src/main/scala/parser/SyntaxAnalyzer.scala. Using presentation compiler with project's scala-library version: 3.3.6
Oct 08, 2025 1:10:17 AM org.eclipse.lsp4j.jsonrpc.RemoteEndpoint handleCancellation
WARNING: Unmatched cancel notification for request id 2234
2025.10.08 01:10:16 INFO  no build target found for /home/alex/IdeaProjects/ILang/src/main/scala/parser/SyntaxAnalyzer.scala. Using presentation compiler with project's scala-library version: 3.3.6
2025.10.08 01:10:16 INFO  no build target found for /home/alex/IdeaProjects/ILang/src/main/scala/parser/SyntaxAnalyzer.scala. Using presentation compiler with project's scala-library version: 3.3.6
2025.10.08 01:10:16 INFO  no build target found for /home/alex/IdeaProjects/ILang/src/main/scala/parser/SyntaxAnalyzer.scala. Using presentation compiler with project's scala-library version: 3.3.6
2025.10.08 01:10:16 INFO  no build target found for /home/alex/IdeaProjects/ILang/src/main/scala/parser/SyntaxAnalyzer.scala. Using presentation compiler with project's scala-library version: 3.3.6
Oct 08, 2025 1:10:17 AM org.eclipse.lsp4j.jsonrpc.RemoteEndpoint handleCancellation
WARNING: Unmatched cancel notification for request id 2238
2025.10.08 01:10:16 INFO  no build target found for /home/alex/IdeaProjects/ILang/src/main/scala/parser/SyntaxAnalyzer.scala. Using presentation compiler with project's scala-library version: 3.3.6
2025.10.08 01:10:16 INFO  no build target found for /home/alex/IdeaProjects/ILang/src/main/scala/parser/SyntaxAnalyzer.scala. Using presentation compiler with project's scala-library version: 3.3.6
2025.10.08 01:10:16 INFO  no build target found for /home/alex/IdeaProjects/ILang/src/main/scala/parser/SyntaxAnalyzer.scala. Using presentation compiler with project's scala-library version: 3.3.6
2025.10.08 01:10:17 INFO  no build target found for /home/alex/IdeaProjects/ILang/src/main/scala/parser/SyntaxAnalyzer.scala. Using presentation compiler with project's scala-library version: 3.3.6
2025.10.08 01:10:16 INFO  no build target found for /home/alex/IdeaProjects/ILang/src/main/scala/parser/SyntaxAnalyzer.scala. Using presentation compiler with project's scala-library version: 3.3.6
2025.10.08 01:10:16 INFO  no build target found for /home/alex/IdeaProjects/ILang/src/main/scala/parser/SyntaxAnalyzer.scala. Using presentation compiler with project's scala-library version: 3.3.6
2025.10.08 01:10:16 INFO  no build target found for /home/alex/IdeaProjects/ILang/src/main/scala/parser/SyntaxAnalyzer.scala. Using presentation compiler with project's scala-library version: 3.3.6
2025.10.08 01:10:16 INFO  no build target found for /home/alex/IdeaProjects/ILang/src/main/scala/parser/SyntaxAnalyzer.scala. Using presentation compiler with project's scala-library version: 3.3.6
Oct 08, 2025 1:10:17 AM org.eclipse.lsp4j.jsonrpc.RemoteEndpoint handleCancellation
WARNING: Unmatched cancel notification for request id 2249
2025.10.08 01:10:17 INFO  no build target found for /home/alex/IdeaProjects/ILang/src/main/scala/parser/SyntaxAnalyzer.scala. Using presentation compiler with project's scala-library version: 3.3.6
Oct 08, 2025 1:10:17 AM org.eclipse.lsp4j.jsonrpc.RemoteEndpoint handleCancellation
WARNING: Unmatched cancel notification for request id 2250
2025.10.08 01:10:17 INFO  no build target found for /home/alex/IdeaProjects/ILang/src/main/scala/parser/SyntaxAnalyzer.scala. Using presentation compiler with project's scala-library version: 3.3.6
2025.10.08 01:10:17 INFO  no build target found for /home/alex/IdeaProjects/ILang/src/main/scala/parser/SyntaxAnalyzer.scala. Using presentation compiler with project's scala-library version: 3.3.6
2025.10.08 01:10:17 INFO  no build target found for /home/alex/IdeaProjects/ILang/src/main/scala/parser/SyntaxAnalyzer.scala. Using presentation compiler with project's scala-library version: 3.3.6
2025.10.08 01:10:17 INFO  no build target found for /home/alex/IdeaProjects/ILang/src/main/scala/parser/SyntaxAnalyzer.scala. Using presentation compiler with project's scala-library version: 3.3.6
2025.10.08 01:10:17 INFO  no build target found for /home/alex/IdeaProjects/ILang/src/main/scala/parser/SyntaxAnalyzer.scala. Using presentation compiler with project's scala-library version: 3.3.6
2025.10.08 01:10:17 INFO  no build target found for /home/alex/IdeaProjects/ILang/src/main/scala/parser/SyntaxAnalyzer.scala. Using presentation compiler with project's scala-library version: 3.3.6
2025.10.08 01:10:17 INFO  no build target found for /home/alex/IdeaProjects/ILang/src/main/scala/parser/SyntaxAnalyzer.scala. Using presentation compiler with project's scala-library version: 3.3.6
2025.10.08 01:10:17 INFO  no build target found for /home/alex/IdeaProjects/ILang/src/main/scala/parser/SyntaxAnalyzer.scala. Using presentation compiler with project's scala-library version: 3.3.6
Oct 08, 2025 1:10:17 AM org.eclipse.lsp4j.jsonrpc.RemoteEndpoint handleCancellation
WARNING: Unmatched cancel notification for request id 2258
2025.10.08 01:10:17 INFO  no build target found for /home/alex/IdeaProjects/ILang/src/main/scala/parser/SyntaxAnalyzer.scala. Using presentation compiler with project's scala-library version: 3.3.6
2025.10.08 01:10:17 INFO  no build target found for /home/alex/IdeaProjects/ILang/src/main/scala/parser/SyntaxAnalyzer.scala. Using presentation compiler with project's scala-library version: 3.3.6
2025.10.08 01:10:18 INFO  no build target found for /home/alex/IdeaProjects/ILang/src/main/scala/parser/SyntaxAnalyzer.scala. Using presentation compiler with project's scala-library version: 3.3.6
2025.10.08 01:10:17 INFO  no build target found for /home/alex/IdeaProjects/ILang/src/main/scala/parser/SyntaxAnalyzer.scala. Using presentation compiler with project's scala-library version: 3.3.6
2025.10.08 01:10:17 INFO  no build target found for /home/alex/IdeaProjects/ILang/src/main/scala/parser/SyntaxAnalyzer.scala. Using presentation compiler with project's scala-library version: 3.3.6
2025.10.08 01:10:17 INFO  no build target found for /home/alex/IdeaProjects/ILang/src/main/scala/parser/SyntaxAnalyzer.scala. Using presentation compiler with project's scala-library version: 3.3.6
2025.10.08 01:10:17 INFO  no build target found for /home/alex/IdeaProjects/ILang/src/main/scala/parser/SyntaxAnalyzer.scala. Using presentation compiler with project's scala-library version: 3.3.6
2025.10.08 01:10:17 INFO  no build target found for /home/alex/IdeaProjects/ILang/src/main/scala/parser/SyntaxAnalyzer.scala. Using presentation compiler with project's scala-library version: 3.3.6
2025.10.08 01:10:17 INFO  no build target found for /home/alex/IdeaProjects/ILang/src/main/scala/parser/SyntaxAnalyzer.scala. Using presentation compiler with project's scala-library version: 3.3.6
2025.10.08 01:10:17 INFO  no build target found for /home/alex/IdeaProjects/ILang/src/main/scala/parser/SyntaxAnalyzer.scala. Using presentation compiler with project's scala-library version: 3.3.6
2025.10.08 01:10:18 INFO  no build target found for /home/alex/IdeaProjects/ILang/src/main/scala/parser/SyntaxAnalyzer.scala. Using presentation compiler with project's scala-library version: 3.3.6
2025.10.08 01:10:17 INFO  no build target found for /home/alex/IdeaProjects/ILang/src/main/scala/parser/SyntaxAnalyzer.scala. Using presentation compiler with project's scala-library version: 3.3.6
2025.10.08 01:10:17 INFO  no build target found for /home/alex/IdeaProjects/ILang/src/main/scala/parser/SyntaxAnalyzer.scala. Using presentation compiler with project's scala-library version: 3.3.6
2025.10.08 01:10:17 INFO  no build target found for /home/alex/IdeaProjects/ILang/src/main/scala/parser/SyntaxAnalyzer.scala. Using presentation compiler with project's scala-library version: 3.3.6
2025.10.08 01:10:17 INFO  no build target found for /home/alex/IdeaProjects/ILang/src/main/scala/parser/SyntaxAnalyzer.scala. Using presentation compiler with project's scala-library version: 3.3.6
2025.10.08 01:10:17 INFO  no build target found for /home/alex/IdeaProjects/ILang/src/main/scala/parser/SyntaxAnalyzer.scala. Using presentation compiler with project's scala-library version: 3.3.6
2025.10.08 01:10:18 INFO  no build target found for /home/alex/IdeaProjects/ILang/src/main/scala/parser/SyntaxAnalyzer.scala. Using presentation compiler with project's scala-library version: 3.3.6
2025.10.08 01:10:18 INFO  no build target found for /home/alex/IdeaProjects/ILang/src/main/scala/parser/SyntaxAnalyzer.scala. Using presentation compiler with project's scala-library version: 3.3.6
2025.10.08 01:10:18 INFO  no build target found for /home/alex/IdeaProjects/ILang/src/main/scala/parser/SyntaxAnalyzer.scala. Using presentation compiler with project's scala-library version: 3.3.6
2025.10.08 01:10:18 INFO  no build target found for /home/alex/IdeaProjects/ILang/src/main/scala/parser/SyntaxAnalyzer.scala. Using presentation compiler with project's scala-library version: 3.3.6
2025.10.08 01:10:18 INFO  no build target found for /home/alex/IdeaProjects/ILang/src/main/scala/parser/SyntaxAnalyzer.scala. Using presentation compiler with project's scala-library version: 3.3.6
2025.10.08 01:10:18 INFO  no build target found for /home/alex/IdeaProjects/ILang/src/main/scala/parser/SyntaxAnalyzer.scala. Using presentation compiler with project's scala-library version: 3.3.6
2025.10.08 01:10:18 INFO  no build target found for /home/alex/IdeaProjects/ILang/src/main/scala/parser/SyntaxAnalyzer.scala. Using presentation compiler with project's scala-library version: 3.3.6
2025.10.08 01:10:18 INFO  no build target found for /home/alex/IdeaProjects/ILang/src/main/scala/parser/SyntaxAnalyzer.scala. Using presentation compiler with project's scala-library version: 3.3.6
2025.10.08 01:10:18 INFO  no build target found for /home/alex/IdeaProjects/ILang/src/main/scala/parser/SyntaxAnalyzer.scala. Using presentation compiler with project's scala-library version: 3.3.6
2025.10.08 01:10:18 INFO  no build target found for /home/alex/IdeaProjects/ILang/src/main/scala/parser/SyntaxAnalyzer.scala. Using presentation compiler with project's scala-library version: 3.3.6
2025.10.08 01:10:19 INFO  no build target found for /home/alex/IdeaProjects/ILang/src/main/scala/parser/SyntaxAnalyzer.scala. Using presentation compiler with project's scala-library version: 3.3.6
2025.10.08 01:10:18 INFO  no build target found for /home/alex/IdeaProjects/ILang/src/main/scala/parser/SyntaxAnalyzer.scala. Using presentation compiler with project's scala-library version: 3.3.6
2025.10.08 01:10:18 INFO  no build target found for /home/alex/IdeaProjects/ILang/src/main/scala/parser/SyntaxAnalyzer.scala. Using presentation compiler with project's scala-library version: 3.3.6
2025.10.08 01:10:18 INFO  no build target found for /home/alex/IdeaProjects/ILang/src/main/scala/parser/SyntaxAnalyzer.scala. Using presentation compiler with project's scala-library version: 3.3.6
2025.10.08 01:10:18 INFO  no build target found for /home/alex/IdeaProjects/ILang/src/main/scala/parser/SyntaxAnalyzer.scala. Using presentation compiler with project's scala-library version: 3.3.6
2025.10.08 01:10:18 INFO  no build target found for /home/alex/IdeaProjects/ILang/src/main/scala/parser/SyntaxAnalyzer.scala. Using presentation compiler with project's scala-library version: 3.3.6
2025.10.08 01:10:18 INFO  no build target found for /home/alex/IdeaProjects/ILang/src/main/scala/parser/SyntaxAnalyzer.scala. Using presentation compiler with project's scala-library version: 3.3.6
2025.10.08 01:10:18 INFO  no build target found for /home/alex/IdeaProjects/ILang/src/main/scala/parser/SyntaxAnalyzer.scala. Using presentation compiler with project's scala-library version: 3.3.6
2025.10.08 01:10:19 INFO  no build target found for /home/alex/IdeaProjects/ILang/src/main/scala/parser/SyntaxAnalyzer.scala. Using presentation compiler with project's scala-library version: 3.3.6
2025.10.08 01:10:18 INFO  no build target found for /home/alex/IdeaProjects/ILang/src/main/scala/parser/SyntaxAnalyzer.scala. Using presentation compiler with project's scala-library version: 3.3.6
2025.10.08 01:10:18 INFO  no build target found for /home/alex/IdeaProjects/ILang/src/main/scala/parser/SyntaxAnalyzer.scala. Using presentation compiler with project's scala-library version: 3.3.6
2025.10.08 01:10:18 INFO  no build target found for /home/alex/IdeaProjects/ILang/src/main/scala/parser/SyntaxAnalyzer.scala. Using presentation compiler with project's scala-library version: 3.3.6
2025.10.08 01:10:18 INFO  no build target found for /home/alex/IdeaProjects/ILang/src/main/scala/parser/SyntaxAnalyzer.scala. Using presentation compiler with project's scala-library version: 3.3.6
2025.10.08 01:10:18 INFO  no build target found for /home/alex/IdeaProjects/ILang/src/main/scala/parser/SyntaxAnalyzer.scala. Using presentation compiler with project's scala-library version: 3.3.6
2025.10.08 01:10:19 INFO  no build target found for /home/alex/IdeaProjects/ILang/src/main/scala/parser/SyntaxAnalyzer.scala. Using presentation compiler with project's scala-library version: 3.3.6
2025.10.08 01:10:19 INFO  no build target found for /home/alex/IdeaProjects/ILang/src/main/scala/parser/SyntaxAnalyzer.scala. Using presentation compiler with project's scala-library version: 3.3.6
2025.10.08 01:10:19 INFO  no build target found for /home/alex/IdeaProjects/ILang/src/main/scala/parser/SyntaxAnalyzer.scala. Using presentation compiler with project's scala-library version: 3.3.6
2025.10.08 01:10:19 INFO  no build target found for /home/alex/IdeaProjects/ILang/src/main/scala/parser/SyntaxAnalyzer.scala. Using presentation compiler with project's scala-library version: 3.3.6
2025.10.08 01:10:19 INFO  no build target found for /home/alex/IdeaProjects/ILang/src/main/scala/parser/SyntaxAnalyzer.scala. Using presentation compiler with project's scala-library version: 3.3.6
2025.10.08 01:10:19 INFO  no build target found for /home/alex/IdeaProjects/ILang/src/main/scala/parser/SyntaxAnalyzer.scala. Using presentation compiler with project's scala-library version: 3.3.6
2025.10.08 01:10:19 INFO  no build target found for /home/alex/IdeaProjects/ILang/src/main/scala/parser/SyntaxAnalyzer.scala. Using presentation compiler with project's scala-library version: 3.3.6
2025.10.08 01:10:19 INFO  no build target found for /home/alex/IdeaProjects/ILang/src/main/scala/parser/SyntaxAnalyzer.scala. Using presentation compiler with project's scala-library version: 3.3.6
2025.10.08 01:10:19 INFO  no build target found for /home/alex/IdeaProjects/ILang/src/main/scala/parser/SyntaxAnalyzer.scala. Using presentation compiler with project's scala-library version: 3.3.6
2025.10.08 01:10:19 INFO  no build target found for /home/alex/IdeaProjects/ILang/src/main/scala/parser/SyntaxAnalyzer.scala. Using presentation compiler with project's scala-library version: 3.3.6
2025.10.08 01:10:19 INFO  no build target found for /home/alex/IdeaProjects/ILang/src/main/scala/parser/SyntaxAnalyzer.scala. Using presentation compiler with project's scala-library version: 3.3.6
2025.10.08 01:10:19 INFO  no build target found for /home/alex/IdeaProjects/ILang/src/main/scala/parser/SyntaxAnalyzer.scala. Using presentation compiler with project's scala-library version: 3.3.6
2025.10.08 01:10:19 INFO  no build target found for /home/alex/IdeaProjects/ILang/src/main/scala/parser/SyntaxAnalyzer.scala. Using presentation compiler with project's scala-library version: 3.3.6
2025.10.08 01:10:19 INFO  no build target found for /home/alex/IdeaProjects/ILang/src/main/scala/parser/SyntaxAnalyzer.scala. Using presentation compiler with project's scala-library version: 3.3.6
2025.10.08 01:10:19 INFO  no build target found for /home/alex/IdeaProjects/ILang/src/main/scala/parser/SyntaxAnalyzer.scala. Using presentation compiler with project's scala-library version: 3.3.6
2025.10.08 01:10:19 INFO  no build target found for /home/alex/IdeaProjects/ILang/src/main/scala/parser/SyntaxAnalyzer.scala. Using presentation compiler with project's scala-library version: 3.3.6
2025.10.08 01:10:19 INFO  no build target found for /home/alex/IdeaProjects/ILang/src/main/scala/parser/SyntaxAnalyzer.scala. Using presentation compiler with project's scala-library version: 3.3.6
Oct 08, 2025 1:10:20 AM org.eclipse.lsp4j.jsonrpc.RemoteEndpoint handleCancellation
WARNING: Unmatched cancel notification for request id 2315
2025.10.08 01:10:19 INFO  no build target found for /home/alex/IdeaProjects/ILang/src/main/scala/parser/SyntaxAnalyzer.scala. Using presentation compiler with project's scala-library version: 3.3.6
2025.10.08 01:10:19 INFO  no build target found for /home/alex/IdeaProjects/ILang/src/main/scala/parser/SyntaxAnalyzer.scala. Using presentation compiler with project's scala-library version: 3.3.6
2025.10.08 01:10:20 INFO  no build target found for /home/alex/IdeaProjects/ILang/src/main/scala/parser/SyntaxAnalyzer.scala. Using presentation compiler with project's scala-library version: 3.3.6
2025.10.08 01:10:19 INFO  no build target found for /home/alex/IdeaProjects/ILang/src/main/scala/parser/SyntaxAnalyzer.scala. Using presentation compiler with project's scala-library version: 3.3.6
2025.10.08 01:10:20 INFO  no build target found for /home/alex/IdeaProjects/ILang/src/main/scala/parser/SyntaxAnalyzer.scala. Using presentation compiler with project's scala-library version: 3.3.6
2025.10.08 01:10:20 INFO  no build target found for /home/alex/IdeaProjects/ILang/src/main/scala/parser/SyntaxAnalyzer.scala. Using presentation compiler with project's scala-library version: 3.3.6
2025.10.08 01:10:20 INFO  no build target found for /home/alex/IdeaProjects/ILang/src/main/scala/parser/SyntaxAnalyzer.scala. Using presentation compiler with project's scala-library version: 3.3.6
2025.10.08 01:10:20 INFO  no build target found for /home/alex/IdeaProjects/ILang/src/main/scala/parser/SyntaxAnalyzer.scala. Using presentation compiler with project's scala-library version: 3.3.6
2025.10.08 01:10:20 INFO  no build target found for /home/alex/IdeaProjects/ILang/src/main/scala/parser/SyntaxAnalyzer.scala. Using presentation compiler with project's scala-library version: 3.3.6
2025.10.08 01:10:20 INFO  no build target found for /home/alex/IdeaProjects/ILang/src/main/scala/parser/SyntaxAnalyzer.scala. Using presentation compiler with project's scala-library version: 3.3.6
2025.10.08 01:10:20 INFO  no build target found for /home/alex/IdeaProjects/ILang/src/main/scala/parser/SyntaxAnalyzer.scala. Using presentation compiler with project's scala-library version: 3.3.6
2025.10.08 01:10:20 INFO  no build target found for /home/alex/IdeaProjects/ILang/src/main/scala/parser/SyntaxAnalyzer.scala. Using presentation compiler with project's scala-library version: 3.3.6
2025.10.08 01:10:20 INFO  no build target found for /home/alex/IdeaProjects/ILang/src/main/scala/parser/SyntaxAnalyzer.scala. Using presentation compiler with project's scala-library version: 3.3.6
2025.10.08 01:10:20 INFO  no build target found for /home/alex/IdeaProjects/ILang/src/main/scala/parser/SyntaxAnalyzer.scala. Using presentation compiler with project's scala-library version: 3.3.6
2025.10.08 01:10:20 INFO  no build target found for /home/alex/IdeaProjects/ILang/src/main/scala/parser/SyntaxAnalyzer.scala. Using presentation compiler with project's scala-library version: 3.3.6
2025.10.08 01:10:20 INFO  no build target found for /home/alex/IdeaProjects/ILang/src/main/scala/parser/SyntaxAnalyzer.scala. Using presentation compiler with project's scala-library version: 3.3.6
Oct 08, 2025 1:10:21 AM org.eclipse.lsp4j.jsonrpc.RemoteEndpoint handleCancellation
WARNING: Unmatched cancel notification for request id 2333
2025.10.08 01:10:20 INFO  no build target found for /home/alex/IdeaProjects/ILang/src/main/scala/parser/SyntaxAnalyzer.scala. Using presentation compiler with project's scala-library version: 3.3.6
2025.10.08 01:10:20 INFO  no build target found for /home/alex/IdeaProjects/ILang/src/main/scala/parser/SyntaxAnalyzer.scala. Using presentation compiler with project's scala-library version: 3.3.6
2025.10.08 01:10:20 INFO  no build target found for /home/alex/IdeaProjects/ILang/src/main/scala/parser/SyntaxAnalyzer.scala. Using presentation compiler with project's scala-library version: 3.3.6
2025.10.08 01:10:20 INFO  no build target found for /home/alex/IdeaProjects/ILang/src/main/scala/parser/SyntaxAnalyzer.scala. Using presentation compiler with project's scala-library version: 3.3.6
2025.10.08 01:10:20 INFO  no build target found for /home/alex/IdeaProjects/ILang/src/main/scala/parser/SyntaxAnalyzer.scala. Using presentation compiler with project's scala-library version: 3.3.6
2025.10.08 01:10:20 INFO  no build target found for /home/alex/IdeaProjects/ILang/src/main/scala/parser/SyntaxAnalyzer.scala. Using presentation compiler with project's scala-library version: 3.3.6
2025.10.08 01:10:20 INFO  no build target found for /home/alex/IdeaProjects/ILang/src/main/scala/parser/SyntaxAnalyzer.scala. Using presentation compiler with project's scala-library version: 3.3.6
2025.10.08 01:10:20 INFO  no build target found for /home/alex/IdeaProjects/ILang/src/main/scala/parser/SyntaxAnalyzer.scala. Using presentation compiler with project's scala-library version: 3.3.6
2025.10.08 01:10:20 INFO  no build target found for /home/alex/IdeaProjects/ILang/src/main/scala/parser/SyntaxAnalyzer.scala. Using presentation compiler with project's scala-library version: 3.3.6
2025.10.08 01:10:21 INFO  no build target found for /home/alex/IdeaProjects/ILang/src/main/scala/parser/SyntaxAnalyzer.scala. Using presentation compiler with project's scala-library version: 3.3.6
2025.10.08 01:10:21 INFO  no build target found for /home/alex/IdeaProjects/ILang/src/main/scala/parser/SyntaxAnalyzer.scala. Using presentation compiler with project's scala-library version: 3.3.6
2025.10.08 01:10:21 INFO  no build target found for /home/alex/IdeaProjects/ILang/src/main/scala/parser/SyntaxAnalyzer.scala. Using presentation compiler with project's scala-library version: 3.3.6
2025.10.08 01:10:20 INFO  no build target found for /home/alex/IdeaProjects/ILang/src/main/scala/parser/SyntaxAnalyzer.scala. Using presentation compiler with project's scala-library version: 3.3.6
2025.10.08 01:10:21 INFO  no build target found for /home/alex/IdeaProjects/ILang/src/main/scala/parser/SyntaxAnalyzer.scala. Using presentation compiler with project's scala-library version: 3.3.6
2025.10.08 01:10:21 INFO  no build target found for /home/alex/IdeaProjects/ILang/src/main/scala/parser/SyntaxAnalyzer.scala. Using presentation compiler with project's scala-library version: 3.3.6
2025.10.08 01:10:21 INFO  no build target found for /home/alex/IdeaProjects/ILang/src/main/scala/parser/SyntaxAnalyzer.scala. Using presentation compiler with project's scala-library version: 3.3.6
2025.10.08 01:10:21 INFO  no build target found for /home/alex/IdeaProjects/ILang/src/main/scala/parser/SyntaxAnalyzer.scala. Using presentation compiler with project's scala-library version: 3.3.6
2025.10.08 01:10:21 INFO  no build target found for /home/alex/IdeaProjects/ILang/src/main/scala/parser/SyntaxAnalyzer.scala. Using presentation compiler with project's scala-library version: 3.3.6
2025.10.08 01:10:22 INFO  no build target found for /home/alex/IdeaProjects/ILang/src/main/scala/parser/SyntaxAnalyzer.scala. Using presentation compiler with project's scala-library version: 3.3.6
2025.10.08 01:10:21 INFO  no build target found for /home/alex/IdeaProjects/ILang/src/main/scala/parser/SyntaxAnalyzer.scala. Using presentation compiler with project's scala-library version: 3.3.6
2025.10.08 01:10:21 INFO  no build target found for /home/alex/IdeaProjects/ILang/src/main/scala/parser/SyntaxAnalyzer.scala. Using presentation compiler with project's scala-library version: 3.3.6
2025.10.08 01:10:21 INFO  no build target found for /home/alex/IdeaProjects/ILang/src/main/scala/parser/SyntaxAnalyzer.scala. Using presentation compiler with project's scala-library version: 3.3.6
2025.10.08 01:10:21 INFO  no build target found for /home/alex/IdeaProjects/ILang/src/main/scala/parser/SyntaxAnalyzer.scala. Using presentation compiler with project's scala-library version: 3.3.6
2025.10.08 01:10:21 INFO  no build target found for /home/alex/IdeaProjects/ILang/src/main/scala/parser/SyntaxAnalyzer.scala. Using presentation compiler with project's scala-library version: 3.3.6
2025.10.08 01:10:21 INFO  no build target found for /home/alex/IdeaProjects/ILang/src/main/scala/parser/SyntaxAnalyzer.scala. Using presentation compiler with project's scala-library version: 3.3.6
2025.10.08 01:10:21 INFO  no build target found for /home/alex/IdeaProjects/ILang/src/main/scala/parser/SyntaxAnalyzer.scala. Using presentation compiler with project's scala-library version: 3.3.6
2025.10.08 01:10:22 INFO  no build target found for /home/alex/IdeaProjects/ILang/src/main/scala/parser/SyntaxAnalyzer.scala. Using presentation compiler with project's scala-library version: 3.3.6
2025.10.08 01:10:21 INFO  no build target found for /home/alex/IdeaProjects/ILang/src/main/scala/parser/SyntaxAnalyzer.scala. Using presentation compiler with project's scala-library version: 3.3.6
2025.10.08 01:10:21 INFO  no build target found for /home/alex/IdeaProjects/ILang/src/main/scala/parser/SyntaxAnalyzer.scala. Using presentation compiler with project's scala-library version: 3.3.6
2025.10.08 01:10:21 INFO  no build target found for /home/alex/IdeaProjects/ILang/src/main/scala/parser/SyntaxAnalyzer.scala. Using presentation compiler with project's scala-library version: 3.3.6
Oct 08, 2025 1:10:22 AM org.eclipse.lsp4j.jsonrpc.RemoteEndpoint handleCancellation
WARNING: Unmatched cancel notification for request id 2360
2025.10.08 01:10:22 INFO  no build target found for /home/alex/IdeaProjects/ILang/src/main/scala/parser/SyntaxAnalyzer.scala. Using presentation compiler with project's scala-library version: 3.3.6
2025.10.08 01:10:22 INFO  no build target found for /home/alex/IdeaProjects/ILang/src/main/scala/parser/SyntaxAnalyzer.scala. Using presentation compiler with project's scala-library version: 3.3.6
2025.10.08 01:10:22 INFO  no build target found for /home/alex/IdeaProjects/ILang/src/main/scala/parser/SyntaxAnalyzer.scala. Using presentation compiler with project's scala-library version: 3.3.6
2025.10.08 01:10:22 INFO  no build target found for /home/alex/IdeaProjects/ILang/src/main/scala/parser/SyntaxAnalyzer.scala. Using presentation compiler with project's scala-library version: 3.3.6
2025.10.08 01:10:22 INFO  no build target found for /home/alex/IdeaProjects/ILang/src/main/scala/parser/SyntaxAnalyzer.scala. Using presentation compiler with project's scala-library version: 3.3.6
2025.10.08 01:10:22 INFO  no build target found for /home/alex/IdeaProjects/ILang/src/main/scala/parser/SyntaxAnalyzer.scala. Using presentation compiler with project's scala-library version: 3.3.6
2025.10.08 01:10:22 INFO  no build target found for /home/alex/IdeaProjects/ILang/src/main/scala/parser/SyntaxAnalyzer.scala. Using presentation compiler with project's scala-library version: 3.3.6
2025.10.08 01:10:22 INFO  no build target found for /home/alex/IdeaProjects/ILang/src/main/scala/parser/SyntaxAnalyzer.scala. Using presentation compiler with project's scala-library version: 3.3.6
2025.10.08 01:10:23 INFO  no build target found for /home/alex/IdeaProjects/ILang/src/main/scala/parser/SyntaxAnalyzer.scala. Using presentation compiler with project's scala-library version: 3.3.6
2025.10.08 01:10:22 INFO  no build target found for /home/alex/IdeaProjects/ILang/src/main/scala/parser/SyntaxAnalyzer.scala. Using presentation compiler with project's scala-library version: 3.3.6
2025.10.08 01:10:22 INFO  no build target found for /home/alex/IdeaProjects/ILang/src/main/scala/parser/SyntaxAnalyzer.scala. Using presentation compiler with project's scala-library version: 3.3.6
2025.10.08 01:10:22 INFO  no build target found for /home/alex/IdeaProjects/ILang/src/main/scala/parser/SyntaxAnalyzer.scala. Using presentation compiler with project's scala-library version: 3.3.6
2025.10.08 01:10:22 INFO  no build target found for /home/alex/IdeaProjects/ILang/src/main/scala/parser/SyntaxAnalyzer.scala. Using presentation compiler with project's scala-library version: 3.3.6
Oct 08, 2025 1:10:23 AM org.eclipse.lsp4j.jsonrpc.RemoteEndpoint handleCancellation
WARNING: Unmatched cancel notification for request id 2371
2025.10.08 01:10:22 INFO  no build target found for /home/alex/IdeaProjects/ILang/src/main/scala/parser/SyntaxAnalyzer.scala. Using presentation compiler with project's scala-library version: 3.3.6
2025.10.08 01:10:22 INFO  no build target found for /home/alex/IdeaProjects/ILang/src/main/scala/parser/SyntaxAnalyzer.scala. Using presentation compiler with project's scala-library version: 3.3.6
2025.10.08 01:10:22 INFO  no build target found for /home/alex/IdeaProjects/ILang/src/main/scala/parser/SyntaxAnalyzer.scala. Using presentation compiler with project's scala-library version: 3.3.6
2025.10.08 01:10:22 INFO  no build target found for /home/alex/IdeaProjects/ILang/src/main/scala/parser/SyntaxAnalyzer.scala. Using presentation compiler with project's scala-library version: 3.3.6
2025.10.08 01:10:22 INFO  no build target found for /home/alex/IdeaProjects/ILang/src/main/scala/parser/SyntaxAnalyzer.scala. Using presentation compiler with project's scala-library version: 3.3.6
2025.10.08 01:10:22 INFO  no build target found for /home/alex/IdeaProjects/ILang/src/main/scala/parser/SyntaxAnalyzer.scala. Using presentation compiler with project's scala-library version: 3.3.6
2025.10.08 01:10:22 INFO  no build target found for /home/alex/IdeaProjects/ILang/src/main/scala/parser/SyntaxAnalyzer.scala. Using presentation compiler with project's scala-library version: 3.3.6
2025.10.08 01:10:22 INFO  no build target found for /home/alex/IdeaProjects/ILang/src/main/scala/parser/SyntaxAnalyzer.scala. Using presentation compiler with project's scala-library version: 3.3.6
2025.10.08 01:10:23 INFO  no build target found for /home/alex/IdeaProjects/ILang/src/main/scala/parser/SyntaxAnalyzer.scala. Using presentation compiler with project's scala-library version: 3.3.6
2025.10.08 01:10:23 INFO  no build target found for /home/alex/IdeaProjects/ILang/src/main/scala/parser/SyntaxAnalyzer.scala. Using presentation compiler with project's scala-library version: 3.3.6
2025.10.08 01:10:23 INFO  no build target found for /home/alex/IdeaProjects/ILang/src/main/scala/parser/SyntaxAnalyzer.scala. Using presentation compiler with project's scala-library version: 3.3.6
2025.10.08 01:10:23 INFO  no build target found for /home/alex/IdeaProjects/ILang/src/main/scala/parser/SyntaxAnalyzer.scala. Using presentation compiler with project's scala-library version: 3.3.6
2025.10.08 01:10:23 INFO  no build target found for /home/alex/IdeaProjects/ILang/src/main/scala/parser/SyntaxAnalyzer.scala. Using presentation compiler with project's scala-library version: 3.3.6
2025.10.08 01:10:23 INFO  no build target found for /home/alex/IdeaProjects/ILang/src/main/scala/parser/SyntaxAnalyzer.scala. Using presentation compiler with project's scala-library version: 3.3.6
2025.10.08 01:10:23 INFO  no build target found for /home/alex/IdeaProjects/ILang/src/main/scala/parser/SyntaxAnalyzer.scala. Using presentation compiler with project's scala-library version: 3.3.6
2025.10.08 01:10:23 INFO  no build target found for /home/alex/IdeaProjects/ILang/src/main/scala/parser/SyntaxAnalyzer.scala. Using presentation compiler with project's scala-library version: 3.3.6
2025.10.08 01:10:23 INFO  no build target found for /home/alex/IdeaProjects/ILang/src/main/scala/parser/SyntaxAnalyzer.scala. Using presentation compiler with project's scala-library version: 3.3.6
2025.10.08 01:10:23 INFO  no build target found for /home/alex/IdeaProjects/ILang/src/main/scala/parser/SyntaxAnalyzer.scala. Using presentation compiler with project's scala-library version: 3.3.6
2025.10.08 01:10:23 INFO  no build target found for /home/alex/IdeaProjects/ILang/src/main/scala/parser/SyntaxAnalyzer.scala. Using presentation compiler with project's scala-library version: 3.3.6
2025.10.08 01:10:23 INFO  no build target found for /home/alex/IdeaProjects/ILang/src/main/scala/parser/SyntaxAnalyzer.scala. Using presentation compiler with project's scala-library version: 3.3.6
Oct 08, 2025 1:10:24 AM org.eclipse.lsp4j.jsonrpc.RemoteEndpoint handleCancellation
WARNING: Unmatched cancel notification for request id 2390
2025.10.08 01:10:23 INFO  no build target found for /home/alex/IdeaProjects/ILang/src/main/scala/parser/SyntaxAnalyzer.scala. Using presentation compiler with project's scala-library version: 3.3.6
Oct 08, 2025 1:10:24 AM org.eclipse.lsp4j.jsonrpc.RemoteEndpoint handleCancellation
WARNING: Unmatched cancel notification for request id 2393
2025.10.08 01:10:23 INFO  no build target found for /home/alex/IdeaProjects/ILang/src/main/scala/parser/SyntaxAnalyzer.scala. Using presentation compiler with project's scala-library version: 3.3.6
2025.10.08 01:10:24 INFO  no build target found for /home/alex/IdeaProjects/ILang/src/main/scala/parser/SyntaxAnalyzer.scala. Using presentation compiler with project's scala-library version: 3.3.6
2025.10.08 01:10:23 INFO  no build target found for /home/alex/IdeaProjects/ILang/src/main/scala/parser/SyntaxAnalyzer.scala. Using presentation compiler with project's scala-library version: 3.3.6
2025.10.08 01:10:23 INFO  no build target found for /home/alex/IdeaProjects/ILang/src/main/scala/parser/SyntaxAnalyzer.scala. Using presentation compiler with project's scala-library version: 3.3.6
2025.10.08 01:10:23 INFO  no build target found for /home/alex/IdeaProjects/ILang/src/main/scala/parser/SyntaxAnalyzer.scala. Using presentation compiler with project's scala-library version: 3.3.6
2025.10.08 01:10:23 INFO  no build target found for /home/alex/IdeaProjects/ILang/src/main/scala/parser/SyntaxAnalyzer.scala. Using presentation compiler with project's scala-library version: 3.3.6
2025.10.08 01:10:23 INFO  no build target found for /home/alex/IdeaProjects/ILang/src/main/scala/parser/SyntaxAnalyzer.scala. Using presentation compiler with project's scala-library version: 3.3.6
2025.10.08 01:10:24 INFO  no build target found for /home/alex/IdeaProjects/ILang/src/main/scala/parser/SyntaxAnalyzer.scala. Using presentation compiler with project's scala-library version: 3.3.6
2025.10.08 01:10:24 INFO  no build target found for /home/alex/IdeaProjects/ILang/src/main/scala/parser/SyntaxAnalyzer.scala. Using presentation compiler with project's scala-library version: 3.3.6
2025.10.08 01:10:24 INFO  no build target found for /home/alex/IdeaProjects/ILang/src/main/scala/parser/SyntaxAnalyzer.scala. Using presentation compiler with project's scala-library version: 3.3.6
2025.10.08 01:10:24 INFO  no build target found for /home/alex/IdeaProjects/ILang/src/main/scala/parser/SyntaxAnalyzer.scala. Using presentation compiler with project's scala-library version: 3.3.6
2025.10.08 01:10:24 INFO  no build target found for /home/alex/IdeaProjects/ILang/src/main/scala/parser/SyntaxAnalyzer.scala. Using presentation compiler with project's scala-library version: 3.3.6
2025.10.08 01:10:24 INFO  no build target found for /home/alex/IdeaProjects/ILang/src/main/scala/parser/SyntaxAnalyzer.scala. Using presentation compiler with project's scala-library version: 3.3.6
2025.10.08 01:10:24 INFO  no build target found for /home/alex/IdeaProjects/ILang/src/main/scala/parser/SyntaxAnalyzer.scala. Using presentation compiler with project's scala-library version: 3.3.6
2025.10.08 01:10:25 INFO  no build target found for /home/alex/IdeaProjects/ILang/src/main/scala/parser/SyntaxAnalyzer.scala. Using presentation compiler with project's scala-library version: 3.3.6
2025.10.08 01:10:24 INFO  no build target found for /home/alex/IdeaProjects/ILang/src/main/scala/parser/SyntaxAnalyzer.scala. Using presentation compiler with project's scala-library version: 3.3.6
2025.10.08 01:10:24 INFO  no build target found for /home/alex/IdeaProjects/ILang/src/main/scala/parser/SyntaxAnalyzer.scala. Using presentation compiler with project's scala-library version: 3.3.6
2025.10.08 01:10:24 INFO  no build target found for /home/alex/IdeaProjects/ILang/src/main/scala/parser/SyntaxAnalyzer.scala. Using presentation compiler with project's scala-library version: 3.3.6
2025.10.08 01:10:24 INFO  no build target found for /home/alex/IdeaProjects/ILang/src/main/scala/parser/SyntaxAnalyzer.scala. Using presentation compiler with project's scala-library version: 3.3.6
2025.10.08 01:10:24 INFO  no build target found for /home/alex/IdeaProjects/ILang/src/main/scala/parser/SyntaxAnalyzer.scala. Using presentation compiler with project's scala-library version: 3.3.6
2025.10.08 01:10:24 INFO  no build target found for /home/alex/IdeaProjects/ILang/src/main/scala/parser/SyntaxAnalyzer.scala. Using presentation compiler with project's scala-library version: 3.3.6
2025.10.08 01:10:25 INFO  no build target found for /home/alex/IdeaProjects/ILang/src/main/scala/parser/SyntaxAnalyzer.scala. Using presentation compiler with project's scala-library version: 3.3.6
2025.10.08 01:10:24 INFO  no build target found for /home/alex/IdeaProjects/ILang/src/main/scala/parser/SyntaxAnalyzer.scala. Using presentation compiler with project's scala-library version: 3.3.6
2025.10.08 01:10:24 INFO  no build target found for /home/alex/IdeaProjects/ILang/src/main/scala/parser/SyntaxAnalyzer.scala. Using presentation compiler with project's scala-library version: 3.3.6
2025.10.08 01:10:24 INFO  no build target found for /home/alex/IdeaProjects/ILang/src/main/scala/parser/SyntaxAnalyzer.scala. Using presentation compiler with project's scala-library version: 3.3.6
2025.10.08 01:10:24 INFO  no build target found for /home/alex/IdeaProjects/ILang/src/main/scala/parser/SyntaxAnalyzer.scala. Using presentation compiler with project's scala-library version: 3.3.6
2025.10.08 01:10:25 INFO  no build target found for /home/alex/IdeaProjects/ILang/src/main/scala/parser/SyntaxAnalyzer.scala. Using presentation compiler with project's scala-library version: 3.3.6
2025.10.08 01:10:24 INFO  no build target found for /home/alex/IdeaProjects/ILang/src/main/scala/parser/SyntaxAnalyzer.scala. Using presentation compiler with project's scala-library version: 3.3.6
2025.10.08 01:10:25 INFO  no build target found for /home/alex/IdeaProjects/ILang/src/main/scala/parser/SyntaxAnalyzer.scala. Using presentation compiler with project's scala-library version: 3.3.6
2025.10.08 01:10:25 INFO  no build target found for /home/alex/IdeaProjects/ILang/src/main/scala/parser/SyntaxAnalyzer.scala. Using presentation compiler with project's scala-library version: 3.3.6
2025.10.08 01:10:25 INFO  no build target found for /home/alex/IdeaProjects/ILang/src/main/scala/parser/SyntaxAnalyzer.scala. Using presentation compiler with project's scala-library version: 3.3.6
2025.10.08 01:10:25 INFO  no build target found for /home/alex/IdeaProjects/ILang/src/main/scala/parser/SyntaxAnalyzer.scala. Using presentation compiler with project's scala-library version: 3.3.6
2025.10.08 01:10:26 INFO  no build target found for /home/alex/IdeaProjects/ILang/src/main/scala/parser/SyntaxAnalyzer.scala. Using presentation compiler with project's scala-library version: 3.3.6
2025.10.08 01:10:25 INFO  no build target found for /home/alex/IdeaProjects/ILang/src/main/scala/parser/SyntaxAnalyzer.scala. Using presentation compiler with project's scala-library version: 3.3.6
2025.10.08 01:10:25 INFO  no build target found for /home/alex/IdeaProjects/ILang/src/main/scala/parser/SyntaxAnalyzer.scala. Using presentation compiler with project's scala-library version: 3.3.6
2025.10.08 01:10:25 INFO  no build target found for /home/alex/IdeaProjects/ILang/src/main/scala/parser/SyntaxAnalyzer.scala. Using presentation compiler with project's scala-library version: 3.3.6
2025.10.08 01:10:25 INFO  no build target found for /home/alex/IdeaProjects/ILang/src/main/scala/parser/SyntaxAnalyzer.scala. Using presentation compiler with project's scala-library version: 3.3.6
Oct 08, 2025 1:10:26 AM org.eclipse.lsp4j.jsonrpc.RemoteEndpoint handleCancellation
WARNING: Unmatched cancel notification for request id 2429
2025.10.08 01:10:25 INFO  no build target found for /home/alex/IdeaProjects/ILang/src/main/scala/parser/SyntaxAnalyzer.scala. Using presentation compiler with project's scala-library version: 3.3.6
2025.10.08 01:10:26 INFO  no build target found for /home/alex/IdeaProjects/ILang/src/main/scala/parser/SyntaxAnalyzer.scala. Using presentation compiler with project's scala-library version: 3.3.6
2025.10.08 01:10:25 INFO  no build target found for /home/alex/IdeaProjects/ILang/src/main/scala/parser/SyntaxAnalyzer.scala. Using presentation compiler with project's scala-library version: 3.3.6
2025.10.08 01:10:25 INFO  no build target found for /home/alex/IdeaProjects/ILang/src/main/scala/parser/SyntaxAnalyzer.scala. Using presentation compiler with project's scala-library version: 3.3.6
2025.10.08 01:10:25 INFO  no build target found for /home/alex/IdeaProjects/ILang/src/main/scala/parser/SyntaxAnalyzer.scala. Using presentation compiler with project's scala-library version: 3.3.6
2025.10.08 01:10:25 INFO  no build target found for /home/alex/IdeaProjects/ILang/src/main/scala/parser/SyntaxAnalyzer.scala. Using presentation compiler with project's scala-library version: 3.3.6
2025.10.08 01:10:26 INFO  no build target found for /home/alex/IdeaProjects/ILang/src/main/scala/parser/SyntaxAnalyzer.scala. Using presentation compiler with project's scala-library version: 3.3.6
2025.10.08 01:10:25 INFO  no build target found for /home/alex/IdeaProjects/ILang/src/main/scala/parser/SyntaxAnalyzer.scala. Using presentation compiler with project's scala-library version: 3.3.6
2025.10.08 01:10:25 INFO  no build target found for /home/alex/IdeaProjects/ILang/src/main/scala/parser/SyntaxAnalyzer.scala. Using presentation compiler with project's scala-library version: 3.3.6
2025.10.08 01:10:26 INFO  no build target found for /home/alex/IdeaProjects/ILang/src/main/scala/parser/SyntaxAnalyzer.scala. Using presentation compiler with project's scala-library version: 3.3.6
2025.10.08 01:10:26 INFO  no build target found for /home/alex/IdeaProjects/ILang/src/main/scala/parser/SyntaxAnalyzer.scala. Using presentation compiler with project's scala-library version: 3.3.6
2025.10.08 01:10:26 INFO  no build target found for /home/alex/IdeaProjects/ILang/src/main/scala/parser/SyntaxAnalyzer.scala. Using presentation compiler with project's scala-library version: 3.3.6
2025.10.08 01:10:26 INFO  no build target found for /home/alex/IdeaProjects/ILang/src/main/scala/parser/SyntaxAnalyzer.scala. Using presentation compiler with project's scala-library version: 3.3.6
2025.10.08 01:10:26 INFO  no build target found for /home/alex/IdeaProjects/ILang/src/main/scala/parser/SyntaxAnalyzer.scala. Using presentation compiler with project's scala-library version: 3.3.6
2025.10.08 01:10:26 INFO  no build target found for /home/alex/IdeaProjects/ILang/src/main/scala/parser/SyntaxAnalyzer.scala. Using presentation compiler with project's scala-library version: 3.3.6
2025.10.08 01:10:26 INFO  no build target found for /home/alex/IdeaProjects/ILang/src/main/scala/parser/SyntaxAnalyzer.scala. Using presentation compiler with project's scala-library version: 3.3.6
2025.10.08 01:10:26 INFO  no build target found for /home/alex/IdeaProjects/ILang/src/main/scala/parser/SyntaxAnalyzer.scala. Using presentation compiler with project's scala-library version: 3.3.6
2025.10.08 01:10:26 INFO  no build target found for /home/alex/IdeaProjects/ILang/src/main/scala/parser/SyntaxAnalyzer.scala. Using presentation compiler with project's scala-library version: 3.3.6
2025.10.08 01:10:26 INFO  no build target found for /home/alex/IdeaProjects/ILang/src/main/scala/parser/SyntaxAnalyzer.scala. Using presentation compiler with project's scala-library version: 3.3.6
2025.10.08 01:10:27 INFO  no build target found for /home/alex/IdeaProjects/ILang/src/main/scala/parser/SyntaxAnalyzer.scala. Using presentation compiler with project's scala-library version: 3.3.6
2025.10.08 01:10:26 INFO  no build target found for /home/alex/IdeaProjects/ILang/src/main/scala/parser/SyntaxAnalyzer.scala. Using presentation compiler with project's scala-library version: 3.3.6
Oct 08, 2025 1:10:27 AM org.eclipse.lsp4j.jsonrpc.RemoteEndpoint handleCancellation
WARNING: Unmatched cancel notification for request id 2446
2025.10.08 01:10:26 INFO  no build target found for /home/alex/IdeaProjects/ILang/src/main/scala/parser/SyntaxAnalyzer.scala. Using presentation compiler with project's scala-library version: 3.3.6
2025.10.08 01:10:26 INFO  no build target found for /home/alex/IdeaProjects/ILang/src/main/scala/parser/SyntaxAnalyzer.scala. Using presentation compiler with project's scala-library version: 3.3.6
2025.10.08 01:10:26 INFO  no build target found for /home/alex/IdeaProjects/ILang/src/main/scala/parser/SyntaxAnalyzer.scala. Using presentation compiler with project's scala-library version: 3.3.6
2025.10.08 01:10:27 INFO  no build target found for /home/alex/IdeaProjects/ILang/src/main/scala/parser/SyntaxAnalyzer.scala. Using presentation compiler with project's scala-library version: 3.3.6
2025.10.08 01:10:26 INFO  no build target found for /home/alex/IdeaProjects/ILang/src/main/scala/parser/SyntaxAnalyzer.scala. Using presentation compiler with project's scala-library version: 3.3.6
2025.10.08 01:10:26 INFO  no build target found for /home/alex/IdeaProjects/ILang/src/main/scala/parser/SyntaxAnalyzer.scala. Using presentation compiler with project's scala-library version: 3.3.6
Oct 08, 2025 1:10:27 AM org.eclipse.lsp4j.jsonrpc.RemoteEndpoint handleCancellation
WARNING: Unmatched cancel notification for request id 2452
2025.10.08 01:10:26 INFO  no build target found for /home/alex/IdeaProjects/ILang/src/main/scala/parser/SyntaxAnalyzer.scala. Using presentation compiler with project's scala-library version: 3.3.6
2025.10.08 01:10:27 INFO  no build target found for /home/alex/IdeaProjects/ILang/src/main/scala/parser/SyntaxAnalyzer.scala. Using presentation compiler with project's scala-library version: 3.3.6
Oct 08, 2025 1:10:27 AM org.eclipse.lsp4j.jsonrpc.RemoteEndpoint handleCancellation
WARNING: Unmatched cancel notification for request id 2454
2025.10.08 01:10:27 INFO  no build target found for /home/alex/IdeaProjects/ILang/src/main/scala/parser/SyntaxAnalyzer.scala. Using presentation compiler with project's scala-library version: 3.3.6
2025.10.08 01:10:27 INFO  no build target found for /home/alex/IdeaProjects/ILang/src/main/scala/parser/SyntaxAnalyzer.scala. Using presentation compiler with project's scala-library version: 3.3.6
2025.10.08 01:10:27 INFO  no build target found for /home/alex/IdeaProjects/ILang/src/main/scala/parser/SyntaxAnalyzer.scala. Using presentation compiler with project's scala-library version: 3.3.6
2025.10.08 01:10:27 INFO  no build target found for /home/alex/IdeaProjects/ILang/src/main/scala/parser/SyntaxAnalyzer.scala. Using presentation compiler with project's scala-library version: 3.3.6
2025.10.08 01:10:27 INFO  no build target found for /home/alex/IdeaProjects/ILang/src/main/scala/parser/SyntaxAnalyzer.scala. Using presentation compiler with project's scala-library version: 3.3.6
2025.10.08 01:10:27 INFO  no build target found for /home/alex/IdeaProjects/ILang/src/main/scala/parser/SyntaxAnalyzer.scala. Using presentation compiler with project's scala-library version: 3.3.6
2025.10.08 01:10:27 INFO  no build target found for /home/alex/IdeaProjects/ILang/src/main/scala/parser/SyntaxAnalyzer.scala. Using presentation compiler with project's scala-library version: 3.3.6
2025.10.08 01:10:27 INFO  no build target found for /home/alex/IdeaProjects/ILang/src/main/scala/parser/SyntaxAnalyzer.scala. Using presentation compiler with project's scala-library version: 3.3.6
2025.10.08 01:10:27 INFO  no build target found for /home/alex/IdeaProjects/ILang/src/main/scala/parser/SyntaxAnalyzer.scala. Using presentation compiler with project's scala-library version: 3.3.6
2025.10.08 01:10:27 INFO  no build target found for /home/alex/IdeaProjects/ILang/src/main/scala/parser/SyntaxAnalyzer.scala. Using presentation compiler with project's scala-library version: 3.3.6
2025.10.08 01:10:27 INFO  no build target found for /home/alex/IdeaProjects/ILang/src/main/scala/parser/SyntaxAnalyzer.scala. Using presentation compiler with project's scala-library version: 3.3.6
2025.10.08 01:10:28 INFO  no build target found for /home/alex/IdeaProjects/ILang/src/main/scala/parser/SyntaxAnalyzer.scala. Using presentation compiler with project's scala-library version: 3.3.6
2025.10.08 01:10:27 INFO  no build target found for /home/alex/IdeaProjects/ILang/src/main/scala/parser/SyntaxAnalyzer.scala. Using presentation compiler with project's scala-library version: 3.3.6
2025.10.08 01:10:27 INFO  no build target found for /home/alex/IdeaProjects/ILang/src/main/scala/parser/SyntaxAnalyzer.scala. Using presentation compiler with project's scala-library version: 3.3.6
2025.10.08 01:10:27 INFO  no build target found for /home/alex/IdeaProjects/ILang/src/main/scala/parser/SyntaxAnalyzer.scala. Using presentation compiler with project's scala-library version: 3.3.6
2025.10.08 01:10:27 INFO  no build target found for /home/alex/IdeaProjects/ILang/src/main/scala/parser/SyntaxAnalyzer.scala. Using presentation compiler with project's scala-library version: 3.3.6
2025.10.08 01:10:27 INFO  no build target found for /home/alex/IdeaProjects/ILang/src/main/scala/parser/SyntaxAnalyzer.scala. Using presentation compiler with project's scala-library version: 3.3.6
2025.10.08 01:10:27 INFO  no build target found for /home/alex/IdeaProjects/ILang/src/main/scala/parser/SyntaxAnalyzer.scala. Using presentation compiler with project's scala-library version: 3.3.6
2025.10.08 01:10:27 INFO  no build target found for /home/alex/IdeaProjects/ILang/src/main/scala/parser/SyntaxAnalyzer.scala. Using presentation compiler with project's scala-library version: 3.3.6
2025.10.08 01:10:27 INFO  no build target found for /home/alex/IdeaProjects/ILang/src/main/scala/parser/SyntaxAnalyzer.scala. Using presentation compiler with project's scala-library version: 3.3.6
2025.10.08 01:10:27 INFO  no build target found for /home/alex/IdeaProjects/ILang/src/main/scala/parser/SyntaxAnalyzer.scala. Using presentation compiler with project's scala-library version: 3.3.6
2025.10.08 01:10:27 INFO  no build target found for /home/alex/IdeaProjects/ILang/src/main/scala/parser/SyntaxAnalyzer.scala. Using presentation compiler with project's scala-library version: 3.3.6
Oct 08, 2025 1:10:28 AM org.eclipse.lsp4j.jsonrpc.RemoteEndpoint handleCancellation
WARNING: Unmatched cancel notification for request id 2477
2025.10.08 01:10:28 INFO  no build target found for /home/alex/IdeaProjects/ILang/src/main/scala/parser/SyntaxAnalyzer.scala. Using presentation compiler with project's scala-library version: 3.3.6
2025.10.08 01:10:28 INFO  no build target found for /home/alex/IdeaProjects/ILang/src/main/scala/parser/SyntaxAnalyzer.scala. Using presentation compiler with project's scala-library version: 3.3.6
2025.10.08 01:10:28 INFO  no build target found for /home/alex/IdeaProjects/ILang/src/main/scala/parser/SyntaxAnalyzer.scala. Using presentation compiler with project's scala-library version: 3.3.6
2025.10.08 01:10:28 INFO  no build target found for /home/alex/IdeaProjects/ILang/src/main/scala/parser/SyntaxAnalyzer.scala. Using presentation compiler with project's scala-library version: 3.3.6
2025.10.08 01:10:28 INFO  no build target found for /home/alex/IdeaProjects/ILang/src/main/scala/parser/SyntaxAnalyzer.scala. Using presentation compiler with project's scala-library version: 3.3.6
2025.10.08 01:10:28 INFO  no build target found for /home/alex/IdeaProjects/ILang/src/main/scala/parser/SyntaxAnalyzer.scala. Using presentation compiler with project's scala-library version: 3.3.6
2025.10.08 01:10:28 INFO  no build target found for /home/alex/IdeaProjects/ILang/src/main/scala/parser/SyntaxAnalyzer.scala. Using presentation compiler with project's scala-library version: 3.3.6
2025.10.08 01:10:29 INFO  no build target found for /home/alex/IdeaProjects/ILang/src/main/scala/parser/SyntaxAnalyzer.scala. Using presentation compiler with project's scala-library version: 3.3.6
Oct 08, 2025 1:10:29 AM org.eclipse.lsp4j.jsonrpc.RemoteEndpoint handleCancellation
WARNING: Unmatched cancel notification for request id 2485
2025.10.08 01:10:28 INFO  no build target found for /home/alex/IdeaProjects/ILang/src/main/scala/parser/SyntaxAnalyzer.scala. Using presentation compiler with project's scala-library version: 3.3.6
2025.10.08 01:10:28 INFO  no build target found for /home/alex/IdeaProjects/ILang/src/main/scala/parser/SyntaxAnalyzer.scala. Using presentation compiler with project's scala-library version: 3.3.6
2025.10.08 01:10:28 INFO  no build target found for /home/alex/IdeaProjects/ILang/src/main/scala/parser/SyntaxAnalyzer.scala. Using presentation compiler with project's scala-library version: 3.3.6
2025.10.08 01:10:28 INFO  no build target found for /home/alex/IdeaProjects/ILang/src/main/scala/parser/SyntaxAnalyzer.scala. Using presentation compiler with project's scala-library version: 3.3.6
2025.10.08 01:10:28 INFO  no build target found for /home/alex/IdeaProjects/ILang/src/main/scala/parser/SyntaxAnalyzer.scala. Using presentation compiler with project's scala-library version: 3.3.6
2025.10.08 01:10:29 INFO  no build target found for /home/alex/IdeaProjects/ILang/src/main/scala/parser/SyntaxAnalyzer.scala. Using presentation compiler with project's scala-library version: 3.3.6
2025.10.08 01:10:28 INFO  no build target found for /home/alex/IdeaProjects/ILang/src/main/scala/parser/SyntaxAnalyzer.scala. Using presentation compiler with project's scala-library version: 3.3.6
2025.10.08 01:10:28 INFO  no build target found for /home/alex/IdeaProjects/ILang/src/main/scala/parser/SyntaxAnalyzer.scala. Using presentation compiler with project's scala-library version: 3.3.6
2025.10.08 01:10:28 INFO  no build target found for /home/alex/IdeaProjects/ILang/src/main/scala/parser/SyntaxAnalyzer.scala. Using presentation compiler with project's scala-library version: 3.3.6
2025.10.08 01:10:28 INFO  no build target found for /home/alex/IdeaProjects/ILang/src/main/scala/parser/SyntaxAnalyzer.scala. Using presentation compiler with project's scala-library version: 3.3.6
2025.10.08 01:10:28 INFO  no build target found for /home/alex/IdeaProjects/ILang/src/main/scala/parser/SyntaxAnalyzer.scala. Using presentation compiler with project's scala-library version: 3.3.6
2025.10.08 01:10:28 INFO  no build target found for /home/alex/IdeaProjects/ILang/src/main/scala/parser/SyntaxAnalyzer.scala. Using presentation compiler with project's scala-library version: 3.3.6
2025.10.08 01:10:28 INFO  no build target found for /home/alex/IdeaProjects/ILang/src/main/scala/parser/SyntaxAnalyzer.scala. Using presentation compiler with project's scala-library version: 3.3.6
2025.10.08 01:10:29 INFO  no build target found for /home/alex/IdeaProjects/ILang/src/main/scala/parser/SyntaxAnalyzer.scala. Using presentation compiler with project's scala-library version: 3.3.6
2025.10.08 01:10:30 INFO  no build target found for /home/alex/IdeaProjects/ILang/src/main/scala/parser/SyntaxAnalyzer.scala. Using presentation compiler with project's scala-library version: 3.3.6
2025.10.08 01:10:30 INFO  no build target found for /home/alex/IdeaProjects/ILang/src/main/scala/parser/SyntaxAnalyzer.scala. Using presentation compiler with project's scala-library version: 3.3.6
2025.10.08 01:10:30 INFO  no build target found for /home/alex/IdeaProjects/ILang/src/main/scala/parser/SyntaxAnalyzer.scala. Using presentation compiler with project's scala-library version: 3.3.6
2025.10.08 01:10:30 INFO  no build target found for /home/alex/IdeaProjects/ILang/src/main/scala/parser/SyntaxAnalyzer.scala. Using presentation compiler with project's scala-library version: 3.3.6
2025.10.08 01:10:30 INFO  no build target found for /home/alex/IdeaProjects/ILang/src/main/scala/parser/SyntaxAnalyzer.scala. Using presentation compiler with project's scala-library version: 3.3.6
2025.10.08 01:10:30 INFO  no build target found for /home/alex/IdeaProjects/ILang/src/main/scala/parser/SyntaxAnalyzer.scala. Using presentation compiler with project's scala-library version: 3.3.6
2025.10.08 01:10:30 INFO  no build target found for /home/alex/IdeaProjects/ILang/src/main/scala/parser/SyntaxAnalyzer.scala. Using presentation compiler with project's scala-library version: 3.3.6
2025.10.08 01:10:30 INFO  no build target found for /home/alex/IdeaProjects/ILang/src/main/scala/parser/SyntaxAnalyzer.scala. Using presentation compiler with project's scala-library version: 3.3.6
2025.10.08 01:10:30 INFO  no build target found for /home/alex/IdeaProjects/ILang/src/main/scala/parser/SyntaxAnalyzer.scala. Using presentation compiler with project's scala-library version: 3.3.6
2025.10.08 01:10:30 INFO  no build target found for /home/alex/IdeaProjects/ILang/src/main/scala/parser/SyntaxAnalyzer.scala. Using presentation compiler with project's scala-library version: 3.3.6
2025.10.08 01:10:30 INFO  no build target found for /home/alex/IdeaProjects/ILang/src/main/scala/parser/SyntaxAnalyzer.scala. Using presentation compiler with project's scala-library version: 3.3.6
2025.10.08 01:10:30 INFO  no build target found for /home/alex/IdeaProjects/ILang/src/main/scala/parser/SyntaxAnalyzer.scala. Using presentation compiler with project's scala-library version: 3.3.6
2025.10.08 01:10:30 INFO  no build target found for /home/alex/IdeaProjects/ILang/src/main/scala/parser/SyntaxAnalyzer.scala. Using presentation compiler with project's scala-library version: 3.3.6
2025.10.08 01:10:30 INFO  no build target found for /home/alex/IdeaProjects/ILang/src/main/scala/parser/SyntaxAnalyzer.scala. Using presentation compiler with project's scala-library version: 3.3.6
2025.10.08 01:10:30 INFO  no build target found for /home/alex/IdeaProjects/ILang/src/main/scala/parser/SyntaxAnalyzer.scala. Using presentation compiler with project's scala-library version: 3.3.6
2025.10.08 01:10:30 INFO  no build target found for /home/alex/IdeaProjects/ILang/src/main/scala/parser/SyntaxAnalyzer.scala. Using presentation compiler with project's scala-library version: 3.3.6
2025.10.08 01:10:30 INFO  no build target found for /home/alex/IdeaProjects/ILang/src/main/scala/parser/SyntaxAnalyzer.scala. Using presentation compiler with project's scala-library version: 3.3.6
2025.10.08 01:10:30 INFO  no build target found for /home/alex/IdeaProjects/ILang/src/main/scala/parser/SyntaxAnalyzer.scala. Using presentation compiler with project's scala-library version: 3.3.6
2025.10.08 01:10:31 INFO  no build target found for /home/alex/IdeaProjects/ILang/src/main/scala/parser/SyntaxAnalyzer.scala. Using presentation compiler with project's scala-library version: 3.3.6
2025.10.08 01:10:31 INFO  no build target found for /home/alex/IdeaProjects/ILang/src/main/scala/parser/SyntaxAnalyzer.scala. Using presentation compiler with project's scala-library version: 3.3.6
2025.10.08 01:10:31 INFO  no build target found for /home/alex/IdeaProjects/ILang/src/main/scala/parser/SyntaxAnalyzer.scala. Using presentation compiler with project's scala-library version: 3.3.6
Oct 08, 2025 1:10:31 AM org.eclipse.lsp4j.jsonrpc.RemoteEndpoint handleCancellation
WARNING: Unmatched cancel notification for request id 2522
2025.10.08 01:10:31 INFO  no build target found for /home/alex/IdeaProjects/ILang/src/main/scala/parser/SyntaxAnalyzer.scala. Using presentation compiler with project's scala-library version: 3.3.6
2025.10.08 01:10:30 INFO  no build target found for /home/alex/IdeaProjects/ILang/src/main/scala/parser/SyntaxAnalyzer.scala. Using presentation compiler with project's scala-library version: 3.3.6
2025.10.08 01:10:31 INFO  no build target found for /home/alex/IdeaProjects/ILang/src/main/scala/parser/SyntaxAnalyzer.scala. Using presentation compiler with project's scala-library version: 3.3.6
2025.10.08 01:10:31 INFO  no build target found for /home/alex/IdeaProjects/ILang/src/main/scala/parser/SyntaxAnalyzer.scala. Using presentation compiler with project's scala-library version: 3.3.6
2025.10.08 01:10:31 INFO  no build target found for /home/alex/IdeaProjects/ILang/src/main/scala/parser/SyntaxAnalyzer.scala. Using presentation compiler with project's scala-library version: 3.3.6
2025.10.08 01:10:31 INFO  no build target found for /home/alex/IdeaProjects/ILang/src/main/scala/parser/SyntaxAnalyzer.scala. Using presentation compiler with project's scala-library version: 3.3.6
2025.10.08 01:10:31 INFO  no build target found for /home/alex/IdeaProjects/ILang/src/main/scala/parser/SyntaxAnalyzer.scala. Using presentation compiler with project's scala-library version: 3.3.6
2025.10.08 01:10:31 INFO  no build target found for /home/alex/IdeaProjects/ILang/src/main/scala/parser/SyntaxAnalyzer.scala. Using presentation compiler with project's scala-library version: 3.3.6
2025.10.08 01:10:31 INFO  no build target found for /home/alex/IdeaProjects/ILang/src/main/scala/parser/SyntaxAnalyzer.scala. Using presentation compiler with project's scala-library version: 3.3.6
2025.10.08 01:10:31 INFO  no build target found for /home/alex/IdeaProjects/ILang/src/main/scala/parser/SyntaxAnalyzer.scala. Using presentation compiler with project's scala-library version: 3.3.6
2025.10.08 01:10:31 INFO  no build target found for /home/alex/IdeaProjects/ILang/src/main/scala/parser/SyntaxAnalyzer.scala. Using presentation compiler with project's scala-library version: 3.3.6
2025.10.08 01:10:31 INFO  no build target found for /home/alex/IdeaProjects/ILang/src/main/scala/parser/SyntaxAnalyzer.scala. Using presentation compiler with project's scala-library version: 3.3.6
2025.10.08 01:10:31 INFO  no build target found for /home/alex/IdeaProjects/ILang/src/main/scala/parser/SyntaxAnalyzer.scala. Using presentation compiler with project's scala-library version: 3.3.6
2025.10.08 01:10:30 INFO  no build target found for /home/alex/IdeaProjects/ILang/src/main/scala/parser/SyntaxAnalyzer.scala. Using presentation compiler with project's scala-library version: 3.3.6
2025.10.08 01:10:31 INFO  no build target found for /home/alex/IdeaProjects/ILang/src/main/scala/parser/SyntaxAnalyzer.scala. Using presentation compiler with project's scala-library version: 3.3.6
2025.10.08 01:10:31 INFO  no build target found for /home/alex/IdeaProjects/ILang/src/main/scala/parser/SyntaxAnalyzer.scala. Using presentation compiler with project's scala-library version: 3.3.6
2025.10.08 01:10:31 INFO  no build target found for /home/alex/IdeaProjects/ILang/src/main/scala/parser/SyntaxAnalyzer.scala. Using presentation compiler with project's scala-library version: 3.3.6
2025.10.08 01:10:32 INFO  no build target found for /home/alex/IdeaProjects/ILang/src/main/scala/parser/SyntaxAnalyzer.scala. Using presentation compiler with project's scala-library version: 3.3.6
2025.10.08 01:10:32 INFO  no build target found for /home/alex/IdeaProjects/ILang/src/main/scala/parser/SyntaxAnalyzer.scala. Using presentation compiler with project's scala-library version: 3.3.6
2025.10.08 01:10:32 INFO  no build target found for /home/alex/IdeaProjects/ILang/src/main/scala/parser/SyntaxAnalyzer.scala. Using presentation compiler with project's scala-library version: 3.3.6
2025.10.08 01:10:32 INFO  no build target found for /home/alex/IdeaProjects/ILang/src/main/scala/parser/SyntaxAnalyzer.scala. Using presentation compiler with project's scala-library version: 3.3.6
2025.10.08 01:10:32 INFO  no build target found for /home/alex/IdeaProjects/ILang/src/main/scala/parser/SyntaxAnalyzer.scala. Using presentation compiler with project's scala-library version: 3.3.6
2025.10.08 01:10:32 INFO  no build target found for /home/alex/IdeaProjects/ILang/src/main/scala/parser/SyntaxAnalyzer.scala. Using presentation compiler with project's scala-library version: 3.3.6
2025.10.08 01:10:32 INFO  no build target found for /home/alex/IdeaProjects/ILang/src/main/scala/parser/SyntaxAnalyzer.scala. Using presentation compiler with project's scala-library version: 3.3.6
Oct 08, 2025 1:10:32 AM org.eclipse.lsp4j.jsonrpc.RemoteEndpoint handleCancellation
WARNING: Unmatched cancel notification for request id 2542
2025.10.08 01:10:32 INFO  no build target found for /home/alex/IdeaProjects/ILang/src/main/scala/parser/SyntaxAnalyzer.scala. Using presentation compiler with project's scala-library version: 3.3.6
2025.10.08 01:10:32 INFO  no build target found for /home/alex/IdeaProjects/ILang/src/main/scala/parser/SyntaxAnalyzer.scala. Using presentation compiler with project's scala-library version: 3.3.6
2025.10.08 01:10:32 INFO  no build target found for /home/alex/IdeaProjects/ILang/src/main/scala/parser/SyntaxAnalyzer.scala. Using presentation compiler with project's scala-library version: 3.3.6
2025.10.08 01:10:32 INFO  no build target found for /home/alex/IdeaProjects/ILang/src/main/scala/parser/SyntaxAnalyzer.scala. Using presentation compiler with project's scala-library version: 3.3.6
Oct 08, 2025 1:10:32 AM org.eclipse.lsp4j.jsonrpc.RemoteEndpoint handleCancellation
WARNING: Unmatched cancel notification for request id 2545
2025.10.08 01:10:32 INFO  no build target found for /home/alex/IdeaProjects/ILang/src/main/scala/parser/SyntaxAnalyzer.scala. Using presentation compiler with project's scala-library version: 3.3.6
2025.10.08 01:10:32 INFO  no build target found for /home/alex/IdeaProjects/ILang/src/main/scala/parser/SyntaxAnalyzer.scala. Using presentation compiler with project's scala-library version: 3.3.6
2025.10.08 01:10:32 INFO  no build target found for /home/alex/IdeaProjects/ILang/src/main/scala/parser/SyntaxAnalyzer.scala. Using presentation compiler with project's scala-library version: 3.3.6
2025.10.08 01:10:32 INFO  no build target found for /home/alex/IdeaProjects/ILang/src/main/scala/parser/SyntaxAnalyzer.scala. Using presentation compiler with project's scala-library version: 3.3.6
2025.10.08 01:10:32 INFO  no build target found for /home/alex/IdeaProjects/ILang/src/main/scala/parser/SyntaxAnalyzer.scala. Using presentation compiler with project's scala-library version: 3.3.6
2025.10.08 01:10:32 INFO  no build target found for /home/alex/IdeaProjects/ILang/src/main/scala/parser/SyntaxAnalyzer.scala. Using presentation compiler with project's scala-library version: 3.3.6
2025.10.08 01:10:32 INFO  no build target found for /home/alex/IdeaProjects/ILang/src/main/scala/parser/SyntaxAnalyzer.scala. Using presentation compiler with project's scala-library version: 3.3.6
2025.10.08 01:10:32 INFO  no build target found for /home/alex/IdeaProjects/ILang/src/main/scala/parser/SyntaxAnalyzer.scala. Using presentation compiler with project's scala-library version: 3.3.6
2025.10.08 01:10:32 INFO  no build target found for /home/alex/IdeaProjects/ILang/src/main/scala/parser/SyntaxAnalyzer.scala. Using presentation compiler with project's scala-library version: 3.3.6
2025.10.08 01:10:32 INFO  no build target found for /home/alex/IdeaProjects/ILang/src/main/scala/parser/SyntaxAnalyzer.scala. Using presentation compiler with project's scala-library version: 3.3.6
2025.10.08 01:10:32 INFO  no build target found for /home/alex/IdeaProjects/ILang/src/main/scala/parser/SyntaxAnalyzer.scala. Using presentation compiler with project's scala-library version: 3.3.6
2025.10.08 01:10:33 INFO  no build target found for /home/alex/IdeaProjects/ILang/src/main/scala/parser/SyntaxAnalyzer.scala. Using presentation compiler with project's scala-library version: 3.3.6
2025.10.08 01:10:33 INFO  no build target found for /home/alex/IdeaProjects/ILang/src/main/scala/parser/SyntaxAnalyzer.scala. Using presentation compiler with project's scala-library version: 3.3.6
2025.10.08 01:10:33 INFO  no build target found for /home/alex/IdeaProjects/ILang/src/main/scala/parser/SyntaxAnalyzer.scala. Using presentation compiler with project's scala-library version: 3.3.6
Oct 08, 2025 1:10:33 AM org.eclipse.lsp4j.jsonrpc.RemoteEndpoint handleCancellation
WARNING: Unmatched cancel notification for request id 2557
2025.10.08 01:10:33 INFO  no build target found for /home/alex/IdeaProjects/ILang/src/main/scala/parser/SyntaxAnalyzer.scala. Using presentation compiler with project's scala-library version: 3.3.6
2025.10.08 01:10:33 INFO  no build target found for /home/alex/IdeaProjects/ILang/src/main/scala/parser/SyntaxAnalyzer.scala. Using presentation compiler with project's scala-library version: 3.3.6
2025.10.08 01:10:33 INFO  no build target found for /home/alex/IdeaProjects/ILang/src/main/scala/parser/SyntaxAnalyzer.scala. Using presentation compiler with project's scala-library version: 3.3.6
2025.10.08 01:10:33 INFO  no build target found for /home/alex/IdeaProjects/ILang/src/main/scala/parser/SyntaxAnalyzer.scala. Using presentation compiler with project's scala-library version: 3.3.6
2025.10.08 01:10:33 INFO  no build target found for /home/alex/IdeaProjects/ILang/src/main/scala/parser/SyntaxAnalyzer.scala. Using presentation compiler with project's scala-library version: 3.3.6
2025.10.08 01:10:33 INFO  no build target found for /home/alex/IdeaProjects/ILang/src/main/scala/parser/SyntaxAnalyzer.scala. Using presentation compiler with project's scala-library version: 3.3.6
2025.10.08 01:10:33 INFO  no build target found for /home/alex/IdeaProjects/ILang/src/main/scala/parser/SyntaxAnalyzer.scala. Using presentation compiler with project's scala-library version: 3.3.6
2025.10.08 01:10:33 INFO  no build target found for /home/alex/IdeaProjects/ILang/src/main/scala/parser/SyntaxAnalyzer.scala. Using presentation compiler with project's scala-library version: 3.3.6
2025.10.08 01:10:32 INFO  no build target found for /home/alex/IdeaProjects/ILang/src/main/scala/parser/SyntaxAnalyzer.scala. Using presentation compiler with project's scala-library version: 3.3.6
2025.10.08 01:10:33 INFO  no build target found for /home/alex/IdeaProjects/ILang/src/main/scala/parser/SyntaxAnalyzer.scala. Using presentation compiler with project's scala-library version: 3.3.6
Oct 08, 2025 1:10:33 AM org.eclipse.lsp4j.jsonrpc.RemoteEndpoint handleCancellation
WARNING: Unmatched cancel notification for request id 2565
2025.10.08 01:10:33 INFO  no build target found for /home/alex/IdeaProjects/ILang/src/main/scala/parser/SyntaxAnalyzer.scala. Using presentation compiler with project's scala-library version: 3.3.6
Oct 08, 2025 1:10:33 AM org.eclipse.lsp4j.jsonrpc.RemoteEndpoint handleCancellation
WARNING: Unmatched cancel notification for request id 2566
2025.10.08 01:10:33 INFO  no build target found for /home/alex/IdeaProjects/ILang/src/main/scala/parser/SyntaxAnalyzer.scala. Using presentation compiler with project's scala-library version: 3.3.6
2025.10.08 01:10:33 INFO  no build target found for /home/alex/IdeaProjects/ILang/src/main/scala/parser/SyntaxAnalyzer.scala. Using presentation compiler with project's scala-library version: 3.3.6
2025.10.08 01:10:33 INFO  no build target found for /home/alex/IdeaProjects/ILang/src/main/scala/parser/SyntaxAnalyzer.scala. Using presentation compiler with project's scala-library version: 3.3.6
2025.10.08 01:10:33 INFO  no build target found for /home/alex/IdeaProjects/ILang/src/main/scala/parser/SyntaxAnalyzer.scala. Using presentation compiler with project's scala-library version: 3.3.6
2025.10.08 01:10:34 INFO  no build target found for /home/alex/IdeaProjects/ILang/src/main/scala/parser/SyntaxAnalyzer.scala. Using presentation compiler with project's scala-library version: 3.3.6
2025.10.08 01:10:33 INFO  no build target found for /home/alex/IdeaProjects/ILang/src/main/scala/parser/SyntaxAnalyzer.scala. Using presentation compiler with project's scala-library version: 3.3.6
2025.10.08 01:10:34 INFO  no build target found for /home/alex/IdeaProjects/ILang/src/main/scala/parser/SyntaxAnalyzer.scala. Using presentation compiler with project's scala-library version: 3.3.6
2025.10.08 01:10:34 INFO  no build target found for /home/alex/IdeaProjects/ILang/src/main/scala/parser/SyntaxAnalyzer.scala. Using presentation compiler with project's scala-library version: 3.3.6
2025.10.08 01:10:34 INFO  no build target found for /home/alex/IdeaProjects/ILang/src/main/scala/parser/SyntaxAnalyzer.scala. Using presentation compiler with project's scala-library version: 3.3.6
2025.10.08 01:10:34 INFO  no build target found for /home/alex/IdeaProjects/ILang/src/main/scala/parser/SyntaxAnalyzer.scala. Using presentation compiler with project's scala-library version: 3.3.6
2025.10.08 01:10:34 INFO  no build target found for /home/alex/IdeaProjects/ILang/src/main/scala/parser/SyntaxAnalyzer.scala. Using presentation compiler with project's scala-library version: 3.3.6
Oct 08, 2025 1:10:34 AM org.eclipse.lsp4j.jsonrpc.RemoteEndpoint handleCancellation
WARNING: Unmatched cancel notification for request id 2576
2025.10.08 01:10:34 INFO  no build target found for /home/alex/IdeaProjects/ILang/src/main/scala/parser/SyntaxAnalyzer.scala. Using presentation compiler with project's scala-library version: 3.3.6
2025.10.08 01:10:34 INFO  no build target found for /home/alex/IdeaProjects/ILang/src/main/scala/parser/SyntaxAnalyzer.scala. Using presentation compiler with project's scala-library version: 3.3.6
2025.10.08 01:10:34 INFO  no build target found for /home/alex/IdeaProjects/ILang/src/main/scala/parser/SyntaxAnalyzer.scala. Using presentation compiler with project's scala-library version: 3.3.6
2025.10.08 01:10:34 INFO  no build target found for /home/alex/IdeaProjects/ILang/src/main/scala/parser/SyntaxAnalyzer.scala. Using presentation compiler with project's scala-library version: 3.3.6
2025.10.08 01:10:34 INFO  no build target found for /home/alex/IdeaProjects/ILang/src/main/scala/parser/SyntaxAnalyzer.scala. Using presentation compiler with project's scala-library version: 3.3.6
2025.10.08 01:10:34 INFO  no build target found for /home/alex/IdeaProjects/ILang/src/main/scala/parser/SyntaxAnalyzer.scala. Using presentation compiler with project's scala-library version: 3.3.6
2025.10.08 01:10:34 INFO  no build target found for /home/alex/IdeaProjects/ILang/src/main/scala/parser/SyntaxAnalyzer.scala. Using presentation compiler with project's scala-library version: 3.3.6
2025.10.08 01:10:34 INFO  no build target found for /home/alex/IdeaProjects/ILang/src/main/scala/parser/SyntaxAnalyzer.scala. Using presentation compiler with project's scala-library version: 3.3.6
2025.10.08 01:10:34 INFO  no build target found for /home/alex/IdeaProjects/ILang/src/main/scala/parser/SyntaxAnalyzer.scala. Using presentation compiler with project's scala-library version: 3.3.6
2025.10.08 01:10:34 INFO  no build target found for /home/alex/IdeaProjects/ILang/src/main/scala/parser/SyntaxAnalyzer.scala. Using presentation compiler with project's scala-library version: 3.3.6
2025.10.08 01:10:34 INFO  no build target found for /home/alex/IdeaProjects/ILang/src/main/scala/parser/SyntaxAnalyzer.scala. Using presentation compiler with project's scala-library version: 3.3.6
2025.10.08 01:10:34 INFO  no build target found for /home/alex/IdeaProjects/ILang/src/main/scala/parser/SyntaxAnalyzer.scala. Using presentation compiler with project's scala-library version: 3.3.6
2025.10.08 01:10:34 INFO  no build target found for /home/alex/IdeaProjects/ILang/src/main/scala/parser/SyntaxAnalyzer.scala. Using presentation compiler with project's scala-library version: 3.3.6
2025.10.08 01:10:34 INFO  no build target found for /home/alex/IdeaProjects/ILang/src/main/scala/parser/SyntaxAnalyzer.scala. Using presentation compiler with project's scala-library version: 3.3.6
Oct 08, 2025 1:10:35 AM org.eclipse.lsp4j.jsonrpc.RemoteEndpoint handleCancellation
WARNING: Unmatched cancel notification for request id 2591
2025.10.08 01:10:34 INFO  no build target found for /home/alex/IdeaProjects/ILang/src/main/scala/parser/SyntaxAnalyzer.scala. Using presentation compiler with project's scala-library version: 3.3.6
2025.10.08 01:10:34 INFO  no build target found for /home/alex/IdeaProjects/ILang/src/main/scala/parser/SyntaxAnalyzer.scala. Using presentation compiler with project's scala-library version: 3.3.6
2025.10.08 01:10:34 INFO  no build target found for /home/alex/IdeaProjects/ILang/src/main/scala/parser/SyntaxAnalyzer.scala. Using presentation compiler with project's scala-library version: 3.3.6
2025.10.08 01:10:35 WARN  no build target for: /home/alex/IdeaProjects/ILang/src/main/scala/parser/SyntaxAnalyzer.scala
2025.10.08 01:10:34 INFO  no build target found for /home/alex/IdeaProjects/ILang/src/main/scala/parser/SyntaxAnalyzer.scala. Using presentation compiler with project's scala-library version: 3.3.6
2025.10.08 01:10:34 INFO  no build target found for /home/alex/IdeaProjects/ILang/src/main/scala/parser/SyntaxAnalyzer.scala. Using presentation compiler with project's scala-library version: 3.3.6
2025.10.08 01:10:35 INFO  Shutting down server
2025.10.08 01:10:35 INFO  shutting down Metals
2025.10.08 01:10:35 INFO  Exiting server
2025.10.08 01:10:35 ERROR Unexpected error initializing server: 
org.eclipse.lsp4j.jsonrpc.ResponseErrorException: Request window/showMessageRequest failed with message: Canceled
	at org.eclipse.lsp4j.jsonrpc.RemoteEndpoint.handleResponse(RemoteEndpoint.java:220)
	at org.eclipse.lsp4j.jsonrpc.RemoteEndpoint.consume(RemoteEndpoint.java:204)
	at org.eclipse.lsp4j.jsonrpc.json.StreamMessageProducer.handleMessage(StreamMessageProducer.java:185)
	at org.eclipse.lsp4j.jsonrpc.json.StreamMessageProducer.listen(StreamMessageProducer.java:97)
	at org.eclipse.lsp4j.jsonrpc.json.ConcurrentMessageProcessor.run(ConcurrentMessageProcessor.java:114)
	at java.util.concurrent.Executors$RunnableAdapter.call(Executors.java:572)
	at java.util.concurrent.FutureTask.run(FutureTask.java:317)
	at java.util.concurrent.ThreadPoolExecutor.runWorker(ThreadPoolExecutor.java:1144)
	at java.util.concurrent.ThreadPoolExecutor$Worker.run(ThreadPoolExecutor.java:642)
	at java.lang.Thread.run(Thread.java:1583)

2025.10.08 01:22:46 INFO  Started: Metals version 1.6.2 in folders '/home/alex/IdeaProjects/ILang' for client VSCodium 1.99.12392.
2025.10.08 01:22:46 INFO  no build target found for /home/alex/IdeaProjects/ILang/src/main/scala/parser/SyntaxAnalyzer.scala. Using presentation compiler with project's scala-library version: 3.3.6
2025.10.08 01:22:49 INFO  no build target found for /home/alex/IdeaProjects/ILang/src/main/scala/parser/SyntaxAnalyzer.scala. Using presentation compiler with project's scala-library version: 3.3.6
2025.10.08 01:22:52 WARN  no build target for: /home/alex/IdeaProjects/ILang/src/main/scala/parser/SyntaxAnalyzer.scala
2025.10.08 01:22:52 INFO  no build target found for /home/alex/IdeaProjects/ILang/src/main/scala/parser/SyntaxAnalyzer.scala. Using presentation compiler with project's scala-library version: 3.3.6
2025.10.08 01:22:52 INFO  no build target found for /home/alex/IdeaProjects/ILang/src/main/scala/parser/SyntaxAnalyzer.scala. Using presentation compiler with project's scala-library version: 3.3.6
2025.10.08 01:22:53 INFO  no build target found for /home/alex/IdeaProjects/ILang/src/main/scala/parser/SyntaxAnalyzer.scala. Using presentation compiler with project's scala-library version: 3.3.6
2025.10.08 01:22:54 INFO  no build target found for /home/alex/IdeaProjects/ILang/src/main/scala/parser/SyntaxAnalyzer.scala. Using presentation compiler with project's scala-library version: 3.3.6
2025.10.08 01:22:55 INFO  no build target found for /home/alex/IdeaProjects/ILang/src/main/scala/parser/SyntaxAnalyzer.scala. Using presentation compiler with project's scala-library version: 3.3.6
2025.10.08 01:22:56 INFO  Shutting down server
2025.10.08 01:22:56 INFO  shutting down Metals
2025.10.08 01:22:56 INFO  Exiting server
2025.10.11 19:12:31 INFO  Started: Metals version 1.6.2 in folders '/home/alex/IdeaProjects/ILang' for client VSCodium 1.99.12392.
2025.10.11 19:12:32 INFO  no build target found for /home/alex/IdeaProjects/ILang/src/main/scala/parser/SyntaxAnalyzer.scala. Using presentation compiler with project's scala-library version: 3.3.6
2025.10.11 19:13:28 INFO  no build target found for /home/alex/IdeaProjects/ILang/src/main/scala/parser/parsers/TypeParser.scala. Using presentation compiler with project's scala-library version: 3.3.6
2025.10.11 19:13:28 INFO  no build target found for /home/alex/IdeaProjects/ILang/src/main/scala/parser/parsers/TypeParser.scala. Using presentation compiler with project's scala-library version: 3.3.6
2025.10.11 19:13:32 INFO  no build target found for /home/alex/IdeaProjects/ILang/src/main/scala/parser/parsers/ParserState.scala. Using presentation compiler with project's scala-library version: 3.3.6
2025.10.11 19:13:32 INFO  no build target found for /home/alex/IdeaProjects/ILang/src/main/scala/parser/parsers/ParserState.scala. Using presentation compiler with project's scala-library version: 3.3.6
2025.10.11 19:13:33 INFO  no build target found for /home/alex/IdeaProjects/ILang/src/main/scala/parser/parsers/ParserCombinators.scala. Using presentation compiler with project's scala-library version: 3.3.6
2025.10.11 19:13:33 INFO  no build target found for /home/alex/IdeaProjects/ILang/src/main/scala/parser/parsers/ParserCombinators.scala. Using presentation compiler with project's scala-library version: 3.3.6
2025.10.11 19:13:34 INFO  no build target found for /home/alex/IdeaProjects/ILang/src/main/scala/parser/parsers/Parser.scala. Using presentation compiler with project's scala-library version: 3.3.6
2025.10.11 19:13:34 INFO  no build target found for /home/alex/IdeaProjects/ILang/src/main/scala/parser/parsers/Parser.scala. Using presentation compiler with project's scala-library version: 3.3.6
2025.10.11 19:13:34 INFO  no build target found for /home/alex/IdeaProjects/ILang/src/main/scala/parser/parsers/Parser.scala. Using presentation compiler with project's scala-library version: 3.3.6
2025.10.11 19:13:34 INFO  no build target found for /home/alex/IdeaProjects/ILang/src/main/scala/parser/parsers/ExpressionParser.scala. Using presentation compiler with project's scala-library version: 3.3.6
2025.10.11 19:13:35 INFO  no build target found for /home/alex/IdeaProjects/ILang/src/main/scala/parser/parsers/ExpressionParser.scala. Using presentation compiler with project's scala-library version: 3.3.6
2025.10.11 19:13:36 INFO  no build target found for /home/alex/IdeaProjects/ILang/src/main/scala/parser/parsers/DeclarationParser.scala. Using presentation compiler with project's scala-library version: 3.3.6
2025.10.11 19:13:36 INFO  no build target found for /home/alex/IdeaProjects/ILang/src/main/scala/parser/parsers/DeclarationParser.scala. Using presentation compiler with project's scala-library version: 3.3.6
2025.10.11 19:13:36 INFO  no build target found for /home/alex/IdeaProjects/ILang/src/main/scala/parser/parsers/ExpressionParser.scala. Using presentation compiler with project's scala-library version: 3.3.6
2025.10.11 19:13:37 INFO  no build target found for /home/alex/IdeaProjects/ILang/src/main/scala/parser/parsers/ExpressionParser.scala. Using presentation compiler with project's scala-library version: 3.3.6
2025.10.11 19:13:46 INFO  no build target found for /home/alex/IdeaProjects/ILang/src/main/scala/parser/parsers/ExpressionParser.scala. Using presentation compiler with project's scala-library version: 3.3.6
2025.10.11 19:13:57 INFO  no build target found for /home/alex/IdeaProjects/ILang/src/main/scala/parser/parsers/ExpressionParser.scala. Using presentation compiler with project's scala-library version: 3.3.6
2025.10.11 19:13:57 INFO  no build target found for /home/alex/IdeaProjects/ILang/src/main/scala/parser/parsers/ExpressionParser.scala. Using presentation compiler with project's scala-library version: 3.3.6
2025.10.11 19:13:57 INFO  no build target found for /home/alex/IdeaProjects/ILang/src/main/scala/parser/parsers/ExpressionParser.scala. Using presentation compiler with project's scala-library version: 3.3.6
2025.10.11 19:13:57 INFO  no build target found for /home/alex/IdeaProjects/ILang/src/main/scala/parser/parsers/ExpressionParser.scala. Using presentation compiler with project's scala-library version: 3.3.6
2025.10.11 19:13:59 INFO  no build target found for /home/alex/IdeaProjects/ILang/src/main/scala/parser/parsers/ExpressionParser.scala. Using presentation compiler with project's scala-library version: 3.3.6
2025.10.11 19:14:03 WARN  no build target for: /home/alex/IdeaProjects/ILang/src/main/scala/parser/parsers/Parser.scala
2025.10.11 19:14:03 INFO  no build target found for /home/alex/IdeaProjects/ILang/src/main/scala/parser/parsers/Parser.scala. Using presentation compiler with project's scala-library version: 3.3.6
2025.10.11 19:14:03 INFO  no build target found for /home/alex/IdeaProjects/ILang/src/main/scala/parser/parsers/Parser.scala. Using presentation compiler with project's scala-library version: 3.3.6
2025.10.11 19:14:03 INFO  no build target found for /home/alex/IdeaProjects/ILang/src/main/scala/parser/parsers/Parser.scala. Using presentation compiler with project's scala-library version: 3.3.6
2025.10.11 19:14:05 INFO  no build target found for /home/alex/IdeaProjects/ILang/src/main/scala/parser/parsers/Parser.scala. Using presentation compiler with project's scala-library version: 3.3.6
2025.10.11 19:14:09 INFO  no build target found for /home/alex/IdeaProjects/ILang/src/main/scala/parser/parsers/Parser.scala. Using presentation compiler with project's scala-library version: 3.3.6
2025.10.11 19:14:21 WARN  no build target for: /home/alex/IdeaProjects/ILang/src/main/scala/parser/parsers/TypeParser.scala
2025.10.11 19:14:21 INFO  no build target found for /home/alex/IdeaProjects/ILang/src/main/scala/parser/parsers/TypeParser.scala. Using presentation compiler with project's scala-library version: 3.3.6
2025.10.11 19:14:21 INFO  no build target found for /home/alex/IdeaProjects/ILang/src/main/scala/parser/parsers/TypeParser.scala. Using presentation compiler with project's scala-library version: 3.3.6
2025.10.11 19:14:21 WARN  no build target for: /home/alex/IdeaProjects/ILang/src/main/scala/parser/parsers/ParserState.scala
2025.10.11 19:14:21 INFO  no build target found for /home/alex/IdeaProjects/ILang/src/main/scala/parser/parsers/ParserState.scala. Using presentation compiler with project's scala-library version: 3.3.6
2025.10.11 19:14:21 INFO  no build target found for /home/alex/IdeaProjects/ILang/src/main/scala/parser/parsers/ParserState.scala. Using presentation compiler with project's scala-library version: 3.3.6
2025.10.11 19:14:30 WARN  no build target for: /home/alex/IdeaProjects/ILang/src/main/scala/parser/parsers/ParserCombinators.scala
2025.10.11 19:14:30 INFO  no build target found for /home/alex/IdeaProjects/ILang/src/main/scala/parser/parsers/ParserCombinators.scala. Using presentation compiler with project's scala-library version: 3.3.6
2025.10.11 19:14:30 INFO  no build target found for /home/alex/IdeaProjects/ILang/src/main/scala/parser/parsers/ParserCombinators.scala. Using presentation compiler with project's scala-library version: 3.3.6
2025.10.11 19:14:43 INFO  no build target found for /home/alex/IdeaProjects/ILang/src/main/scala/parser/parsers/ExpressionParser.scala. Using presentation compiler with project's scala-library version: 3.3.6
2025.10.11 19:14:43 INFO  no build target found for /home/alex/IdeaProjects/ILang/src/main/scala/parser/parsers/DeclarationParser.scala. Using presentation compiler with project's scala-library version: 3.3.6
2025.10.11 19:14:43 INFO  no build target found for /home/alex/IdeaProjects/ILang/src/main/scala/parser/parsers/TypeParser.scala. Using presentation compiler with project's scala-library version: 3.3.6
2025.10.11 19:14:45 WARN  no build target for: /home/alex/IdeaProjects/ILang/src/main/scala/parser/SyntaxAnalyzer.scala
2025.10.11 19:14:45 INFO  no build target found for /home/alex/IdeaProjects/ILang/src/main/scala/parser/SyntaxAnalyzer.scala. Using presentation compiler with project's scala-library version: 3.3.6
2025.10.11 19:14:45 INFO  no build target found for /home/alex/IdeaProjects/ILang/src/main/scala/parser/SyntaxAnalyzer.scala. Using presentation compiler with project's scala-library version: 3.3.6
2025.10.11 19:14:50 INFO  no build target found for /home/alex/IdeaProjects/ILang/src/main/scala/parser/SyntaxAnalyzer.scala. Using presentation compiler with project's scala-library version: 3.3.6
2025.10.11 19:14:54 INFO  no build target found for /home/alex/IdeaProjects/ILang/src/main/scala/parser/SyntaxAnalyzer.scala. Using presentation compiler with project's scala-library version: 3.3.6
2025.10.11 19:15:02 INFO  no build target found for /home/alex/IdeaProjects/ILang/src/main/scala/parser/SyntaxAnalyzer.scala. Using presentation compiler with project's scala-library version: 3.3.6
2025.10.11 19:15:02 INFO  no build target found for /home/alex/IdeaProjects/ILang/src/main/scala/parser/SyntaxAnalyzer.scala. Using presentation compiler with project's scala-library version: 3.3.6
2025.10.11 19:15:02 INFO  no build target found for /home/alex/IdeaProjects/ILang/src/main/scala/parser/SyntaxAnalyzer.scala. Using presentation compiler with project's scala-library version: 3.3.6
2025.10.11 19:15:02 INFO  no build target found for /home/alex/IdeaProjects/ILang/src/main/scala/parser/SyntaxAnalyzer.scala. Using presentation compiler with project's scala-library version: 3.3.6
2025.10.11 19:15:02 INFO  no build target found for /home/alex/IdeaProjects/ILang/src/main/scala/parser/SyntaxAnalyzer.scala. Using presentation compiler with project's scala-library version: 3.3.6
2025.10.11 19:15:03 INFO  no build target found for /home/alex/IdeaProjects/ILang/src/main/scala/parser/SyntaxAnalyzer.scala. Using presentation compiler with project's scala-library version: 3.3.6
2025.10.11 19:15:03 INFO  no build target found for /home/alex/IdeaProjects/ILang/src/main/scala/parser/SyntaxAnalyzer.scala. Using presentation compiler with project's scala-library version: 3.3.6
2025.10.11 19:15:04 INFO  no build target found for /home/alex/IdeaProjects/ILang/src/main/scala/parser/SyntaxAnalyzer.scala. Using presentation compiler with project's scala-library version: 3.3.6
2025.10.11 19:15:05 INFO  no build target found for /home/alex/IdeaProjects/ILang/src/main/scala/parser/SyntaxAnalyzer.scala. Using presentation compiler with project's scala-library version: 3.3.6
2025.10.11 19:15:05 INFO  no build target found for /home/alex/IdeaProjects/ILang/src/main/scala/parser/SyntaxAnalyzer.scala. Using presentation compiler with project's scala-library version: 3.3.6
2025.10.11 19:15:06 INFO  no build target found for /home/alex/IdeaProjects/ILang/src/main/scala/parser/SyntaxAnalyzer.scala. Using presentation compiler with project's scala-library version: 3.3.6
2025.10.11 19:15:06 INFO  no build target found for /home/alex/IdeaProjects/ILang/src/main/scala/parser/SyntaxAnalyzer.scala. Using presentation compiler with project's scala-library version: 3.3.6
2025.10.11 19:15:07 INFO  no build target found for /home/alex/IdeaProjects/ILang/src/main/scala/parser/SyntaxAnalyzer.scala. Using presentation compiler with project's scala-library version: 3.3.6
2025.10.11 19:15:07 WARN  no build target for: /home/alex/IdeaProjects/ILang/src/main/scala/parser/SyntaxAnalyzer.scala
2025.10.11 19:15:07 INFO  no build target found for /home/alex/IdeaProjects/ILang/src/main/scala/parser/SyntaxAnalyzer.scala. Using presentation compiler with project's scala-library version: 3.3.6
2025.10.11 19:15:07 INFO  no build target found for /home/alex/IdeaProjects/ILang/src/main/scala/parser/SyntaxAnalyzer.scala. Using presentation compiler with project's scala-library version: 3.3.6
2025.10.11 19:15:07 INFO  no build target found for /home/alex/IdeaProjects/ILang/src/main/scala/parser/SyntaxAnalyzer.scala. Using presentation compiler with project's scala-library version: 3.3.6
2025.10.11 19:15:09 INFO  no build target found for /home/alex/IdeaProjects/ILang/src/main/scala/parser/SyntaxAnalyzer.scala. Using presentation compiler with project's scala-library version: 3.3.6
2025.10.11 19:15:09 INFO  no build target found for /home/alex/IdeaProjects/ILang/src/main/scala/parser/SyntaxAnalyzer.scala. Using presentation compiler with project's scala-library version: 3.3.6
2025.10.11 19:15:09 INFO  no build target found for /home/alex/IdeaProjects/ILang/src/main/scala/parser/SyntaxAnalyzer.scala. Using presentation compiler with project's scala-library version: 3.3.6
2025.10.11 19:15:10 INFO  no build target found for /home/alex/IdeaProjects/ILang/src/main/scala/parser/SyntaxAnalyzer.scala. Using presentation compiler with project's scala-library version: 3.3.6
2025.10.11 19:15:10 WARN  no build target for: /home/alex/IdeaProjects/ILang/src/main/scala/parser/SyntaxAnalyzer.scala
2025.10.11 19:15:10 INFO  no build target found for /home/alex/IdeaProjects/ILang/src/main/scala/parser/SyntaxAnalyzer.scala. Using presentation compiler with project's scala-library version: 3.3.6
2025.10.11 19:15:09 INFO  no build target found for /home/alex/IdeaProjects/ILang/src/main/scala/parser/SyntaxAnalyzer.scala. Using presentation compiler with project's scala-library version: 3.3.6
2025.10.11 19:15:11 INFO  no build target found for /home/alex/IdeaProjects/ILang/src/main/scala/parser/SyntaxAnalyzer.scala. Using presentation compiler with project's scala-library version: 3.3.6
2025.10.11 19:15:13 INFO  no build target found for /home/alex/IdeaProjects/ILang/src/main/scala/parser/SyntaxAnalyzer.scala. Using presentation compiler with project's scala-library version: 3.3.6
2025.10.11 19:15:13 INFO  no build target found for /home/alex/IdeaProjects/ILang/src/main/scala/parser/SyntaxAnalyzer.scala. Using presentation compiler with project's scala-library version: 3.3.6
2025.10.11 19:15:13 INFO  no build target found for /home/alex/IdeaProjects/ILang/src/main/scala/parser/SyntaxAnalyzer.scala. Using presentation compiler with project's scala-library version: 3.3.6
2025.10.11 19:15:14 INFO  no build target found for /home/alex/IdeaProjects/ILang/src/main/scala/parser/SyntaxAnalyzer.scala. Using presentation compiler with project's scala-library version: 3.3.6
2025.10.11 19:15:14 WARN  no build target for: /home/alex/IdeaProjects/ILang/src/main/scala/parser/SyntaxAnalyzer.scala
2025.10.11 19:15:14 INFO  no build target found for /home/alex/IdeaProjects/ILang/src/main/scala/parser/SyntaxAnalyzer.scala. Using presentation compiler with project's scala-library version: 3.3.6
2025.10.11 19:15:15 INFO  no build target found for /home/alex/IdeaProjects/ILang/src/main/scala/parser/SyntaxAnalyzer.scala. Using presentation compiler with project's scala-library version: 3.3.6
2025.10.11 19:15:16 INFO  no build target found for /home/alex/IdeaProjects/ILang/src/main/scala/parser/SyntaxAnalyzer.scala. Using presentation compiler with project's scala-library version: 3.3.6
2025.10.11 19:15:18 INFO  no build target found for /home/alex/IdeaProjects/ILang/src/main/scala/parser/SyntaxAnalyzer.scala. Using presentation compiler with project's scala-library version: 3.3.6
2025.10.11 19:15:18 INFO  no build target found for /home/alex/IdeaProjects/ILang/src/main/scala/parser/SyntaxAnalyzer.scala. Using presentation compiler with project's scala-library version: 3.3.6
2025.10.11 19:15:18 INFO  no build target found for /home/alex/IdeaProjects/ILang/src/main/scala/parser/SyntaxAnalyzer.scala. Using presentation compiler with project's scala-library version: 3.3.6
2025.10.11 19:15:19 INFO  no build target found for /home/alex/IdeaProjects/ILang/src/main/scala/parser/SyntaxAnalyzer.scala. Using presentation compiler with project's scala-library version: 3.3.6
2025.10.11 19:15:19 INFO  no build target found for /home/alex/IdeaProjects/ILang/src/main/scala/parser/SyntaxAnalyzer.scala. Using presentation compiler with project's scala-library version: 3.3.6
2025.10.11 19:15:19 INFO  no build target found for /home/alex/IdeaProjects/ILang/src/main/scala/parser/SyntaxAnalyzer.scala. Using presentation compiler with project's scala-library version: 3.3.6
2025.10.11 19:15:19 INFO  no build target found for /home/alex/IdeaProjects/ILang/src/main/scala/parser/SyntaxAnalyzer.scala. Using presentation compiler with project's scala-library version: 3.3.6
2025.10.11 19:15:20 WARN  no build target for: /home/alex/IdeaProjects/ILang/src/main/scala/parser/SyntaxAnalyzer.scala
2025.10.11 19:15:20 INFO  no build target found for /home/alex/IdeaProjects/ILang/src/main/scala/parser/SyntaxAnalyzer.scala. Using presentation compiler with project's scala-library version: 3.3.6
2025.10.11 19:15:20 INFO  no build target found for /home/alex/IdeaProjects/ILang/src/main/scala/parser/SyntaxAnalyzer.scala. Using presentation compiler with project's scala-library version: 3.3.6
2025.10.11 19:15:20 INFO  no build target found for /home/alex/IdeaProjects/ILang/src/main/scala/parser/SyntaxAnalyzer.scala. Using presentation compiler with project's scala-library version: 3.3.6
2025.10.11 19:15:20 INFO  no build target found for /home/alex/IdeaProjects/ILang/src/main/scala/parser/SyntaxAnalyzer.scala. Using presentation compiler with project's scala-library version: 3.3.6
2025.10.11 19:15:20 INFO  no build target found for /home/alex/IdeaProjects/ILang/src/main/scala/parser/SyntaxAnalyzer.scala. Using presentation compiler with project's scala-library version: 3.3.6
2025.10.11 19:15:20 INFO  no build target found for /home/alex/IdeaProjects/ILang/src/main/scala/parser/SyntaxAnalyzer.scala. Using presentation compiler with project's scala-library version: 3.3.6
2025.10.11 19:15:20 INFO  no build target found for /home/alex/IdeaProjects/ILang/src/main/scala/parser/SyntaxAnalyzer.scala. Using presentation compiler with project's scala-library version: 3.3.6
2025.10.11 19:15:21 INFO  no build target found for /home/alex/IdeaProjects/ILang/src/main/scala/parser/SyntaxAnalyzer.scala. Using presentation compiler with project's scala-library version: 3.3.6
2025.10.11 19:15:21 INFO  no build target found for /home/alex/IdeaProjects/ILang/src/main/scala/parser/SyntaxAnalyzer.scala. Using presentation compiler with project's scala-library version: 3.3.6
2025.10.11 19:15:22 INFO  no build target found for /home/alex/IdeaProjects/ILang/src/main/scala/parser/SyntaxAnalyzer.scala. Using presentation compiler with project's scala-library version: 3.3.6
2025.10.11 19:15:22 INFO  no build target found for /home/alex/IdeaProjects/ILang/src/main/scala/parser/SyntaxAnalyzer.scala. Using presentation compiler with project's scala-library version: 3.3.6
2025.10.11 19:15:23 INFO  no build target found for /home/alex/IdeaProjects/ILang/src/main/scala/parser/SyntaxAnalyzer.scala. Using presentation compiler with project's scala-library version: 3.3.6
2025.10.11 19:15:23 INFO  no build target found for /home/alex/IdeaProjects/ILang/src/main/scala/parser/SyntaxAnalyzer.scala. Using presentation compiler with project's scala-library version: 3.3.6
2025.10.11 19:15:23 WARN  no build target for: /home/alex/IdeaProjects/ILang/src/main/scala/parser/SyntaxAnalyzer.scala
2025.10.11 19:15:23 INFO  no build target found for /home/alex/IdeaProjects/ILang/src/main/scala/parser/SyntaxAnalyzer.scala. Using presentation compiler with project's scala-library version: 3.3.6
2025.10.11 19:15:23 INFO  no build target found for /home/alex/IdeaProjects/ILang/src/main/scala/parser/SyntaxAnalyzer.scala. Using presentation compiler with project's scala-library version: 3.3.6
2025.10.11 19:15:23 INFO  no build target found for /home/alex/IdeaProjects/ILang/src/main/scala/parser/SyntaxAnalyzer.scala. Using presentation compiler with project's scala-library version: 3.3.6
2025.10.11 19:15:26 INFO  no build target found for /home/alex/IdeaProjects/ILang/src/main/scala/parser/SyntaxAnalyzer.scala. Using presentation compiler with project's scala-library version: 3.3.6
2025.10.11 19:15:26 INFO  no build target found for /home/alex/IdeaProjects/ILang/src/main/scala/parser/SyntaxAnalyzer.scala. Using presentation compiler with project's scala-library version: 3.3.6
2025.10.11 19:15:26 INFO  no build target found for /home/alex/IdeaProjects/ILang/src/main/scala/parser/SyntaxAnalyzer.scala. Using presentation compiler with project's scala-library version: 3.3.6
2025.10.11 19:15:26 INFO  no build target found for /home/alex/IdeaProjects/ILang/src/main/scala/parser/SyntaxAnalyzer.scala. Using presentation compiler with project's scala-library version: 3.3.6
2025.10.11 19:15:27 INFO  no build target found for /home/alex/IdeaProjects/ILang/src/main/scala/parser/SyntaxAnalyzer.scala. Using presentation compiler with project's scala-library version: 3.3.6
2025.10.11 19:15:27 INFO  no build target found for /home/alex/IdeaProjects/ILang/src/main/scala/parser/SyntaxAnalyzer.scala. Using presentation compiler with project's scala-library version: 3.3.6
2025.10.11 19:15:27 WARN  no build target for: /home/alex/IdeaProjects/ILang/src/main/scala/parser/SyntaxAnalyzer.scala
2025.10.11 19:15:27 INFO  no build target found for /home/alex/IdeaProjects/ILang/src/main/scala/parser/SyntaxAnalyzer.scala. Using presentation compiler with project's scala-library version: 3.3.6
2025.10.11 19:15:27 INFO  no build target found for /home/alex/IdeaProjects/ILang/src/main/scala/parser/SyntaxAnalyzer.scala. Using presentation compiler with project's scala-library version: 3.3.6
2025.10.11 19:15:27 WARN  no build target for: /home/alex/IdeaProjects/ILang/src/main/scala/parser/SyntaxAnalyzer.scala
2025.10.11 19:15:27 INFO  no build target found for /home/alex/IdeaProjects/ILang/src/main/scala/parser/SyntaxAnalyzer.scala. Using presentation compiler with project's scala-library version: 3.3.6
2025.10.11 19:15:27 INFO  no build target found for /home/alex/IdeaProjects/ILang/src/main/scala/parser/SyntaxAnalyzer.scala. Using presentation compiler with project's scala-library version: 3.3.6
2025.10.11 19:15:27 INFO  no build target found for /home/alex/IdeaProjects/ILang/src/main/scala/parser/SyntaxAnalyzer.scala. Using presentation compiler with project's scala-library version: 3.3.6
2025.10.11 19:15:33 WARN  no build target for: /home/alex/IdeaProjects/ILang/src/main/scala/parser/parsers/ParserCombinators.scala
2025.10.11 19:15:33 INFO  no build target found for /home/alex/IdeaProjects/ILang/src/main/scala/parser/parsers/ParserCombinators.scala. Using presentation compiler with project's scala-library version: 3.3.6
2025.10.11 19:15:33 INFO  no build target found for /home/alex/IdeaProjects/ILang/src/main/scala/parser/parsers/ParserCombinators.scala. Using presentation compiler with project's scala-library version: 3.3.6
2025.10.11 19:15:34 INFO  no build target found for /home/alex/IdeaProjects/ILang/src/main/scala/parser/parsers/ParserCombinators.scala. Using presentation compiler with project's scala-library version: 3.3.6
2025.10.11 19:15:35 INFO  no build target found for /home/alex/IdeaProjects/ILang/src/main/scala/parser/parsers/ParserCombinators.scala. Using presentation compiler with project's scala-library version: 3.3.6
2025.10.11 19:15:40 INFO  no build target found for /home/alex/IdeaProjects/ILang/src/main/scala/parser/parsers/ParserCombinators.scala. Using presentation compiler with project's scala-library version: 3.3.6
2025.10.11 19:15:44 INFO  no build target found for /home/alex/IdeaProjects/ILang/src/main/scala/parser/parsers/ParserCombinators.scala. Using presentation compiler with project's scala-library version: 3.3.6
2025.10.11 19:15:44 WARN  no build target for: /home/alex/IdeaProjects/ILang/src/main/scala/parser/SyntaxAnalyzer.scala
2025.10.11 19:15:44 INFO  no build target found for /home/alex/IdeaProjects/ILang/src/main/scala/parser/SyntaxAnalyzer.scala. Using presentation compiler with project's scala-library version: 3.3.6
2025.10.11 19:15:44 INFO  no build target found for /home/alex/IdeaProjects/ILang/src/main/scala/parser/SyntaxAnalyzer.scala. Using presentation compiler with project's scala-library version: 3.3.6
2025.10.11 19:15:44 INFO  no build target found for /home/alex/IdeaProjects/ILang/src/main/scala/parser/SyntaxAnalyzer.scala. Using presentation compiler with project's scala-library version: 3.3.6
2025.10.11 19:15:44 INFO  no build target found for /home/alex/IdeaProjects/ILang/src/main/scala/parser/SyntaxAnalyzer.scala. Using presentation compiler with project's scala-library version: 3.3.6
2025.10.11 19:16:02 INFO  no build target found for /home/alex/IdeaProjects/ILang/src/main/scala/parser/SyntaxAnalyzer.scala. Using presentation compiler with project's scala-library version: 3.3.6
2025.10.11 19:16:02 INFO  Shutting down server
2025.10.11 19:16:02 INFO  shutting down Metals
2025.10.11 19:16:02 INFO  Exiting server
